player_id,name,years
babbch01,Charlie Babb,1903-1905
babcobo01,Bob Babcock,1979-1981
babelo01,Loren Babe,1952-1953
babicjo01,Johnny Babich,1934-1941
babinch01,Charlie Babington,1915-1915
babitsh01,Shooty Babitt,1981-1981
bachala01,Lake Bachar,2024-2025
bachmsa01,Sam Bachman,2023-2023
backebr01,Brandon Backe,2002-2009
backmle01,Les Backman,1909-1910
backmwa01,Wally Backman,1980-1993
baconed01,Eddie Bacon,1917-1917
bacsimi01,Mike Bacsik,1975-1980
bacsimi02,Mike Bacsik,2001-2007
bacusda01,Dakota Bacus,2020-2020
baczefr01,Fred Baczewski,1953-1955
baddoak01,Akil Baddoo,2021-2024
badenbu01,Burke Badenhop,2008-2015
baderar01,Art Bader,1904-1904
baderha01,Harrison Bader,2017-2025
baderlo01,Lore Bader,1912-1918
badgrre01,Red Badgro,1929-1930
baeched01,Ed Baecht,1926-1937
baeji01,Ji Hwan Bae,2022-2025
baekch01,Cha-Seung Baek,2004-2008
baergca01,Carlos Baerga,1990-2005
baezbe01,Benito Báez,2001-2001
baezda01,Danys Báez,2001-2011
baezja01,Javier Báez,2014-2025
baezjo01,José Báez,1977-1978
baezju01,Julio Baez,1940-1940
baezke01,Kevin Baez,1990-1993
baezmi01,Michel Báez,2019-2022
baezpe01,Pedro Báez,2014-2022
baezsa01,Sandy Báez,2018-2019
bagbyba01,Babe Bagby,1937-1937
bagbyji01,Jim Bagby,1912-1923
bagbyji02,Jim Bagby,1938-1947
bagwebi01,Bill Bagwell,1923-1925
bagweje01,Jeff Bagwell,1991-2005
bahnsst01,Stan Bahnsen,1966-1982
bahred01,Ed Bahr,1946-1947
bahrefr01,Frank Bahret,1884-1884
baichgr01,Grover Baichley,1914-1914
baile03,Bailey,1947-1947
baileal01,Alonza Bailey,1934-1935
bailean01,Andrew Bailey,2009-2017
bailebi01,Bill Bailey,1907-1922
bailebi02,Bill Bailey,1911-1911
bailebo01,Bob Bailey,1962-1978
bailebr01,Brandon Bailey,2020-2020
baileco01,Cory Bailey,1993-2002
baileed01,Ed Bailey,1953-1966
bailefr01,Fred Bailey,1916-1918
bailege01,Gene Bailey,1917-1924
baileha01,Harvey Bailey,1899-1900
baileho01,Howard Bailey,1981-1983
baileho02,Homer Bailey,2007-2020
baileje01,Jeff Bailey,2007-2009
baileji01,Jim Bailey,1959-1959
baileki01,King Bailey,1895-1895
bailema01,Mark Bailey,1984-1992
bailepa01,Patrick Bailey,2023-2025
bailepe01,Percy Bailey,1933-1934
bailero01,Roger Bailey,1995-1997
bailesc01,Scott Bailes,1986-1998
bailest01,Steve Bailey,1967-1968
bailesw01,Abraham Bailey,1919-1921
bailobo01,Bob Bailor,1975-1985
baineha01,Harold Baines,1980-2001
bainlo01,Loren Bain,1945-1945
baird02,Baird,1946-1946
bairdal01,Al Baird,1917-1919
bairdbo01,Bob Baird,1962-1963
bairddo01,Doug Baird,1915-1920
bairdo01,Doug Bair,1976-1990
baislje01,Jeff Baisley,2008-2008
bajenje01,Jeff Bajenaru,2004-2006
bakelje01,Jersey Bakley,1883-1891
bakenda01,Dave Bakenhaster,1964-1964
bakeral01,Al Baker,1938-1938
bakerbi01,Bill Baker,1940-1949
bakerbo01,Charles Baker,1901-1901
bakerbr01,Bryan Baker,2021-2025
bakerch01,Charlie Baker,1884-1884
bakerch02,Chuck Baker,1978-1981
bakerda01,Dave Baker,1982-1982
bakerda02,Darren Baker,2024-2024
bakerde01,Del Baker,1914-1916
bakerdo01,Doug Baker,1984-1990
bakerdu01,Dusty Baker,1968-1986
bakered01,Edgar Baker,1945-1945
bakerer01,Ernie Baker,1905-1905
bakerfl01,Floyd Baker,1943-1955
bakerfr01,Home Run Baker,1908-1922
bakerfr02,Frank Baker,1969-1971
bakerfr03,Frank Baker,1970-1974
bakerge01,George Baker,1883-1886
bakerge02,Gene Baker,1948-1961
bakerhe01,Henry Baker,1925-1932
bakerho01,Howard Baker,1912-1915
bakerja01,Jack Baker,1976-1977
bakerje01,Jesse Baker,1911-1911
bakerje02,Jesse Baker,1919-1919
bakerje03,Jeff Baker,2005-2015
bakerjo01,John Baker,2008-2014
bakerki01,Kirtley Baker,1890-1899
bakerlu01,Luken Baker,2023-2025
bakerne01,Neal Baker,1927-1927
bakerno01,Norm Baker,1883-1890
bakerph01,Phil Baker,1883-1886
bakerru01,Rufus Baker,1943-1948
bakersc01,Scott Baker,1995-1995
bakersc02,Scott Baker,2005-2015
bakerst01,Steve Baker,1978-1983
bakerto01,Tom Baker,1935-1938
bakerto02,Tom Baker,1963-1963
bakertr01,Tracy Baker,1911-1911
bakopa01,Paul Bako,1998-2009
balasmi01,Mike Balas,1938-1938
balazjo01,John Balaz,1974-1975
balazjo02,Jordan Balazovic,2023-2023
balbost01,Steve Balboni,1981-1993
balcebo01,Bobby Balcena,1956-1956
baldero01,Rocco Baldelli,2003-2010
baldoal01,Alberto Baldonado,2021-2021
baldsja01,Jack Baldschun,1961-1970
baldw02,Baldwin,1947-1947
baldwbi01,Billy Baldwin,1975-1976
baldwbr01,Brooks Baldwin,2024-2025
baldwda01,Dave Baldwin,1966-1973
baldwdr01,Drake Baldwin,2025-2025
baldwfr01,Frank Baldwin,1953-1953
baldwha01,Harry Baldwin,1924-1925
baldwhe01,Henry Baldwin,1927-1927
baldwja01,James Baldwin,1995-2005
baldwje01,Jeff Baldwin,1990-1990
baldwki01,Kid Baldwin,1884-1890
baldwla01,Lady Baldwin,1884-1890
baldwma01,Mark Baldwin,1887-1893
baldwre01,Reggie Baldwin,1978-1979
baldwri01,Rick Baldwin,1975-1977
baldwti01,Tiny Baldwin,1925-1926
balejo01,John Bale,1999-2009
balenmi01,Mike Balenti,1911-1913
balenwl01,Wladimir Balentien,2007-2009
balesco01,Collin Balester,2008-2015
balesle01,Lee Bales,1966-1967
balfogr01,Grant Balfour,2001-2015
ballaje01,Jeff Ballard,1987-1994
ballar01,Art Ball,1894-1898
balleja01,Jay Baller,1982-1992
ballepe01,Pelham Ballenger,1928-1928
ballima01,Mark Ballinger,1971-1971
ballje01,Jeff Ball,1998-1998
ballji01,Jim Ball,1907-1908
ballne01,Neal Ball,1907-1913
ballowi01,Win Ballou,1925-1929
ballwa01,Walter Ball,1920-1921
balsato01,Tony Balsamo,1962-1962
bambege01,George Bamberger,1951-1959
bambeha01,Hal Bamberger,1948-1948
banckst01,Studs Bancker,1875-1875
bancrda01,Dave Bancroft,1915-1930
bandaan01,Anthony Banda,2017-2025
bandoch01,Chris Bando,1981-1989
bandosa01,Sal Bando,1966-1981
bandyje01,Jett Bandy,2015-2018
baneed01,Eddie Bane,1973-1976
baneydi01,Dick Baney,1969-1974
banisje01,Jeff Banister,1991-1991
bankhda01,Dan Bankhead,1940-1951
bankhfr01,Fred Bankhead,1937-1948
bankhsa01,Sam Bankhead,1932-1948
bankhsc01,Scott Bankhead,1986-1995
banks02,Banks,1924-1924
banksbr01,Brian Banks,1996-2003
bankser01,Ernie Banks,1953-1971
banksev01,Bill Bankston,1915-1915
banksge01,George Banks,1962-1966
banksjo01,Josh Banks,2007-2010
banksno01,Norman Banks,1945-1945
banksta01,Tanner Banks,2022-2025
bankswe01,Wes Bankston,2008-2008
bankswi01,Willie Banks,1991-2002
bannial01,Alan Bannister,1974-1985
bannibr01,Brian Bannister,2006-2010
bannifl01,Floyd Bannister,1977-1992
banniji01,Jim Banning,1888-1889
bannoji01,Jimmy Bannon,1893-1896
bannory01,Rylan Bannon,2022-2023
bannoto01,Tom Bannon,1895-1896
bantaja01,Jack Banta,1947-1950
bantzbr01,Brandon Bantz,2013-2013
banueda01,David Bañuelos,2024-2024
banuema01,Manny Banuelos,2015-2022
baptitr01,Travis Baptist,1998-1998
baragca01,Caleb Baragar,2020-2021
barajro01,Rod Barajas,1999-2012
barbajo01,Johnny Barbato,2016-2018
barbare01,Red Barbary,1943-1943
barbawa01,Walter Barbare,1914-1922
barbebr01,Bret Barberie,1991-1996
barbebr02,Brian Barber,1995-1999
barbebu01,Bud Barbee,1937-1948
barbech01,Charlie Barber,1884-1884
barbeda01,Dave Barbee,1926-1932
barbefr01,Frank Barberich,1907-1910
barbeja01,William Barbeau,1905-1910
barbeje01,Jesse Barber,1922-1924
barbela01,Lamb Barbee,1940-1945
barbesa01,Sam Barber,1940-1940
barbest01,Steve Barber,1960-1974
barbest02,Steve Barber,1970-1971
barbetu01,Turner Barber,1915-1923
barbiji01,Jim Barbieri,1966-1966
barbobu01,Bull Barbour,1922-1922
barcelo01,Lorenzo Barceló,2000-2002
barclcu01,Curt Barclay,1957-1959
barclge01,George Barclay,1902-1905
bardda01,Daniel Bard,2009-2023
bardebr01,Brian Barden,2007-2010
bardjo01,Josh Bard,2002-2011
bardlu01,Luke Bard,2018-2022
barera01,Ray Bare,1972-1977
barfije01,Jesse Barfield,1981-1992
barfijo01,John Barfield,1989-1991
barfijo02,Josh Barfield,2006-2009
barfocl01,Clyde Barfoot,1922-1926
bargagr01,Greg Bargar,1983-1986
bargead01,Addison Barger,2024-2025
bargecy01,Cy Barger,1906-1915
barkbr01,Brian Bark,1995-1995
barkeal01,Al Barker,1871-1871
barkean01,Andy Barkett,2001-2001
barkegl01,Glen Barker,1999-2001
barkeke01,Kevin Barker,1999-2009
barkele01,Len Barker,1976-1987
barkelu01,Luke Barker,2022-2022
barkema01,Marvin Barker,1935-1948
barkera01,Ray Barker,1960-1967
barkeri01,Richie Barker,1999-1999
barkese01,Sean Barker,2007-2007
barklbr01,Brian Barkley,1998-1998
barklje01,Jeff Barkley,1984-1985
barklre01,Red Barkley,1937-1943
barklsa01,Sam Barkley,1884-1889
barlojo01,Joe Barlow,2021-2023
barlomi01,Mike Barlow,1975-1981
barlosc01,Scott Barlow,2018-2025
barloto01,Tom Barlow,1872-1875
barmebr01,Bruce Barmes,1953-1953
barmecl01,Clint Barmes,2003-2015
barnaba01,Babe Barna,1937-1943
barnach01,Charlie Barnabe,1927-1928
barneau01,Austin Barnes,2015-2025
barnebi01,Bill Barnes,1884-1884
barnebi02,Bill Barnes,1940-1947
barnebo01,Bob Barnes,1924-1924
barnebr01,Brian Barnes,1990-1994
barnebr02,Brandon Barnes,2012-2018
barnech01,Charlie Barnes,2021-2021
barneda01,Darwin Barney,2010-2017
barneda02,Danny Barnes,2016-2018
barneed01,Ed Barney,1915-1916
barneep01,Eppie Barnes,1923-1924
barnefr01,Frank Barnes,1929-1930
barnefr02,Frank Barnes,1957-1960
barnefr03,Fred Barnes,1924-1924
barneha01,Harry Barnes,1937-1948
barneho01,Honey Barnes,1926-1926
barneja01,Jacob Barnes,2016-2025
barneje01,Jesse Barnes,1915-1927
barnejo01,John Barnes,2000-2001
barnejo02,John Barnes,1922-1931
barneju01,Junie Barnes,1934-1934
barnela01,Larry Barnes,2001-2003
barnelu01,Lute Barnes,1972-1973
barnema01,Matt Barnes,2014-2024
barnere01,Red Barnes,1927-1930
barnere02,Rex Barney,1943-1950
barneri01,Rich Barnes,1982-1983
barnero01,Ross Barnes,1871-1881
barnesa01,Sam Barnes,1921-1921
barnesc01,Scott Barnes,2012-2013
barnesk01,Skeeter Barnes,1983-1994
barneto01,Tony Barnette,2016-2019
barneve01,Vet Barnes,1937-1938
barnevi01,Virgil Barnes,1919-1928
barnevi02,Vic Barnett,1944-1944
barnhcl01,Clyde Barnhart,1920-1928
barnhda01,Dave Barnhill,1941-1948
barnhed01,Edgar Barnhart,1924-1924
barnhhe01,Herb Barnhill,1938-1946
barnhja01,James Barnhill,1941-1941
barnhle01,Les Barnhart,1928-1930
barnhtu01,Tucker Barnhart,2014-2024
barnhvi01,Vic Barnhart,1944-1946
barnibi01,Billy Barnie,1874-1886
barnige01,George Barnicle,1939-1941
barnoed01,Ed Barnowski,1965-1966
barnwch01,Chris Barnwell,2006-2006
barobe01,Bernardo Baró,1920-1929
barojsa01,Salomé Barojas,1982-1988
baronda01,Daniel Barone,2007-2007
barondi01,Dick Barone,1960-1960
baronst01,Steven Baron,2015-2019
barracu01,Cuno Barragan,1961-1963
barrage01,Germán Barranca,1979-1982
barraky01,Kyle Barraclough,2015-2023
barrbo01,Bob Barr,1883-1891
barrbo02,Bob Barr,1935-1935
barre01,John Barrett,1872-1872
barreaa01,Aaron Barrett,2014-2020
barrebi01,Bill Barrett,1871-1873
barrebi02,Bill Barrett,1921-1930
barrebo01,Bob Barrett,1923-1929
barredi01,Dick Barrett,1933-1945
barrefr01,Frank Barrett,1939-1950
barrefr02,Franklin Barreto,2017-2020
barreja01,Jake Barrett,2016-2019
barreji01,Jimmy Barrett,1899-1908
barrejo01,Johnny Barrett,1942-1946
barrelu01,Luis Barrera,2021-2022
barrema01,Marty Barrett,1884-1884
barrema02,Marty Barrett,1982-1991
barrema03,Manny Barreda,2021-2021
barremi01,Michael Barrett,1998-2009
barrere01,Red Barrett,1937-1949
barreti01,Tim Barrett,1988-1988
barreto01,Tommy Barrett,1988-1992
barretr01,Tres Barrera,2019-2023
barrifr01,Francisco Barrios,1974-1981
barrija01,Jaime Barria,2018-2023
barrijo01,Jose Barrios,1982-1982
barrima01,Manuel Barrios,1997-1998
barriyh01,Yhonathan Barrios,2015-2015
barrji01,Jim Barr,1971-1983
barrocu01,Cuke Barrows,1909-1912
barrofr01,Frank Barrows,1871-1871
barrofr02,Frank Barron,1914-1914
barrojo01,Jorge Barrosa,2024-2024
barrore01,Red Barron,1929-1929
barroto01,Tony Barron,1996-1997
barrsc01,Scotty Barr,1908-1909
barrst01,Steve Barr,1974-1976
barryed01,Ed Barry,1905-1907
barryha01,Hardin Barry,1912-1912
barryja01,Jack Barry,1908-1919
barryje01,Jeff Barry,1995-1999
barryke01,Kevin Barry,2006-2007
barryri01,Rich Barry,1969-1969
barrysh01,John Barry,1899-1908
barryto01,Tom Barry,1904-1904
bartedi01,Dick Bartell,1927-1946
barteki01,Kimera Bartee,1996-2001
barthbo01,Bob Barthelson,1944-1944
barthji01,Jimmy Barthmaier,2008-2008
barthjo01,John Barthold,1904-1904
barthle01,Les Bartholomew,1928-1932
bartito01,Tony Bartirome,1952-1952
bartjo01,Joey Bart,2020-2025
bartlbi01,Bill Bartley,1903-1907
bartlbo01,Boyd Bartley,1943-1943
bartlho01,Hop Bartlett,1924-1925
bartlir01,Irv Bartling,1938-1938
bartlja01,Jason Bartlett,2004-2014
bartobo01,Bob Barton,1965-1974
bartobr01,Brian Barton,2008-2009
bartocl01,Cliff Bartosh,2004-2005
bartoda01,Dave Bartosch,1945-1945
bartoda02,Daric Barton,2007-2014
bartoha01,Harry Barton,1905-1905
bartosh01,Shawn Barton,1992-1996
bartovi01,Vince Barton,1931-1932
bartsch01,Charlie Bartson,1890-1890
barziph01,Philip Barzilla,2006-2006
basablu01,Luis Alexander Basabe,2020-2020
basabos01,Osleivis Basabe,2023-2023
basakch01,Chris Basak,2007-2007
basgamo01,Monty Basgall,1948-1951
bashaal01,Al Bashang,1912-1918
bashara01,Ray Basham,1932-1932
bashlty01,Tyler Bashlor,2018-2020
bashowa01,Walt Bashore,1936-1936
basined01,Eddie Basinski,1944-1947
baskeji01,Jim Baskette,1911-1913
bassan01,Anthony Bass,2011-2023
bassbr01,Brian Bass,2008-2010
bassdi01,Dick Bass,1939-1939
bassdo01,Doc Bass,1918-1918
bassech01,Charley Bassett,1884-1892
bassepe01,Pepper Bassett,1935-1948
bassich01,Chris Bassitt,2014-2025
bassjo01,John Bass,1871-1877
basske01,Kevin Bass,1982-1995
bassljo01,Johnny Bassler,1913-1927
bassno01,Norm Bass,1961-1963
bassobr01,Brady Basso,2024-2024
bassra01,Randy Bass,1977-1982
bassre01,Leroy Bass,1940-1940
bastaan01,Antonio Bastardo,2009-2017
bastich01,Charlie Bastian,1884-1891
batchem01,Emil Batch,1904-1907
batchjo01,Joe Batchelder,1923-1925
batchri01,Rich Batchelor,1993-1997
batemjo01,John Bateman,1963-1972
batesaa01,Aaron Bates,2009-2009
batesbi01,Billy Bates,1989-1990
batesbu01,Hubert Bates,1939-1939
batesch01,Charlie Bates,1927-1927
batesde01,Del Bates,1970-1970
batesdi01,Dick Bates,1969-1969
batesfr01,Frank Bates,1898-1899
batesja01,Jason Bates,1995-1998
batesjo01,John Bates,1889-1889
batesjo02,Johnny Bates,1906-1914
batesra01,Ray Bates,1913-1917
bathebi01,Bill Bathe,1986-1990
batiske01,Kevin Batiste,1989-1989
batiski01,Kim Batiste,1991-1996
batismi01,Miguel Batista,1992-2012
batisra01,Rafael Batista,1973-1975
batisto01,Tony Batista,1996-2007
batscbi01,Bill Batsch,1916-1916
battala01,Larry Battam,1895-1895
batteea01,Earl Battey,1955-1967
battege01,George Batten,1912-1912
battema01,Matthew Batten,2022-2024
battepe01,Peyton Battenfield,2023-2023
battijo01,Joe Battin,1871-1890
battlal01,Allen Battle,1995-1996
battlho01,Howard Battle,1995-1999
battlji01,Jim Battle,1927-1927
battlra01,Ray Battle,1944-1945
battlru01,Rufus Battle,1924-1924
battoch01,Chris Batton,1976-1976
battsma01,Matt Batts,1947-1956
batybr01,Brett Baty,2022-2025
bauchha01,Harry Bauchman,1920-1921
baueral01,Al Bauer,1884-1886
bauerha01,Hank Bauer,1948-1961
bauerja01,Jake Bauers,2018-2025
bauerlo01,Lou Bauer,1918-1918
bauerri01,Rick Bauer,2001-2008
bauerru01,Russ Bauers,1936-1950
bauertr01,Trevor Bauer,2012-2021
baughju01,Justin Baughman,1998-2000
baumabu01,Buddy Baumann,2016-2018
baumafr01,Frank Baumann,1955-1965
baumami01,Mike Baumann,2021-2024
baumapa01,Paddy Baumann,1911-1917
baumeji01,Jim Baumer,1949-1961
baumgge01,George Baumgardner,1912-1916
baumgha01,Harry Baumgartner,1920-1920
baumgjo01,John Baumgartner,1953-1953
baumgro01,Ross Baumgarten,1978-1982
baumgst01,Stan Baumgartner,1914-1926
baumhfr01,Frank Baumholtz,1947-1957
bausege01,George Bausewine,1889-1889
bautaed01,Ed Bauta,1960-1964
bautida01,Danny Bautista,1993-2004
bautide01,Denny Bautista,2004-2010
bautife01,Félix Bautista,2022-2025
bautige01,Gerson Bautista,2018-2019
bautijo01,José Bautista,1988-1997
bautijo02,José Bautista,2004-2018
bautira01,Rafael Bautista,2017-2018
bauzama01,Marcelino Bauza,1930-1930
baxesji01,Jim Baxes,1959-1959
baxesmi01,Mike Baxes,1956-1958
baxtemi01,Mike Baxter,2010-2015
baxtemo01,Moose Baxter,1907-1907
bayha01,Harry Bay,1901-1908
bayja01,Jason Bay,2003-2013
bayledi01,Dick Bayless,1908-1908
bayliha01,Hank Baylis,1948-1948
baylijo01,Jonah Bayliss,2005-2007
baylo02,Baylock,1927-1927
baylodo01,Don Baylor,1970-1988
baynawi01,William Baynard,1927-1927
baynebi01,Bill Bayne,1919-1930
bazared01,Eduard Bazardo,2021-2025
bazaryo01,Yorman Bazardo,2005-2009
bazsh01,Shane Baz,2021-2025
beachbr01,Brandon Beachy,2010-2015
beachja01,Jack Beach,1884-1884
beada01,Darius Bea,1934-1940
bealegi01,Giovanni Beale,1947-1947
beallbo01,Bob Beall,1975-1980
bealljo01,Johnny Beall,1913-1918
beallwa01,Walter Beall,1924-1929
bealsto01,Tommy Beals,1871-1880
beamal01,Alex Beam,1889-1889
beamer01,Ernie Beam,1895-1895
beamoch01,Charlie Beamon,1956-1958
beamoch02,Charlie Beamon,1978-1981
beamotr01,Trey Beamon,1996-1998
beamtj01,T.J. Beam,2006-2008
beanbe01,Belve Bean,1930-1935
beanbi01,Billy Bean,1987-1995
beanco01,Colter Bean,2005-2007
beanebi01,Billy Beane,1984-1989
beanjo01,Joe Bean,1902-1902
beardda01,Dave Beard,1980-1989
beardge01,Gene Bearden,1947-1953
beardmi01,Mike Beard,1974-1977
beardol01,Ollie Beard,1889-1891
beardra01,Ralph Beard,1954-1954
beardte01,Ted Beard,1948-1958
bearega01,Gary Beare,1976-1977
bearnla01,Larry Bearnarth,1963-1971
bearske01,Kevin Bearse,1990-1990
beaslch01,Chris Beasley,1991-1991
beaslje01,Jeremy Beasley,2020-2022
beaslle01,Lew Beasley,1977-1977
beatied01,Ed Beatin,1887-1891
beatlda01,Dave Beadle,1884-1884
beatope01,Pedro Beato,2011-2017
beattbl01,Blaine Beatty,1989-1991
beattde01,Desmond Beatty,1914-1914
beattji01,Jim Beattie,1978-1986
beatyma01,Matt Beaty,2019-2023
beaucji01,Jim Beauchamp,1963-1973
beaumgi01,Ginger Beaumont,1899-1910
beavabl01,Blake Beavan,2011-2014
beazljo01,Johnny Beazley,1941-1949
becanbu01,Buck Becannon,1884-1887
bechlst01,Steve Bechler,2002-2002
bechtge01,George Bechtel,1871-1876
beckbo01,Boom-Boom Beck,1924-1945
beckch01,Chad Beck,2011-2012
beckch02,Chris Beck,2015-2018
beckcl01,Clyde Beck,1926-1931
beckebe01,Beals Becker,1908-1915
beckebo01,Bob Becker,1897-1898
beckech01,Charlie Becker,1911-1912
beckegl01,Glenn Beckert,1965-1975
beckehe01,Henry Beckendorf,1909-1910
beckehe02,Heinz Becker,1943-1947
beckejo01,Joe Becker,1936-1937
beckejo02,Josh Beckett,2001-2014
beckema01,Marty Becker,1915-1915
becker01,Erve Beck,1899-1902
beckeri01,Rich Becker,1993-2000
beckero01,Robbie Beckett,1996-1997
beckfr01,Frank Beck,1884-1884
beckfr02,Fred Beck,1909-1915
beckge01,George Beck,1914-1914
beckhgo01,Gordon Beckham,2009-2019
beckhti01,Tim Beckham,2013-2022
beckjo01,Jordan Beck,2024-2025
becklja01,Jake Beckley,1888-1907
beckmbi01,Bill Beckmann,1939-1942
beckmji01,Jim Beckman,1927-1928
beckri01,Rich Beck,1965-1965
beckro01,Rod Beck,1991-2004
becktr01,Tristan Beck,2023-2024
beckwjo01,Joe Beckwith,1979-1986
beckwjo02,John Beckwith,1920-1935
beckzi01,Zinn Beck,1913-1918
becquju01,Julio Becquer,1955-1963
bedarer01,Érik Bédard,2002-2014
bedelho01,Howie Bedell,1962-1968
bedfoge01,Gene Bedford,1925-1925
bedgoph01,Phil Bedgood,1922-1923
bediehu01,Hugh Bedient,1912-1915
bednaan01,Andy Bednar,1930-1931
bednada01,David Bednar,2019-2025
bedroca01,Cam Bedrosian,2014-2021
bedrost01,Steve Bedrosian,1981-1995
beebefr01,Fred Beebe,1906-1916
beeched01,Ed Beecher,1887-1891
beeched02,Ed Biecher,1897-1898
beechma01,Matt Beech,1996-1998
beechro01,Roy Beecher,1907-1908
beedety01,Tyler Beede,2018-2024
beeksja02,Jalen Beeks,2018-2025
beeleda01,Dallas Beeler,2014-2015
beelejo01,Jodie Beeler,1944-1944
beenean01,Andy Beene,1983-1984
beenefr01,Fred Beene,1968-1975
beerscl01,Clarence Beers,1948-1948
beerse01,Seth Beer,2021-2022
beetecl01,Clayton Beeter,2024-2024
beggsjo01,Joe Beggs,1938-1948
begleed01,Ed Bagley,1884-1885
beglege01,Gene Bagley,1886-1886
begleji01,Jim Begley,1924-1924
behanpe01,Petie Behan,1921-1923
behelst01,Steve Behel,1884-1886
behenri01,Rick Behenna,1983-1985
behneme01,Mel Behney,1970-1970
behrmha01,Hank Behrman,1946-1949
beimejo01,Joe Beimel,2001-2015
beirnke01,Kevin Beirne,2000-2002
bejerag01,Agustín Bejerano,1928-1929
bejmaol01,Ollie Bejma,1934-1939
belanma01,Mark Belanger,1965-1982
belarwa01,Wayne Belardi,1950-1956
belchke01,Kevin Belcher,1990-1990
belchti01,Tim Belcher,1987-2000
beldeir01,Ira Belden,1897-1897
belfimi01,Mike Belfiore,2013-2013
belfisk01,Skinner Belfield,1948-1948
belinbo01,Bo Belinsky,1962-1970
belinst01,Stan Belinda,1989-2000
belisma01,Matt Belisle,2003-2018
belisro01,Ronald Belisario,2009-2015
belitto01,Todd Belitz,2000-2001
belivje01,Jeff Beliveau,2012-2018
belkti01,Tim Belk,1996-1996
bellaan01,Andrew Bellatti,2015-2023
bellab01,Abe Bell,1924-1924
bellast01,Steve Bellán,1871-1873
bellaze01,Zeke Bella,1957-1959
bellbe01,Beau Bell,1935-1941
bellbi01,Bill Bell,1952-1955
bellbu01,Buddy Bell,1972-1989
bellch01,Charlie Bell,1889-1891
bellch02,Chad Bell,2017-2018
bellcl01,Cliff Bell,1921-1931
bellco99,Cool Papa Bell,1922-1946
bellda01,David Bell,1995-2006
bellde01,Derek Bell,1991-2001
belleal01,Albert Belle,1989-2000
bellel01,Jake Bell,1946-1946
beller01,Eric Bell,1985-1993
bellfe01,Fern Bell,1939-1940
bellfr01,Frank Bell,1885-1885
bellfr02,Fred Bell,1923-1927
bellga01,Gary Bell,1958-1969
bellge01,George Bell,1907-1911
bellge02,George Bell,1981-1993
bellgu01,Gus Bell,1950-1964
bellhe01,Heath Bell,2004-2014
bellhe02,Herman Bell,1940-1948
bellhi01,Herman Bell,1924-1934
bellhma01,Mark Bellhorn,1997-2007
bellicl01,Clay Bellinger,1999-2002
bellico01,Cody Bellinger,2017-2025
bellira01,Rafael Belliard,1982-1998
belliro01,Ronnie Belliard,1998-2010
bellja01,Jay Bell,1986-2003
bellje01,Jerry Bell,1971-1974
belljo01,Josh Bell,2010-2012
belljo02,Josh Bell,2016-2025
belljo03,Joe Bell,1932-1932
bellju01,Juan Bell,1989-1995
bellju02,Jute Bell,1924-1931
bellke01,Kevin Bell,1976-1982
bellle01,Les Bell,1923-1931
bellle02,Lefty Bell,1948-1948
bellmi01,Mike Bell,1990-1991
bellmi02,Mike Bell,2000-2000
bellmja01,Jack Bellman,1889-1889
bellobr01,Brayan Bello,2022-2024
belloed01,Edwin Bellorin,2007-2009
belloro01,Rob Belloir,1975-1978
bellova01,Valente Bellozo,2024-2025
bellra01,Ralph Bell,1912-1912
bellro01,Rob Bell,2000-2007
bellru01,Rudy Baerwald,1907-1907
bellte01,Terry Bell,1986-1987
belltr01,Trevor Bell,2009-2014
bellw01,W. Bell,1948-1948
bellwi01,William Bell,1923-1937
belnovi01,Vince Belnome,2014-2014
belowdu01,Duane Below,2011-2013
beltbr01,Brandon Belt,2011-2023
beltrad01,Adrian Beltré,1998-2018
beltrca01,Carlos Beltrán,1998-2017
beltren01,Engel Beltré,2013-2013
beltres01,Esteban Beltré,1991-1996
beltrfr01,Francis Beltrán,2002-2008
beltrom01,Omar Beltré,2010-2010
beltrri01,Rigo Beltrán,1997-2004
bemboan01,Anthony Bemboom,2019-2023
bemisha01,Harry Bemis,1902-1910
benarma01,Marvin Benard,1995-2003
benavfr01,Freddie Benavides,1991-1994
benchjo01,Johnny Bench,1967-1983
bendean01,Anthony Bender,2021-2025
bendech01,Charles Bender,1903-1925
benedar01,Art Benedict,1883-1883
benedbr01,Bruce Benedict,1978-1989
benesal01,Alan Benes,1995-2003
benesan01,Andy Benes,1989-2002
benesjo01,Joe Benes,1931-1931
bengera01,Ray Benge,1925-1938
bengobe01,Benny Bengough,1923-1932
beninan01,Andrew Benintendi,2016-2025
beniqju01,Juan Beníquez,1971-1988
benitar01,Armando Benítez,1994-2008
benitya01,Yamil Benítez,1995-1998
benjaje01,Jerry Benjamin,1932-1948
benjami01,Mike Benjamin,1989-2002
benjast01,Stan Benjamin,1939-1945
benjawe01,Wes Benjamin,2020-2021
benne03,Bennett,1942-1942
bennebr01,Bradford Bennett,1940-1942
bennech01,Charlie Bennett,1878-1893
benneda01,Dave Bennett,1964-1964
bennede01,Dennis Bennett,1962-1968
bennedo01,Don Bennett,1930-1930
benneer01,Erik Bennett,1995-1996
bennefr01,Frank Bennett,1927-1928
bennefr02,Fred Bennett,1928-1931
bennega01,Gary Bennett,1995-2008
bennege01,George Bennette,1921-1932
bennehe01,Herschel Bennett,1923-1927
benneik01,Ike Benners,1884-1884
benneje01,Jeff Bennett,2004-2009
benneji01,Jimmie Bennett,1945-1948
bennejo01,Joe Bennett,1923-1923
bennejo02,Joel Bennett,1998-1999
bennepu01,Pug Bennett,1906-1907
bennesa01,Sam Bennett,1920-1925
bennesh01,Shayne Bennett,1997-1999
bennhe01,Henry Benn,1914-1914
benoijo01,Joaquín Benoit,2001-2017
bensoal01,Allen Benson,1934-1934
bensocl01,Cleo Benson,1942-1942
bensoge01,Gene Benson,1934-1948
bensojo01,Joe Benson,2011-2011
bensokr01,Kris Benson,1999-2010
bensove01,Vern Benson,1943-1953
bensowi01,Will Benson,2022-2025
bentlcy01,Cy Bentley,1872-1872
bentlja01,Jack Bentley,1913-1927
bentoal01,Al Benton,1934-1952
bentobu01,Butch Benton,1978-1985
bentola01,Larry Benton,1923-1935
bentora01,Rabbit Benton,1922-1922
bentoru01,Rube Benton,1910-1925
bentosi01,Sid Benton,1922-1922
bentzch01,Chad Bentz,2004-2005
benzito01,Todd Benzinger,1987-1995
benzjo01,Joe Benz,1911-1919
berarjo01,Johnny Berardino,1939-1952
berbelo01,Lou Berberet,1954-1960
berblje01,Jeff Berblinger,1997-1997
bereja01,Jason Bere,1993-2003
berenbr01,Bruce Berenyi,1980-1986
berenju01,Juan Berenguer,1978-1992
beresja01,James Beresford,2016-2016
bergaau01,Augie Bergamo,1944-1945
bergda01,Dave Berg,1998-2004
bergebi01,Bill Bergen,1901-1911
bergebo01,Boze Berger,1932-1939
bergebr01,Brandon Berger,2001-2004
bergebr02,Brad Bergesen,2009-2012
bergecl01,Clarence Berger,1914-1914
bergehe01,Heinie Berger,1907-1910
bergejo01,Joe Berger,1913-1914
bergejo02,Johnny Berger,1922-1927
bergema01,Marty Bergen,1896-1899
bergepe01,Peter Bergeron,1999-2004
bergetr01,Travis Bergen,2019-2021
bergetu01,Tun Berger,1890-1892
bergewa01,Wally Berger,1930-1940
berghjo01,John Bergh,1876-1880
berghma01,Marty Berghammer,1911-1915
bergju01,Justin Berg,2009-2011
bergmal01,Al Bergman,1916-1916
bergmch01,Christian Bergman,2014-2018
bergmda01,Dave Bergman,1975-1992
bergmdu01,Dusty Bergman,2004-2004
bergmja01,Jason Bergmann,2005-2010
bergmo01,Moe Berg,1923-1939
bergmse01,Sean Bergman,1993-2000
bergowi01,William Bergolla,2005-2005
berkefr01,Frank Berkelbach,1884-1884
berkeja01,Jason Berken,2009-2012
berkena01,Nate Berkenstock,1871-1871
berkmla01,Lance Berkman,1999-2013
berlyja01,Jack Berly,1924-1933
bermabo01,Bob Berman,1918-1918
bermujo01,Jonathan Bermúdez,2024-2024
bernabr01,Brennan Bernardino,2022-2025
bernacu01,Curt Bernard,1900-1901
bernadw01,Dwight Bernard,1978-1982
bernajo01,Joe Bernard,1909-1909
bernapl01,Plácido Bernal,1941-1941
bernaro01,Roger Bernadina,2008-2014
bernato01,Tony Bernazard,1979-1991
bernavi01,Victor Bernal,1977-1977
bernawy01,Wynton Bernard,2022-2022
bernead01,Adam Bernero,2000-2006
bernhbi01,Bill Bernhard,1899-1907
bernhju01,Juan Bernhardt,1976-1979
bernhwa01,Walter Bernhardt,1918-1918
bernica01,Carlos Bernier,1953-1953
bernido01,Doug Bernier,2008-2015
berojo01,Johnny Bero,1948-1951
berrada01,Dale Berra,1977-1987
berrade01,Dennis Berran,1912-1912
berrayo01,Yogi Berra,1946-1965
berrera01,Ray Berres,1934-1945
berrijo01,José Berríos,2016-2025
berroan01,Ángel Berroa,2001-2009
berroge01,Gerónimo Berroa,1989-2000
berropr01,Prelander Berroa,2023-2024
berrost01,Steward Berroa,2024-2024
berry04,Berry,1947-1947
berryca01,Cannonball Berry,1937-1948
berrych01,Charlie Berry,1884-1884
berrych02,Charlie Berry,1925-1938
berrycl01,Claude Berry,1904-1915
berryda01,Damon Berryhill,1987-1997
berryed01,Eddie Berry,1930-1930
berryed02,Eddie Berry,1943-1943
berryjo01,Joe Berry,1902-1902
berryjo02,Joe Berry,1921-1922
berryjo03,Joe Berry,1942-1946
berryke01,Ken Berry,1962-1975
berryne01,Neil Berry,1948-1954
berryqu01,Quintin Berry,2012-2017
berryse01,Sean Berry,1990-2000
berryto01,Tom Berry,1871-1871
bertafr01,Frank Bertaina,1964-1970
bertedi01,Dick Bertell,1960-1967
berteha01,Harry Berte,1903-1903
berthha01,Harry Berthrong,1871-1871
bertijo01,Jon Berti,2018-2025
bertomi01,Mike Bertotti,1995-1997
bertore01,Reno Bertoia,1953-1962
bertrle01,Roman Bertrand,1936-1936
beruman01,Andrés Berumen,1995-1996
besanfr01,Fred Besana,1956-1956
beschbo01,Bob Bescher,1908-1918
bessedo01,Don Bessent,1955-1958
bessehe01,Herman Besse,1940-1946
besti01,William Bestick,1872-1872
bestka01,Karl Best,1983-1988
beswiji01,Jim Beswick,1978-1978
betande01,Dellin Betances,2011-2021
betanra01,Rafael Betancourt,2003-2015
betanyu01,Yuniesky Betancourt,2005-2013
betchfr01,Frank Betcher,1910-1910
betemwi01,Wilson Betemit,2001-2013
bethach01,Christian Bethancourt,2013-2024
bethebi01,Bill Bethea,1964-1964
bethkji01,Jim Bethke,1965-1965
betteje01,Jeff Bettendorf,1984-1984
bettela01,Larry Bettencourt,1928-1932
bettial01,Alec Bettinger,2021-2021
bettich01,Chad Bettis,2013-2019
betts02,Betts,1938-1938
bettsha01,Harry Betts,1903-1913
bettshu01,Huck Betts,1920-1935
bettsmo01,Mookie Betts,2014-2025
betzebr01,Bruno Betzel,1914-1918
bevacku01,Kurt Bevacqua,1971-1985
bevanha01,Hal Bevan,1952-1961
bevenbi01,Bill Bevens,1944-1947
beverch01,Charlie Beverly,1925-1939
beverja01,Jason Beverlin,2002-2002
bevilbe01,Ben Beville,1901-1901
bevilbr01,Brian Bevil,1996-1998
bevillo01,Lou Bevil,1942-1942
bevilmo01,Monte Beville,1903-1904
biagijo01,Joe Biagini,2016-2021
biancbu01,Buddy Biancalana,1982-1987
biancje01,Jeff Bianchi,2012-2015
biancto01,Tommy Bianco,1975-1975
biasaha01,Hank Biasatti,1949-1949
bibbsra01,Rainey Bibbs,1933-1944
bibbyji01,Jim Bibby,1972-1984
bibeeta01,Tanner Bibee,2023-2025
bibenau01,Austin Bibens-Dirkx,2017-2018
bichebo01,Bo Bichette,2019-2025
bicheda01,Dante Bichette,1988-2001
bickfph01,Phil Bickford,2020-2024
bickfve01,Vern Bickford,1948-1954
bickhda01,Dan Bickham,1886-1886
bicknch01,Charlie Bicknell,1948-1949
biddlje01,Jesse Biddle,2018-2021
biddlro01,Rocky Biddle,2000-2004
bidoos01,Osvaldo Bido,2023-2025
biebesh01,Shane Bieber,2018-2024
bielabr01,Brandon Bielak,2020-2024
bielaos01,Oscar Bielaski,1872-1876
bielemi01,Mike Bielecki,1984-1997
biemiha01,Harry Biemiller,1920-1925
bierblo01,Lou Bierbauer,1886-1898
bierbni01,Nick Bierbrodt,2001-2004
bierdra01,Randor Bierd,2008-2008
biermch01,Charles Bierman,1871-1871
biesest01,Steve Bieser,1997-1998
bigbeca01,Carson Bigbee,1916-1926
bigbely01,Lyle Bigbee,1920-1921
bigbila01,Larry Bigbie,2001-2006
bigelel01,Elliot Bigelow,1929-1929
biggehu01,Hunter Bigge,2024-2025
biggica01,Cavan Biggio,2019-2025
biggicr01,Craig Biggio,1988-2007
biggsch01,Charlie Biggs,1932-1932
biglepe01,Ivan Bigler,1917-1917
bignege01,George Bignell,1884-1884
biittla01,Larry Biittner,1970-1983
bilarda01,Dann Bilardello,1983-1992
bilbrji01,Jim Bilbrey,1949-1949
bildiem01,Emil Bildilli,1937-1941
bilkost01,Steve Bilko,1949-1962
billibr01,Brent Billingsley,1999-1999
billibr02,Bruce Billings,2011-2014
billich01,Chad Billingsley,2006-2015
billidi01,Dick Billings,1968-1975
billiha01,Harry Billiard,1908-1915
billija01,Jack Billingham,1968-1980
billijo01,Josh Billings,1913-1923
billijo02,Josh Billings,1927-1929
bindeji01,Jimmy Binder,1930-1937
binghbi01,Bingo Bingham,1921-1921
binksge01,George Binks,1944-1948
binso01,Binson,1932-1932
biotca01,Charlie Biot,1939-1941
birasst01,Steve Biras,1944-1944
birchju01,Jud Birchall,1882-1884
birddo01,Doug Bird,1973-1983
birdfr01,Frank Bird,1892-1892
birdge01,George Bird,1871-1871
birdgr01,Greg Bird,2015-2019
birdile01,Leo Birdine,1927-1932
birdja01,Jake Bird,2022-2025
birdky01,Kyle Bird,2019-2019
birdre01,Red Bird,1921-1921
birdsda01,Dave Birdsall,1871-1873
birdsha01,Hayden Birdsong,2024-2025
birkbmi01,Mike Birkbeck,1986-1995
birkiku01,Kurt Birkins,2006-2008
birkora01,Ralph Birkofer,1933-1937
birmijo01,Joe Birmingham,1906-1914
birreba01,Babe Birrer,1955-1958
birtsti01,Tim Birtsas,1985-1990
biscafr01,Frank Biscan,1942-1948
bischjo01,John Bischoff,1925-1926
bisenjo01,Joe Bisenius,2007-2010
bishobi01,Bill Bishop,1886-1889
bishobi02,Bill Bishop,1921-1921
bishobr01,Braden Bishop,2019-2021
bishoch01,Charlie Bishop,1952-1955
bishofr01,Frank Bishop,1884-1884
bishoji01,Jim Bishop,1923-1924
bisholl01,Lloyd Bishop,1914-1914
bishoma01,Max Bishop,1924-1935
bishomi01,Mike Bishop,1983-1983
bislari01,Rivington Bisland,1912-1914
bissajo01,John Bissant,1937-1947
bissode01,Del Bissonette,1928-1933
bithohi01,Hiram Bithorn,1942-1947
bitkejo01,Joe Bitker,1990-1991
bittije01,Jeff Bittiger,1986-1989
bittmre01,Red Bittmann,1889-1889
bivensp01,Spencer Bivens,2024-2025
bivinji01,Jim Bivin,1935-1935
bixlebr01,Brian Bixler,2008-2012
bizzlja01,James Bizzle,1947-1947
bjorkge01,George Bjorkman,1983-1983
blachty01,Ty Blach,2016-2024
black03,Black,1924-1924
black04,Black,1931-1931
black05,Blackburn,1938-1938
blackbi01,Bill Black,1924-1924
blackbo01,Bob Black,1884-1884
blackbu01,Bud Black,1952-1956
blackbu02,Bud Black,1981-1995
blackch01,Charlie Blackburn,1915-1921
blackch02,Charlie Blackmon,2011-2024
blackch03,Charlie Blackwell,1920-1928
blackcl01,Cliff Blackmon,1937-1941
blackda01,Dave Black,1914-1923
blackdo01,Don Black,1943-1948
blackea01,Earl Blackburn,1912-1917
blacket01,Ethan Blackaby,1962-1964
blackew01,Ewell Blackwell,1942-1955
blackfr01,Fred Blackwell,1917-1919
blackge01,George Blackburn,1897-1897
blackge02,George Blackerby,1928-1928
blackhe01,Henry Blackmon,1920-1924
blackho01,Howard Black,1926-1926
blackhu01,Hugh Blackburn,1920-1920
blackji01,Jim Blackburn,1948-1951
blackjo01,John Black,1911-1911
blackjo02,Joe Black,1943-1957
blackle01,Lena Blackburne,1910-1929
blackma01,Mason Black,2024-2024
blackni01,Nick Blackburn,2007-2012
blackpa01,Paul Blackburn,2017-2024
blackra01,Ray Black,2018-2020
blackro01,Ron Blackburn,1958-1959
blackti01,Tim Blackwell,1974-1983
blacktr01,Travis Blackley,2004-2013
blackty01,Tyler Black,2024-2024
blackvi01,Vic Black,2013-2014
bladera01,Ray Blades,1922-1932
bladtri01,Rick Bladt,1969-1975
blaehge01,George Blaeholder,1925-1936
blaemra01,Rae Blaemire,1941-1941
blairaa01,Aaron Blair,2016-2017
blairbi01,Bill Blair,1888-1888
blairbi02,Bill Blair,1948-1948
blairbu01,Buddy Blair,1942-1942
blairca01,Carson Blair,2015-2015
blairde01,Dennis Blair,1974-1980
blairfo01,Clarence Blair,1929-1931
blairga01,Garnett Blair,1942-1948
blairlo01,Lonnie Blair,1948-1948
blairpa01,Paul Blair,1964-1980
blairwa01,Walter Blair,1907-1915
blairwi01,Willie Blair,1990-2001
blaisdi01,Dick Blaisdell,1884-1884
blakeca01,Casey Blake,1999-2011
blakeed01,Ed Blake,1951-1957
blakefr01,Frank Blake,1932-1935
blakeha01,Harry Blake,1894-1899
blakeli01,Linc Blakely,1934-1934
blakesh01,Sheriff Blake,1920-1937
blakibo01,Bob Blakiston,1882-1884
blalobr01,Bradley Blalock,2024-2025
blaloha01,Hank Blalock,2002-2010
blancal01,Al Blanche,1935-1936
blancan01,Andrés Blanco,2004-2017
blancca01,Carlos Blanco,1941-1941
blancch01,Chester Blanchard,1926-1928
blancda01,Damaso Blanco,1972-1974
blancda02,Dairon Blanco,2022-2025
blancgi01,Gil Blanco,1965-1966
blancgr01,Grégor Blanco,2008-2018
blanche01,Henry Blanco,1997-2013
blanche02,Heberto Blanco,1941-1942
blancjo01,Johnny Blanchard,1955-1965
blancos01,Ossie Blanco,1970-1974
blancro01,Ronel Blanco,2022-2025
blancto01,Tony Blanco,2005-2005
blandal01,Alex Blandino,2018-2021
blandfr01,Fred Blanding,1910-1914
blandna01,Nate Bland,2003-2003
blandsp01,Spike Bland,1941-1941
blank03,Blank,1928-1928
blankcl01,Cliff Blankenship,1905-1909
blankco01,Coonie Blank,1909-1909
blankfr01,Fred Blank,1894-1894
blankho01,Homer Blankenship,1922-1928
blankke01,Kevin Blankenship,1988-1990
blankky01,Kyle Blanks,2009-2015
blankla01,Larvell Blanks,1972-1980
blankla02,Lance Blankenship,1988-1993
blankma01,Matt Blank,2000-2001
blankte01,Ted Blankenship,1922-1930
blanktr01,Travis Blankenhorn,2020-2024
blantcy01,Cy Blanton,1934-1942
blantjo01,Joe Blanton,2004-2017
blashja01,Jabari Blash,2016-2018
blasido01,Don Blasingame,1955-1966
blasiwa01,Wade Blasingame,1963-1972
blassst01,Steve Blass,1964-1974
blatest01,Steve Blateric,1971-1975
blatnjo01,Johnny Blatnik,1948-1950
blattbu01,Buddy Blattner,1942-1949
blattfr01,Frank Blattner,1921-1921
blausje01,Jeff Blauser,1987-1999
blauvhe01,Harvey Blauvelt,1890-1890
blaylbo01,Bob Blaylock,1956-1959
blaylfr01,Fred Blaylock,1945-1945
blaylga01,Gary Blaylock,1959-1959
blaylma01,Marv Blaylock,1950-1957
blazemi01,Michael Blazek,2013-2019
blaziro01,Ron Blazier,1996-1997
bleacla01,Larry Bleach,1937-1937
bledajj01,JJ Bleday,2022-2025
bleds01,Bledsoe,1937-1937
blefacu01,Curt Blefary,1965-1972
bleicje01,Jeremy Bleich,2018-2018
bleieri01,Richard Bleier,2016-2023
blemkra01,Ray Blemker,1960-1960
blessik01,Ike Blessitt,1972-1972
blethcl01,Clarence Blethen,1923-1929
blevifo01,Fox Blevins,1932-1936
blevije01,Jerry Blevins,2007-2019
blewebo01,Bob Blewett,1902-1902
blewesc01,Scott Blewett,2020-2025
blighne01,Ned Bligh,1886-1890
blissel01,Elmer Bliss,1903-1904
blissfr01,Frank Bliss,1878-1878
blissja01,Jack Bliss,1908-1912
blissry01,Ryan Bliss,2024-2025
block02,Blocker,1931-1931
blockbr01,Bruno Block,1907-1914
blockcy01,Cy Block,1942-1946
blockte01,Terry Blocker,1985-1989
bloggwe01,Wes Blogg,1883-1883
blombro01,Ron Blomberg,1969-1978
blomdbe01,Ben Blomdahl,1995-1995
blongjo01,Joe Blong,1875-1877
bloodji01,Jimmy Bloodworth,1937-1951
bloombu01,Bud Bloomfield,1963-1964
bloomwi01,Willie Bloomquist,2002-2015
blossgr01,Greg Blosser,1993-1994
blossja01,Jake Bloss,2024-2024
blottja01,Jack Blott,1924-1924
blowemi01,Mike Blowers,1989-1999
blue02,Blue,1930-1930
bluebe01,Bert Blue,1908-1908
bluegos01,Ossie Bluege,1922-1939
bluegot01,Otto Bluege,1932-1933
bluejji01,Jim Bluejacket,1914-1916
bluelu01,Lu Blue,1921-1933
bluevi01,Vida Blue,1969-1986
bluhmre01,Red Bluhm,1918-1918
blumaja01,Jaime Bluma,1996-1996
blumecl01,Clint Blume,1922-1923
blumge01,Geoff Blum,1999-2012
blylebe01,Bert Blyleven,1970-1992
blyzkmi01,Mike Blyzka,1953-1954
boadalu01,Lucas Boada,1921-1924
boakch01,Chet Boak,1960-1961
boardch01,Charlie Boardman,1913-1915
boardfr01,Frederick Boardman,1874-1874
bobbra01,Randy Bobb,1968-1969
bobowi01,Willie Bobo,1923-1930
bocachi01,Hiram Bocachica,2000-2007
boccajo01,John Boccabella,1963-1974
bocekmi01,Milt Bocek,1933-1934
bochtbr01,Bruce Bochte,1974-1986
bochtdo01,Doug Bochtler,1995-2000
bochybr01,Bruce Bochy,1978-1987
bochybr02,Brett Bochy,2014-2015
bockmed01,Eddie Bockman,1946-1949
bockura01,Randy Bockus,1986-1989
bococbr01,Brian Bocock,2008-2010
boddimi01,Mike Boddicker,1980-1993
bodiepi01,Ping Bodie,1911-1921
boeckto01,Tony Boeckel,1917-1923
boehlge01,George Boehler,1912-1926
boehljo01,Joe Boehling,1912-1920
boehmle01,Len Boehmer,1967-1971
boehrbr01,Brian Boehringer,1995-2004
boernla01,Larry Boerner,1932-1932
boescbr01,Brennan Boesch,2010-2015
boevejo01,Joe Boever,1985-1996
bogaexa01,Xander Bogaerts,2013-2025
bogarjo01,John Bogart,1920-1920
bogarti01,Tim Bogar,1993-2001
bogente01,Terry Bogener,1982-1982
boggsbr01,Brandon Boggs,2008-2011
boggsge01,George Boggs,1923-1928
boggsmi01,Mitchell Boggs,2008-2013
boggsra01,Ray Boggs,1928-1928
boggsto01,Tommy Boggs,1976-1985
boggswa01,Wade Boggs,1982-1999
boglewa01,Warren Bogle,1968-1968
bogusbr01,Brian Bogusevic,2010-2015
bohanbr01,Brian Bohanon,1990-2001
bohenpa01,Pat Bohen,1913-1914
bohmal01,Alec Bohm,2020-2025
bohnch01,Charlie Bohn,1882-1882
bohnejo01,John Bohnet,1982-1982
bohnesa01,Sam Bohne,1916-1926
bohntj01,T.J. Bohn,2006-2008
boiscbr01,Bruce Boisclair,1974-1979
boitada01,Dan Boitano,1978-1982
bokeldi01,Dick Bokelmann,1951-1953
bokenbo01,Bob Boken,1933-1934
bokinjo01,Joe Bokina,1936-1936
bolan01,Boland,1875-1875
bolanbe01,Bernie Boland,1915-1921
bolaned01,Ed Boland,1934-1944
bolanro01,Ronald Bolaños,2019-2022
boldch01,Charlie Bold,1914-1914
bolde02,Bolden,1920-1920
boldebi01,Bill Bolden,1919-1919
bolenst01,Stew Bolen,1926-1932
bolesca01,Carl Boles,1962-1962
boleyjo01,Joe Boley,1927-1932
bolgeji01,Jim Bolger,1950-1959
bolicfr01,Frank Bolick,1993-1998
bolinbo01,Bobby Bolin,1961-1973
bollifr01,Frank Bolling,1954-1966
bollija01,Jack Bolling,1939-1944
bollimi01,Milt Bolling,1952-1958
bollogr01,Greg Bollo,1965-1966
bollwdo01,Don Bollweg,1950-1955
bolsimi01,Mike Bolsinger,2014-2017
boltoce01,Cecil Bolton,1928-1928
boltocl01,Cliff Bolton,1931-1941
boltoco01,Cody Bolton,2023-2024
boltoro01,Rod Bolton,1993-1995
boltoto01,Tom Bolton,1987-1994
boltsk01,Skye Bolt,2019-2022
bombama01,Mark Bomback,1978-1982
bondeje01,Jeremy Bonderman,2003-2013
bondsba01,Barry Bonds,1986-2007
bondsbo01,Bobby Bonds,1968-1981
bondte01,Ted Bond,1935-1940
bondto01,Tommy Bond,1874-1884
bondwa01,Walt Bond,1960-1967
bonege01,George Bone,1901-1901
bonesri01,Ricky Bones,1991-2001
bonetju01,Julio Bonetti,1937-1940
boneyha01,Hank Boney,1927-1927
bongini01,Nino Bongiovanni,1938-1939
bongju01,Jung Bong,2002-2004
bonhabi01,Bill Bonham,1971-1980
bonhati01,Tiny Bonham,1940-1949
bonifem01,Emilio Bonifácio,2007-2020
bonifjo01,Jorge Bonifacio,2017-2021
bonikjo01,Joe Bonikowski,1962-1962
bonilbo01,Bobby Bonilla,1986-2001
bonilju01,Juan Bonilla,1981-1987
bonilli01,Lisalverto Bonilla,2014-2017
bonined01,Eddie Bonine,2008-2010
boninlu01,Luther Bonin,1913-1914
bonneba01,Barry Bonnell,1977-1986
bonnebi01,Bill Bonness,1944-1944
bonnebo01,Bobby Bonner,1980-1983
bonnefr01,Frank Bonner,1894-1903
bonnero01,Robert Bonner,1922-1926
bonogu01,Gus Bono,1920-1920
bonsebo01,Boof Bonser,2006-2010
bonurze01,Zeke Bonura,1934-1940
booeev01,Everett Booe,1913-1914
bookebu01,Buddy Booker,1966-1968
bookech01,Chris Booker,2005-2007
bookegr01,Greg Booker,1983-1990
bookero01,Rod Booker,1987-1991
boolal01,Al Bool,1928-1931
boolere01,Red Booles,1909-1909
booneaa01,Aaron Boone,1997-2009
booneal01,Alonzo Boone,1929-1947
boonebo01,Bob Boone,1972-1990
boonebr01,Bret Boone,1992-2005
booneda01,Dan Boone,1919-1923
booneda02,Danny Boone,1981-1990
boonege01,George Boone,1891-1891
booneik01,Ike Boone,1922-1932
boonele01,Lefty Boone,1940-1944
boonelu01,Luke Boone,1913-1918
booneos01,Oscar Boone,1939-1941
boonera01,Ray Boone,1948-1960
booseca01,Cam Booser,2024-2025
bootcch01,Chris Bootcheck,2003-2013
booth01,Booth,1875-1875
bootham01,Amos Booth,1876-1882
boothed01,Eddie Booth,1872-1876
bootyjo01,Josh Booty,1996-1998
boozejo01,John Boozer,1962-1969
borboju01,Julio Borbon,2009-2016
borbope01,Pedro Borbón,1969-1980
borbope02,Pedro Borbón,1992-2003
borchge01,George Borchers,1888-1895
borchjo01,Joe Borchard,2002-2007
bordafr01,Frenchy Bordagaray,1934-1945
bordejo01,Joe Borden,1875-1876
bordepa01,Pat Borders,1988-2005
bordimi01,Mike Bordick,1990-2003
bordiri01,Rich Bordi,1980-1988
bordlbi01,Bill Bordley,1980-1980
borgmgl01,Glenn Borgmann,1972-1980
borispa01,Paul Boris,1982-1982
borkfr01,Frank Bork,1964-1964
borkobo01,Bob Borkowski,1950-1955
borkoda01,Dave Borkowski,1999-2008
borlato01,Tom Borland,1960-1961
borlato02,Toby Borland,1994-2004
bormajo01,John Bormann,2017-2017
boromre01,Red Borom,1944-1945
borosst01,Steve Boros,1957-1965
borowha01,Hank Borowy,1942-1951
borowjo01,Joe Borowski,1995-2008
bortoba01,Babe Borton,1912-1916
borucry01,Ryan Borucki,2018-2025
boscajc01,J.C. Boscán,2010-2013
boscawi01,Wilfredo Boscán,2016-2016
boschdo01,Don Bosch,1966-1969
bosetri01,Rick Bosetti,1976-1982
boshebu01,Buddy Boshers,2013-2019
bosioch01,Chris Bosio,1986-1996
boskish01,Shawn Boskie,1990-1998
bosleth01,Thad Bosley,1977-1990
bosmadi01,Dick Bosman,1966-1976
bosseme01,Mel Bosser,1945-1945
bossha01,Harley Boss,1928-1933
bosti02,Bostic,1946-1946
bostiak01,Akeem Bostick,2021-2021
bostich01,Christopher Bostick,2017-2018
bostifr01,Fred Bostick,1923-1923
bostihe01,Henry Bostick,1915-1915
bostobo01,Bob Boston,1948-1948
bostoda01,Daryl Boston,1984-1994
bostoly01,Lyman Bostock,1975-1978
bostoly02,Lyman Bostock,1940-1948
boswean01,Andy Boswell,1895-1895
bosweda01,Dave Boswell,1964-1971
bosweke01,Ken Boswell,1967-1977
boteda01,David Bote,2018-2024
botelde01,Derek Botelho,1982-1985
bottajo01,John Bottarini,1937-1937
bottari01,Ricky Bottalico,1994-2005
botteke01,Kent Bottenfield,1992-2001
bottira01,Ralph Botting,1979-1980
bottoji01,Jim Bottomley,1922-1937
bottsja01,Jason Botts,2005-2008
botzbo01,Bob Botz,1962-1962
bouchal01,Al Boucher,1914-1914
bouchde01,Denis Boucher,1991-1994
bouched01,Ed Bouchee,1956-1962
bouchme01,Medric Boucher,1914-1914
bouchse01,Sean Bouchard,2022-2025
boudrlo01,Lou Boudreau,1938-1952
bouldca01,Carl Bouldin,1961-1964
boultja01,Jake Boultes,1907-1909
bourgja01,Jason Bourgeois,2008-2015
bourgst01,Steve Bourgeois,1996-1996
bourjch01,Chris Bourjos,1980-1980
bourjpe01,Peter Bourjos,2010-2019
bourju01,Justin Bour,2014-2019
bournmi01,Michael Bourn,2006-2016
bournra01,Rafael Bournigal,1992-1999
bourqja01,James Bourque,2019-2020
bourqpa01,Pat Bourque,1971-1974
boushca01,Caleb Boushley,2023-2025
boutoji01,Jim Bouton,1962-1978
boveemi01,Mike Bovee,1997-1997
bowala01,Larry Bowa,1970-1985
bowcobe01,Benny Bowcock,1903-1903
bowdebe01,Ben Bowden,2021-2021
bowdemi01,Michael Bowden,2008-2013
bowdeti01,Tim Bowden,1914-1914
bowele01,Lefty Bowe,1939-1940
bowench01,Chick Bowen,1919-1919
bowench02,Chuck Bowen,1937-1937
bowency01,Cy Bowen,1896-1896
bowenro01,Rob Bowen,2003-2008
bowenry01,Ryan Bowen,1991-1995
bowensa01,Sam Bowens,1963-1969
bowensa02,Sam Bowen,1977-1980
bowerbi01,Billy Bowers,1949-1949
bowerbr01,Brent Bowers,1996-1996
bowerce01,Cedrick Bowers,2008-2010
bowerfr01,Frank Bowerman,1895-1909
bowerju01,Julie Bowers,1946-1947
bowerle01,Lefty Bowers,1926-1927
bowersh01,Shane Bowers,1997-1997
bowerst01,Stew Bowers,1935-1937
bowesfr01,Frank Bowes,1890-1890
bowieji01,Jim Bowie,1994-1994
bowiemi01,Micah Bowie,1999-2008
bowkejo01,John Bowker,2008-2011
bowlajo01,Jonathan Bowlan,2023-2024
bowlebr01,Brian Bowles,2001-2003
bowlech01,Charlie Bowles,1943-1945
bowleem01,Emmett Bowles,1922-1922
bowlegr01,Grant Bowler,1931-1932
bowlist01,Steve Bowling,1976-1977
bowliwe01,Weldon Bowlin,1967-1967
bowmaab01,Abe Bowman,1914-1915
bowmabi01,Bill Bowman,1891-1891
bowmabo01,Bob Bowman,1939-1942
bowmabo02,Bob Bowman,1955-1959
bowmael01,Elmer Bowman,1920-1920
bowmaer01,Ernie Bowman,1961-1963
bowmajo01,Joe Bowman,1932-1945
bowmama01,Matt Bowman,2016-2025
bowmaro01,Roger Bowman,1949-1955
bowmasu01,Sumner Bowman,1890-1891
bowsere01,Red Bowser,1910-1910
bowsfte01,Ted Bowsfield,1958-1964
bowyetr01,Travis Bowyer,2005-2005
boxbebr01,Brad Boxberger,2012-2023
boydbi01,Bill Boyd,1872-1875
boydbo01,Bob Boyd,1947-1961
boyded01,Eddie Boyd,1920-1920
boydfr01,Frank Boyd,1893-1893
boydfr02,Fred Boyd,1922-1922
boydga01,Gary Boyd,1969-1969
boydja01,Jake Boyd,1894-1896
boydja02,Jason Boyd,1999-2004
boydji01,Jimmy Boyd,1946-1946
boydma01,Matthew Boyd,2015-2025
boydoi01,Oil Can Boyd,1982-1991
boydra01,Ray Boyd,1910-1911
boyerbl01,Blaine Boyer,2005-2018
boyercl01,Cloyd Boyer,1949-1955
boyercl02,Clete Boyer,1955-1971
boyerke01,Ken Boyer,1955-1969
boylado01,Doe Boyland,1978-1981
boylebu01,Buzz Boyle,1929-1935
boyleed01,Eddie Boyle,1896-1896
boyleha01,Harry Boyles,1938-1939
boylehe01,Henry Boyle,1884-1889
boyleja01,Jack Boyle,1886-1898
boyleja02,Jack Boyle,1912-1912
boyleji01,Jim Boyle,1926-1926
boylejo01,Joe Boyle,2023-2025
bozema01,Marshall Boze,1996-1996
brabege01,Gene Brabender,1966-1970
brachbr01,Brad Brach,2011-2021
brachsi01,Silvino Bracho,2015-2023
brackan01,Andrew Brackman,2011-2011
brackdo01,Doc Bracken,1946-1947
brackgi01,Gibby Brack,1937-1939
brackja01,Jack Bracken,1901-1901
brackjo01,John Brackenridge,1904-1904
braddza01,Zach Braddock,2010-2011
bradeda01,Dallas Braden,2007-2011
bradedo01,Don Bradey,1964-1964
bradf03,Bradford,1939-1939
bradfbi01,Bill Bradford,1956-1956
bradfbi02,Bill Bradford,1938-1945
bradfbu01,Buddy Bradford,1966-1976
bradfch01,Chad Bradford,1998-2009
bradfch02,Chasen Bradford,2017-2019
bradfch03,Charlie Bradford,1926-1927
bradfco01,Cody Bradford,2023-2024
bradfla01,Larry Bradford,1977-1981
bradfvi01,Vic Bradford,1943-1943
bradiky01,Kyle Bradish,2022-2024
bradl03,Red Bradley,1927-1927
bradl04,Bradley,1932-1932
bradlal01,Al Bradley,1884-1884
bradlar01,Archie Bradley,2015-2023
bradlbe01,Bert Bradley,1983-1983
bradlbi01,Bill Bradley,1899-1915
bradlbo01,Bobby Bradley,2019-2022
bradlfo01,Foghorn Bradley,1876-1876
bradlfr01,Fred Bradley,1948-1949
bradlfr02,Frank Bradley,1937-1942
bradlge01,George Bradley,1875-1888
bradlge02,George Bradley,1946-1946
bradlhe01,Herb Bradley,1927-1929
bradlhu01,Hugh Bradley,1910-1915
bradlja01,Jack Bradley,1916-1916
bradlja02,Jackie Bradley Jr.,2013-2023
bradlje01,Jed Bradley,2016-2016
bradlma01,Mark Bradley,1981-1983
bradlmi01,Milton Bradley,2000-2011
bradlph01,Phil Bradley,1983-1990
bradlpr01,Provine Bradley,1937-1938
bradlry01,Ryan Bradley,1998-1998
bradlsc01,Scott Bradley,1984-1992
bradlta01,Taj Bradley,2023-2025
bradlto01,Tom Bradley,1969-1975
bradsda01,Dallas Bradshaw,1917-1917
bradsge01,George Bradshaw,1952-1952
bradsjo01,Joe Bradshaw,1929-1929
bradste01,Terry Bradshaw,1995-1996
brady01,Spike Brady,1875-1875
bradybi01,Bill Brady,1912-1912
bradybo01,Bob Brady,1946-1947
bradybr01,Brian Brady,1989-1989
bradycl01,Cliff Brady,1920-1920
bradydo01,Doug Brady,1995-1995
bradyfa01,Farmer Brady,1924-1924
bradyji01,Jim Brady,1956-1956
bradyki01,King Brady,1905-1912
bradymi01,Michael Brady,2017-2017
bradyne01,Neal Brady,1915-1925
bradyst01,Steve Brady,1874-1886
bragabo01,Bobby Bragan,1940-1948
bragara01,Ramón Bragaña,1928-1928
braggda01,Darren Bragg,1994-2004
braggdi01,Dick Braggins,1901-1901
bragggl01,Glenn Braggs,1986-1992
brainas01,Asa Brainard,1871-1874
brainda01,Dave Brain,1901-1908
brainfr01,Fred Brainard,1914-1916
braital01,Al Braithwood,1915-1915
brameer01,Erv Brame,1928-1932
bramhar01,Art Bramhall,1935-1935
bramm01,Brammell,1932-1932
brancal01,Al Brancato,1939-1945
brancha01,Harvey Branch,1962-1962
brancno01,Norm Branch,1941-1942
brancra01,Ralph Branca,1944-1956
brancro01,Roy Branch,1979-1979
brandbi01,Bill Brandt,1941-1943
brandbu01,Darrell Brandon,1966-1973
brandch01,Chick Brandom,1908-1915
branded01,Ed Brandt,1928-1938
brandja01,Jackie Brandt,1956-1967
brandma01,Mark Brandenburg,1995-1997
brandro01,Ron Brand,1963-1971
branhsl01,Slim Branham,1920-1931
branige01,George Branigan,1926-1926
brannmi01,Mike Brannock,1871-1875
brannot01,Otis Brannan,1928-1929
branodu01,Dud Branom,1927-1927
bransje01,Jeff Branson,1992-2001
branski01,Kitty Bransfield,1898-1911
brantcl01,Cliff Brantley,1991-1992
brantje01,Jeff Brantley,1988-2001
brantma01,Marshall Brant,1980-1983
brantmi01,Mickey Brantley,1986-1989
brantmi02,Michael Brantley,2009-2023
brantro01,Rob Brantly,2012-2025
branyru01,Russell Branyan,1998-2011
brashki01,Kitty Brashear,1899-1899
brashma01,Matt Brash,2022-2023
brashro01,Roy Brashear,1902-1903
brasiry01,Ryan Brasier,2013-2025
bratcjo01,Joe Bratcher,1924-1924
brathar01,Archie Brathwaite,1944-1948
bratsfr01,Fred Bratschi,1921-1927
braulst01,Steven Brault,2016-2022
braunjo01,John Braun,1964-1964
braunry01,Ryan Braun,2006-2007
braunry02,Ryan Braun,2007-2020
braunst01,Steve Braun,1971-1985
bravoan01,Ángel Bravo,1969-1971
braxtga01,Garland Braxton,1921-1933
braybi01,Bill Bray,2006-2012
braybu01,Buster Bray,1941-1941
brayja01,James Bray,1925-1931
braymbe01,Ben Braymer,2020-2020
brazecr01,Craig Brazell,2004-2007
brazede01,Dewon Brazelton,2002-2006
brazifr01,Frank Brazill,1921-1922
brazlal01,Al Brazle,1943-1954
brazohu01,Huascar Brazobán,2022-2025
brazoyh01,Yhency Brazobán,2004-2011
breale01,Leslie Brea,2000-2001
breamsi01,Sid Bream,1983-1994
breazji01,Jim Breazeale,1969-1978
brebbjo01,John Brebbia,2017-2025
brechha01,Harry Brecheen,1940-1953
breckbi01,Bill Breckinridge,1929-1929
bredebr01,Brent Brede,1996-1998
breedda01,Danny Breeden,1969-1971
breedha01,Hal Breeden,1971-1975
breedma01,Marv Breeding,1960-1963
brees01,Breese,1945-1945
bregmal01,Alex Bregman,2016-2025
breinfr01,Fred Breining,1980-1984
breital01,Alonzo Breitenstein,1883-1883
breitte01,Theodore Breitenstein,1891-1901
bremeeu01,Eugene Bremer,1937-1948
bremehe01,Herb Bremer,1937-1939
brenesa01,Sam Brenegan,1914-1914
brenlbo01,Bob Brenly,1981-1989
brennad01,Ad Brennan,1910-1918
brennbe01,Bert Brenner,1912-1912
brennbr01,Brandon Brennan,2019-2021
brenndo01,Don Brennan,1933-1937
brennji01,Jack Brennan,1884-1890
brennji02,Jim Brenneman,1965-1965
brennto01,Tom Brennan,1981-1985
brennwi01,William Brennan,1988-1993
brennwi02,Will Brennan,2022-2024
brentbr01,Bryce Brentz,2014-2016
brentja01,Jake Brentz,2021-2022
brently01,Lynn Brenton,1913-1921
brenzbi01,Bill Brenzel,1932-1935
breslcr01,Craig Breslow,2005-2017
bresnro01,Roger Bresnahan,1897-1915
bressed01,Eddie Bressoud,1956-1967
bressru01,Rube Bressler,1914-1932
bretoji01,Jim Breton,1913-1915
brettge01,George Brett,1973-1993
bretthe01,Herbert Brett,1924-1925
brettke01,Ken Brett,1967-1981
brettry01,Ryan Brett,2015-2015
breuema01,Marv Breuer,1939-1943
brewebi01,Billy Brewer,1993-1999
brewech01,Charles Brewer,2013-2013
brewech02,Chet Brewer,1925-1948
breweco01,Colten Brewer,2018-2024
breweja01,Jack Brewer,1944-1946
breweji01,Jim Brewer,1960-1976
brewemc01,McKinley Brewer,1921-1921
brewemi01,Mike Brewer,1986-1986
brewero01,Rod Brewer,1990-1993
brewesh01,Sherwood Brewer,1947-1948
breweto01,Tom Brewer,1954-1961
breweto02,Tony Brewer,1984-1984
brewija01,Jamie Brewington,1995-2000
brews02,Brewster,1937-1937
brewsch01,Charlie Brewster,1943-1946
briceal01,Alan Brice,1961-1961
briceau01,Austin Brice,2016-2022
bricejo01,José Briceño,2018-2020
brickfr01,Fred Brickell,1926-1933
brickfr02,Fritz Brickell,1958-1961
brickge01,George Brickley,1913-1913
brickra01,Ralph Brickner,1952-1952
brideji01,Jim Brideweser,1951-1957
bridejo01,Jonah Bride,2022-2025
bridgma01,Marshall Bridges,1959-1965
bridgro01,Rocky Bridges,1951-1961
bridgto01,Tommy Bridges,1930-1946
bridwal01,Al Bridwell,1905-1915
bridwpa01,Parker Bridwell,2016-2018
briefbu01,Bunny Brief,1912-1917
briesbe01,Beau Brieske,2022-2025
briggbo01,Bo Briggery,1932-1932
briggbu01,Buttons Briggs,1896-1905
briggch01,Charlie Briggs,1884-1884
briggda01,Dan Briggs,1975-1982
brigggr01,Grant Briggs,1890-1895
briggjo01,John Briggs,1956-1960
briggjo02,John Briggs,1964-1975
briggot01,Otto Briggs,1923-1934
brighha01,Harry Bright,1958-1965
brighja01,Jake Brigham,2015-2015
brighje01,Jeff Brigham,2018-2023
brighjo01,Joe Bright,1932-1932
brignre01,Reid Brignac,2008-2016
brilegr01,Greg Briley,1988-1993
brilene01,Nelson Briles,1965-1978
brillfr01,Frank Brill,1884-1884
brillji01,Jim Brillheart,1922-1931
brinkbi01,Bill Brinker,1912-1912
brinkbr01,Brad Brink,1992-1994
brinkch01,Chuck Brinkman,1969-1974
brinked01,Ed Brinkman,1961-1975
brinkle01,Leon Brinkopf,1952-1952
brins02,Brinson,1938-1938
brinsle01,Lewis Brinson,2017-2022
briodfa01,Fatty Briody,1880-1888
briscjo01,John Briscoe,1991-1996
brisslo01,Lou Brissie,1947-1953
bristbr01,Braden Bristo,2023-2023
bristge01,George Bristow,1899-1899
britobe01,Bernardo Brito,1992-1995
britoeu01,Eude Brito,2005-2006
britojh01,Jhony Brito,2023-2024
britojo01,Jorge Brito,1995-1996
britoju01,Juan Brito,2002-2004
britoso01,Sócrates Brito,2015-2019
britoti01,Tilson Brito,1996-1997
brittch01,Chris Britton,2006-2008
brittdr01,Drake Britton,2013-2014
brittge01,George Britt,1920-1944
brittgi01,Gil Britton,1913-1913
brittgu01,Gus Brittain,1937-1937
brittja01,Jack Brittin,1950-1951
brittji01,Jim Britt,1872-1873
brittji02,Jim Britton,1967-1971
brittjo01,John Britton,1942-1948
brittza01,Zack Britton,2011-2022
brizzto01,Tony Brizzolara,1979-1984
broacjo01,Johnny Broaca,1934-1939
broad02,Broadnax,1929-1929
broadla01,Lance Broadway,2007-2009
broadmi01,Mike Broadway,2015-2016
brobepe01,Pete Broberg,1971-1978
brocado01,Doug Brocail,1992-2009
brockch01,Chris Brock,1997-2002
brockgr01,Greg Brock,1982-1991
brockjo01,John Brock,1917-1918
brockle01,King Brockett,1907-1911
brocklo01,Lou Brock,1961-1979
brockta01,Tarrik Brock,2000-2000
brodebr01,Brian Broderick,2011-2011
brodema01,Matt Broderick,1903-1903
brodist01,Steve Brodie,1890-1902
brododi01,Dick Brodowski,1952-1959
brogdco01,Connor Brogdon,2020-2024
brogler01,Ernie Broglio,1959-1966
brognri01,Rico Brogna,1992-2001
brohaja01,Jack Brohamer,1972-1980
brohatr01,Troy Brohawn,2001-2003
brondke01,Ken Brondell,1944-1944
bronkhe01,Herman Bronkie,1910-1922
bronkje01,Jeff Bronkey,1993-1995
brons02,Bronson,1936-1936
bronsji01,Jim Bronstad,1959-1964
brook02,Brooks,1924-1924
brookaa01,Aaron Brooks,2014-2024
brookam01,Ameal Brooks,1929-1947
brookbo01,Bobby Brooks,1969-1973
brookfr01,Frank Brooks,2004-2005
brookhu01,Hubie Brooks,1980-1994
brookik01,Ike Brookens,1975-1975
brookir01,Irvin Brooks,1923-1927
brookje01,Jerry Brooks,1993-1996
brookje02,Jess Brooks,1937-1937
brookjo01,Joe Brooks,1942-1942
brookma01,Mandy Brooks,1925-1926
brooksi01,Sidney Brooks,1920-1926
brookto01,Tom Brookens,1979-1990
brooktr01,Trenton Brooks,2024-2024
broomal01,Alex Broome,1940-1942
broomjb01,J.B. Broom,1947-1947
brosisc01,Scott Brosius,1991-2001
brosksi01,Sig Broskie,1940-1940
brosnji01,Jim Brosnan,1954-1963
brossfr01,Frank Brosseau,1969-1971
brossmi01,Mike Brosseau,2019-2023
brosste01,Terry Bross,1991-1993
brothre01,Rex Brothers,2011-2021
brottto01,Tony Brottem,1916-1921
brougca01,Cal Broughton,1883-1888
brouhma01,Mark Brouhard,1980-1985
brousbe01,Ben Broussard,2002-2008
broutar01,Art Brouthers,1906-1906
broutda01,Dan Brouthers,1879-1904
brovijo01,Joe Brovia,1955-1955
browebo01,Bob Brower,1986-1989
browefr01,Frank Brower,1920-1924
broweji01,Jim Brower,1999-2007
browelo01,Louis Brower,1931-1931
brown01,Robert Brown,1874-1874
brown06,Brown,1920-1921
brown07,Brown,1923-1923
brown08,Brown,1929-1929
brown09,Brown,1944-1944
brownad01,Adrian Brown,1997-2006
brownal01,Alton Brown,1951-1951
brownan01,Andrew Brown,2006-2008
brownan02,Andrew Brown,2011-2014
brownb05,B. Brown,1927-1927
brownba01,Barret Browning,2012-2012
brownba02,Barney Brown,1932-1948
brownbe01,Benny Brown,1932-1932
brownbe02,Ben Brown,2024-2025
brownbi01,Bill Brown,1912-1912
brownbl01,B.L. Brown,1945-1945
brownbo01,Carroll Brown,1911-1915
brownbo02,Bob Brown,1930-1936
brownbo03,Bobby Brown,1946-1954
brownbo04,Bobby Brown,1979-1985
brownbr01,Brant Brown,1996-2000
brownbr02,Brooks Brown,2014-2015
brownbu01,Buster Brown,1905-1913
brownby01,Byron Browne,1965-1972
brownca01,Cal Browning,1960-1960
brownch01,Charlie Brown,1897-1897
brownch02,Chris Brown,1984-1989
browncl01,Clint Brown,1928-1942
browncl02,Clarence Brown,1941-1941
brownco01,Corey Brown,2011-2014
brownco02,Country Brown,1924-1927
browncu01,Curly Brown,1911-1915
browncu02,Curtis Brown,1973-1973
browncu03,Curt Brown,1983-1987
browncu04,Curtis Brown,1947-1947
brownda01,Darrell Brown,1981-1984
brownda02,Dave Brown,1920-1925
brownde01,Delos Brown,1914-1914
brownde02,Dee Brown,1998-2007
browndi01,Dick Brown,1957-1965
browndo01,Domonic Brown,2010-2015
browndr01,Drummond Brown,1913-1915
browndu01,Dusty Brown,2009-2011
brownea01,Earl Browne,1935-1938
brownea02,Earl Brown,1924-1924
browned01,Ed Brown,1882-1884
browned02,Eddie Brown,1920-1928
brownel01,Elmer Brown,1911-1915
brownel02,Elmer Brown,1921-1921
brownem01,Emil Brown,1997-2009
brownfr01,Fred Brown,1901-1902
brownfr02,Frank Browning,1910-1910
brownga01,Gates Brown,1963-1975
brownga02,Gary Brown,2014-2014
brownge01,George Browne,1901-1912
brownge02,George Brown,1920-1921
brownge03,George Brown,1925-1927
brownge04,George Brown,1942-1942
brownha01,Hal Brown,1951-1964
brownhu01,Hunter Brown,2022-2025
brownik01,Ike Brown,1969-1974
brownj06,J. Brown,1920-1921
brownj07,J. Brown,1938-1938
brownj08,J. Brown,1939-1939
brownja01,Jackie Brown,1970-1977
brownja02,Jake Brown,1975-1975
brownja03,Jarvis Brown,1991-1995
brownja04,Jamie Brown,2004-2004
brownja05,James Brown,1939-1947
brownje01,Jerry Browne,1986-1995
brownje02,Jeremy Brown,2006-2006
brownje03,Jesse Brown,1938-1944
brownji01,Jim Brown,1884-1886
brownji02,Jim Brown,1915-1916
brownji03,Jimmy Brown,1937-1946
brownji04,Jim Brown,1920-1937
brownjo01,Joe Brown,1884-1885
brownjo02,John Brown,1897-1897
brownjo03,Joe Brown,1927-1927
brownjo04,Jophery Brown,1968-1968
brownjo05,Jordan Brown,2010-2013
brownjo06,Joe Brown,1937-1942
brownjo07,John Brown,1944-1948
brownju01,Jumbo Brown,1925-1941
brownke01,Kevin Brown,1986-2005
brownke02,Keith Brown,1988-1992
brownke03,Kevin Brown,1990-1992
brownke04,Kevin Brown,1996-2002
brownla01,Larry Brown,1963-1974
brownla02,Larry Brown,1923-1947
brownle01,Lew Brown,1876-1884
brownle02,Leon Brown,1976-1976
brownli01,Lindsay Brown,1937-1937
brownll01,Lloyd Brown,1925-1940
brownma01,Mace Brown,1935-1946
brownma02,Mark Brown,1984-1985
brownma03,Marty Brown,1988-1990
brownma04,Mark Brownson,1998-2000
brownma05,Matthew Brown,2007-2008
brownma06,Maywood Brown,1921-1925
brownmi01,Mike Brown,1982-1987
brownmi02,Mike Brown,1983-1988
brownmo01,Mordecai Brown,1903-1916
brownmy01,Myrl Brown,1922-1922
brownno01,Norm Brown,1943-1946
brownol01,Oliver Brown,1872-1875
brownol02,Ollie Brown,1965-1977
brownos01,Oscar Brown,1969-1973
brownos02,Ossie Brown,1935-1939
brownpa01,Paul Brown,1961-1968
brownpe01,Pete Browning,1882-1894
brownpi01,Pidge Browne,1962-1962
brownra01,Ray Brown,1909-1909
brownra02,Randy Brown,1969-1970
brownra99,Ray Brown,1931-1945
brownro02,Roosevelt Brown,1999-2002
brownro03,Ronnie Brown,1943-1943
brownsa01,Sam Brown,1906-1907
brownsc01,Scott Brown,1981-1981
brownsc02,Scrappy Brown,1926-1929
brownse01,Seth Brown,2019-2025
brownst01,Stub Brown,1893-1897
brownst02,Steve Brown,1983-1984
brownte01,Ted Brown,1943-1943
browntj01,T.J. Brown,1939-1948
brownto01,Tom Brown,1882-1898
brownto02,Tommy Brown,1944-1953
brownto03,Tom Brown,1963-1963
brownto04,Tom Brown,1978-1978
brownto05,Tom Browning,1984-1995
browntr01,Trevor Brown,2015-2016
brownwa01,Walter Brown,1947-1947
brownwi01,William Brown,1887-1894
brownwi02,Willard Brown,1937-1948
browsc01,Scott Brow,1993-1998
broxtjo01,Jonathan Broxton,2005-2017
broxtke01,Keon Broxton,2015-2019
broyl01,Broyles,1925-1925
brubabi01,Bill Brubaker,1932-1943
brubabr01,Bruce Brubaker,1967-1970
brubajt01,JT Brubaker,2020-2022
brucebo01,Bob Bruce,1959-1967
brucecl01,Clarence Bruce,1947-1948
bruceja01,Jay Bruce,2008-2021
brucell01,Lloyd Bruce,1940-1940
brucelo01,Lou Bruce,1904-1904
bruckan01,Andy Bruckmiller,1905-1905
bruckea01,Earle Brucker,1937-1943
bruckea02,Earle Brucker,1948-1948
bruckfr01,Fred Bruckbauer,1961-1961
bruggfr01,Frank Bruggy,1921-1925
brugmja01,Jaycob Brugman,2017-2017
bruhemi01,Mike Bruhert,1978-1978
bruihju01,Justin Bruihl,2021-2024
brujavi01,Vidal Bruján,2021-2025
brumbcl01,Cliff Brumbaugh,2001-2001
brumfja01,Jacob Brumfield,1992-1999
brumldu01,Duff Brumley,1994-1994
brumlmi01,Mike Brumley,1964-1966
brumlmi02,Mike Brumley,1987-1995
brummgl01,Glenn Brummer,1981-1985
brummgr01,Greg Brummett,1993-1993
brummty01,Tyson Brummett,2012-2012
brunato01,Tom Brunansky,1981-1994
brunebr01,Brian Bruney,2004-2012
brunege01,George Brunet,1956-1971
bruneja01,Jack Bruner,1949-1950
bruneju01,Justin Brunette,2000-2000
brunero01,Roy Bruner,1939-1941
brunoto01,Tom Bruno,1976-1979
brunsar01,Arlo Brunsberg,1966-1966
brunswi01,Will Brunson,1998-1999
brunter01,Eric Bruntlett,2003-2009
brushbo01,Bob Brush,1907-1907
bruskji01,Jim Bruske,1995-2000
brusswa01,Warren Brusstar,1977-1985
brutobi01,Bill Bruton,1953-1964
brutoja01,Jack Bruton,1937-1948
bruyeed01,Ed Bruyette,1901-1901
bryanal01,Allen Bryant,1940-1946
bryanbi01,Billy Bryan,1961-1968
bryancl01,Clay Bryant,1935-1940
bryande01,Derek Bryant,1979-1979
bryando01,Don Bryant,1966-1970
bryange01,George Bryant,1885-1885
bryankr01,Kris Bryant,2015-2025
bryanra01,Ralph Bryant,1985-1987
bryanrb01,R.B. Bryant,1937-1938
bryanro01,Ron Bryant,1967-1975
bryest01,Steve Brye,1970-1978
brynato01,Tod Brynan,1888-1891
brzykza01,Zach Brzykcy,2024-2024
bubelja01,Jaime Bubela,2005-2005
bubickr01,Kris Bubic,2020-2025
bubseha01,Hal Bubser,1922-1922
buchabo01,Bob Buchanan,1985-1989
buchabr01,Brian Buchanan,2000-2004
buchach01,Ches Buchanan,1935-1944
buchada01,David Buchanan,2014-2024
buchaja01,Jake Buchanan,2014-2017
buchaji01,Jim Buchanan,1905-1905
buchajo01,Johnny Bucha,1948-1953
bucheje01,Jerry Buchek,1961-1968
bucheji01,Jim Bucher,1934-1945
buchhcl01,Clay Buchholz,2007-2019
buchhta01,Taylor Buchholz,2006-2011
buchtry01,Ryan Buchter,2014-2021
buckega01,Garland Buckeye,1918-1928
buckega02,Gary Buckels,1994-1994
buckied01,Fred Buckingham,1895-1895
buckjo01,John Buck,2004-2014
buckldi01,Dick Buckley,1888-1895
bucklje01,Jess Buckles,1916-1916
buckljo01,John Buckley,1890-1890
bucklke01,Kevin Buckley,1984-1984
bucknbi01,Bill Buckner,1969-1990
bucknbi02,Billy Buckner,2007-2014
bucktr01,Travis Buck,2007-2012
budasma01,Mark Budaska,1978-1981
budd01,Jay Budd,1890-1890
buddery01,Ryan Budde,2007-2010
buddido01,Don Buddin,1956-1962
buddimi01,Mike Buddie,1998-2002
budnimi01,Mike Budnick,1946-1947
budzima01,Mark Budzinski,2003-2003
buechst01,Steve Buechele,1985-1995
buehlwa01,Walker Buehler,2017-2025
buehrma01,Mark Buehrle,2000-2015
bueloch01,Charlie Buelow,1901-1901
buelofr01,Fritz Buelow,1899-1907
buenofr01,Francisley Bueno,2008-2014
buentja01,Jay Buente,2010-2011
buesar01,Art Bues,1913-1914
buffich01,Charlie Buffinton,1882-1892
buforbl01,James Buford,1930-1933
buforda01,Damon Buford,1993-2001
bufordo01,Don Buford,1963-1972
buhlbo01,Bob Buhl,1953-1967
buhneja01,Jay Buhner,1987-2001
buicede01,DeWayne Buice,1987-1989
bukaujb01,JB Bukauskas,2021-2024
bukercy01,Cy Buker,1945-1945
bukerha01,Henry Buker,1884-1884
bukviry01,Ryan Bukvich,2002-2008
bulgeja01,Jason Bulger,2005-2011
bullage01,George Bullard,1954-1954
bullasi01,Sim Bullas,1884-1884
bullesc01,Scott Bullett,1991-1996
bullibr01,Bryan Bullington,2005-2010
bullibu01,Terry Bulling,1977-1983
bulliji01,Jim Bullinger,1992-1998
bulliki01,Kirk Bullinger,1998-2004
bulloer01,Eric Bullock,1985-1992
bullore01,Red Bullock,1936-1936
bumbral01,Al Bumbry,1972-1985
bumgama01,Madison Bumgarner,2009-2023
bummeaa01,Aaron Bummer,2017-2025
bumpna01,Nate Bump,2003-2005
bumpuea01,Earl Bumpus,1944-1948
buncejo01,Josh Bunce,1877-1877
bunchme01,Melvin Bunch,1995-1999
bundydy01,Dylan Bundy,2012-2022
bunkewa01,Wally Bunker,1963-1971
bunniji01,Jim Bunning,1955-1971
bunnwi01,Willie Bunn,1943-1943
burawda01,Danny Burawa,2015-2015
burba02,Burbank,1932-1932
burbabi01,Bill Burbach,1969-1971
burbabu01,Buddy Burbage,1929-1943
burbada01,Dave Burba,1990-2004
burbrne01,Nelson Burbrink,1955-1955
burchal01,Al Burch,1906-1911
burcher01,Ernie Burch,1884-1887
burchfr01,Fred Burchell,1903-1909
burchla01,Larry Burchart,1969-1969
burchwa01,Walter Burch,1934-1946
burdabo01,Bob Burda,1962-1972
burdefr01,Freddie Burdette,1962-1964
burdele01,Lew Burdette,1950-1967
burdibi01,Bill Burdick,1888-1889
burdini01,Nick Burdi,2018-2024
burdipe01,Peyton Burdick,2022-2023
burdiza01,Zack Burdi,2020-2023
burdoja01,Jack Burdock,1872-1891
burge02,Burgen,1947-1947
burgeja01,Jake Burger,2021-2025
burgep01,P. Burgett,1920-1920
burgep02,P. Burgess,1942-1942
burgesm01,Smoky Burgess,1949-1967
burgeto01,Tom Burgess,1954-1962
burgira01,Ralph Burgin,1936-1939
burgjo01,Joe Burg,1910-1910
burgmto01,Tom Burgmeier,1968-1984
burgoam01,Ambiorix Burgos,2005-2007
burgobi01,Bill Burgo,1943-1944
burgoen01,Enrique Burgos,1993-1995
burgoen02,Enrique Burgos,2015-2016
burgohi01,Hiram Burgos,2013-2013
burgora01,Raymond Burgos,2024-2024
buricbi01,Bill Burich,1942-1946
burkach01,Chauncey Burkam,1915-1915
burkael01,Elmer Burkart,1936-1939
burkebi01,William Burke,1887-1887
burkebi02,Billy Burke,1910-1911
burkebo01,Bobby Burke,1927-1937
burkebr01,Brock Burke,2019-2025
burkech01,Chris Burke,2004-2009
burkeda01,Dan Burke,1890-1892
burkeed01,Eddie Burke,1890-1897
burkeer01,Ernest Burke,1946-1948
burkefr01,Frank Burke,1906-1907
burkegl01,Glenn Burke,1976-1979
burkegr01,Greg Burke,2009-2013
burkeja01,James Burke,1882-1884
burkeja02,Jamie Burke,2001-2010
burkeje01,Jesse Burkett,1890-1905
burkeji01,Jimmy Burke,1898-1905
burkejo01,Joe Burke,1890-1891
burkejo02,John Burke,1902-1902
burkejo03,John Burkett,1987-2003
burkejo04,John Burke,1996-1997
burkejo05,Joe Burke,1937-1937
burkele01,Les Burke,1923-1926
burkele02,Leo Burke,1958-1965
burkemi01,Mike Burke,1879-1879
burkepa01,Pat Burke,1924-1924
burkese01,Sean Burke,2024-2025
burkest01,Steve Burke,1977-1978
burketi01,Tim Burke,1985-1992
burkhke01,Ken Burkhart,1945-1949
burkhmo01,Morgan Burkhart,2000-2003
burkma01,Mack Burk,1956-1958
burksa01,Sandy Burk,1910-1915
burksel01,Ellis Burks,1987-2004
burleal01,Alec Burleson,2022-2025
burleri01,Rick Burleson,1974-1987
burneal01,Alex Burnett,2010-2013
burneco01,Corbin Burnes,2018-2025
burnehe01,Hercules Burnett,1888-1895
burneja01,Jack Barnett,1907-1907
burnejo01,Johnny Burnett,1927-1935
burnese01,Sean Burnett,2004-2016
burnete01,Tex Burnett,1922-1941
burnewa01,Wally Burnette,1956-1958
burnhwi01,Willie Burnham,1932-1932
burnije01,Jeromy Burnitz,1993-2006
burnsan01,Andy Burns,2016-2021
burnsbi01,Bill Burns,1908-1912
burnsbi02,Billy Burns,2014-2017
burnsbr01,Britt Burns,1978-1985
burnsco01,Cory Burns,2012-2013
burnsde01,Dennis Burns,1923-1924
burnsdi01,Dick Burns,1883-1885
burnsed01,Ed Burns,1912-1918
burnsfa01,Farmer Burns,1901-1901
burnsge01,George Burns,1911-1925
burnsge02,George Burns,1914-1929
burnsja01,Jack Burns,1903-1904
burnsja02,Jack Burns,1930-1936
burnsji01,Jim Burns,1888-1891
burnsjo01,Joseph Burns,1910-1913
burnsjo02,Joe Burns,1924-1924
burnsjo03,Joe Burns,1943-1945
burnsmi01,Mike Burns,2005-2009
burnsoy01,Thomas Burns,1884-1895
burnspa01,John Burns,1884-1884
burnspe01,Pete Burnside,1955-1963
burnssh01,Sheldon Burnside,1978-1980
burnsto01,Tom Burns,1880-1892
burnsto02,Todd Burns,1988-1993
burnswi01,Willie Burns,1935-1945
burpoge01,George Burpo,1946-1946
burral01,Tom Burr,1914-1914
burrebr01,Brian Burres,2006-2011
burrebu01,Frank Burrell,1891-1897
burreha01,Harry Burrell,1891-1891
burrepa01,Pat Burrell,2000-2011
burrial01,Al Burris,1894-1894
burriem01,Emmanuel Burriss,2008-2016
burrila01,Larry Burright,1962-1964
burripa01,Paul Burris,1948-1953
burrira01,Ray Burris,1973-1987
burrisa01,Samuel Burris,1940-1940
burro02,Burrows,1940-1942
burrobe01,Beau Burrows,2020-2021
burrohe01,Henry Burroughs,1871-1872
burroje01,Jeff Burroughs,1970-1985
burrojo01,John Burrows,1943-1944
burromi01,Mike Burrows,2024-2024
burrose01,Sean Burroughs,2002-2012
burrote01,Terry Burrows,1994-1997
burrry01,Ryan Burr,2018-2024
burrudi01,Dick Burrus,1919-1928
burtfr01,Frank Burt,1882-1882
burtodi01,Dick Burton,1938-1938
burtoel01,Ellis Burton,1958-1965
burtoja01,Jared Burton,2007-2014
burtoji01,Jim Burton,1975-1977
burtosa01,Sammy Burton,1940-1940
burtsmo01,Moe Burtschy,1950-1956
burttde01,Dennis Burtt,1985-1986
burwebi01,Bill Burwell,1920-1928
burwedi01,Dick Burwell,1960-1961
busbyji01,Jim Busby,1950-1962
busbyji02,Jim Busby,1933-1933
busbymi01,Mike Busby,1996-1999
busbypa01,Paul Busby,1941-1943
busbyst01,Steve Busby,1972-1980
buschbr01,Brian Buscher,2007-2009
buschdo01,Don Buschhorn,1965-1965
busched01,Ed Busch,1943-1945
buschma01,Matt Buschmann,2016-2016
buschmi01,Mike Busch,1995-1996
buschmi02,Michael Busch,2023-2025
busenal01,Alan Busenitz,2017-2024
bushda01,Dave Bush,2004-2013
bushdo01,Donie Bush,1908-1923
bushefr01,Frank Bushey,1927-1930
busheja01,Jack Bushelman,1909-1912
bushgu01,Guy Bush,1923-1945
bushho01,Homer Bush,1997-2004
bushich01,Chris Bushing,1993-1993
bushjo01,Bullet Joe Bush,1912-1928
bushky01,Ky Bush,2024-2024
bushma01,Matt Bush,2016-2023
bushodo01,Doc Bushong,1875-1890
bushra01,Randy Bush,1982-1993
buskejo01,Joe Buskey,1926-1926
buskemi01,Mike Buskey,1977-1977
busketo01,Tom Buskey,1973-1980
bussera01,Ray Busse,1971-1974
bussni01,Nick Buss,2013-2016
bustehe01,Herbert Buster,1943-1943
butchha01,Hank Butcher,1911-1912
butchjo01,John Butcher,1980-1986
butchma01,Max Butcher,1936-1945
butchmi01,Mike Butcher,1992-1995
buterdr01,Drew Butera,2010-2021
butersa01,Sal Butera,1980-1988
butkaed01,Ed Butka,1943-1944
butlabi01,Bill Butland,1940-1947
butle05,Butler,1937-1937
butlead01,Adam Butler,1998-1998
butlear01,Art Butler,1911-1916
butlebi01,Bill Butler,1884-1884
butlebi02,Bill Butler,1969-1977
butlebi03,Billy Butler,2007-2016
butlebr01,Brett Butler,1981-1997
butlebr02,Brent Butler,2001-2003
butlece01,Cecil Butler,1962-1964
butlech01,Charlie Butler,1933-1933
butleda01,Dan Butler,2014-2018
butledi01,Dick Butler,1897-1899
butleed01,Eddie Butler,2014-2018
butleed02,Ed Butler,1943-1945
butlefr01,Frank Butler,1895-1895
butleik01,Ike Butler,1902-1902
butlejo01,John Butler,1901-1907
butlejo02,Johnny Butler,1926-1929
butlejo03,Josh Butler,2009-2009
butlejo04,Joey Butler,2013-2015
butleke01,Keith Butler,2013-2014
butleki01,Frank Butler,1884-1884
butleki02,Kid Butler,1907-1907
butlela01,Lawrence Butler,2023-2025
butleri01,Rich Butler,1997-1999
butlero01,Rob Butler,1993-1999
buttefr01,Frank Buttery,1872-1872
butteto01,Tom Butters,1962-1965
buttojo01,José Buttó,2022-2025
buttrty01,Ty Buttrey,2018-2020
buttsto01,Tommy Butts,1938-1948
buxtoby01,Byron Buxton,2015-2025
buxtora01,Ralph Buxton,1938-1949
buzasjo01,Joe Buzas,1945-1945
buzhajo01,John Buzhardt,1958-1968
byassu01,Subby Byas,1932-1942
byerlbu01,Bud Byerly,1943-1960
byersbi01,Bill Byers,1904-1904
byersbu01,Burley Bayer,1899-1899
byersra01,Randy Byers,1987-1988
bynumfr01,Freddie Bynum,2005-2008
bynummi01,Mike Bynum,2002-2004
byrdati01,Tim Byrdak,1998-2013
byrdbi01,Bill Byrd,1933-1948
byrdha01,Harry Byrd,1950-1957
byrdje01,Jeff Byrd,1977-1977
byrdji01,Jim Byrd,1993-1993
byrdma01,Marlon Byrd,2002-2016
byrdol01,Ollie Byrd,1921-1921
byrdpa01,Paul Byrd,1995-2009
byrdsa01,Samuel Byrd,1929-1936
byrnebo01,Bobby Byrne,1907-1917
byrneer01,Eric Byrnes,2000-2010
byrneje01,Jerry Byrne,1929-1929
byrneji01,Jim Byrnes,1906-1906
byrnemi01,Milt Byrnes,1943-1945
byrneto01,Tommy Byrne,1943-1957
byroncy01,Cyril Byron,1946-1946
bystrma01,Marty Bystrom,1980-1985
