player_id,name,years
gabbaka01,Kason Gabbard,2006-2008
gabe01,Gabe,1925-1925
gabinar01,Armando Gabino,2009-2010
gablefr01,Frank Gabler,1935-1938
gablega01,Gabe Gabler,1958-1958
gablega02,John Gabler,1959-1961
gableke01,Ken Gables,1945-1947
gabrile01,Len Gabrielson,1939-1939
gabrile02,Len Gabrielson,1960-1970
gaddihu01,Hunter Gaddis,2022-2025
gaddyjo01,John Gaddy,1938-1938
gadsdgu01,Gus Gadsden,1932-1932
gaedeed01,Eddie Gaedel,1951-1951
gaettga01,Gary Gaetti,1981-2000
gaffbr01,Brent Gaff,1982-1984
gaffkfa01,Fabian Gaffke,1936-1942
gagema01,Matt Gage,2022-2023
gagliph01,Phil Gagliano,1963-1974
gaglira01,Ralph Gagliano,1965-1965
gagneer01,Éric Gagné,1999-2008
gagnegr01,Greg Gagne,1983-1997
gagnied01,Ed Gagnier,1914-1915
gagnoch01,Chick Gagnon,1922-1924
gagnodr01,Drew Gagnon,2018-2019
gagusch01,Charlie Geggus,1884-1884
gailled01,Eddie Gaillard,1997-1999
gainede01,Del Gainer,1909-1922
gaineja01,Jay Gainer,1993-1993
gainejo01,Joe Gaines,1960-1966
gainejo02,Jonas Gaines,1937-1948
gainene01,Nemo Gaines,1921-1921
gainety01,Ty Gainey,1985-1987
gaisefr01,Fred Gaiser,1908-1908
gajkost01,Steve Gajkowski,1998-1998
gakelda01,Dan Gakeler,1991-1991
galanau01,Augie Galan,1934-1949
galaran01,Andrés Galarraga,1985-2004
galarar01,Armando Galarraga,2007-2012
galasbo01,Bob Galasso,1977-1981
galatmi01,Milt Galatzer,1933-1939
galehde01,Denny Galehouse,1934-1949
galeri01,Rich Gale,1978-1984
galero01,Rocky Gale,2015-2019
gallaal01,Al Gallagher,1970-1973
gallabi01,Bill Gallagher,1883-1884
gallabo01,Bob Gallagher,1972-1975
gallaca01,Cam Gallagher,2017-2023
gallada01,Dave Gallagher,1987-1995
gallado01,Doug Gallagher,1962-1962
gallaed01,Ed Gallagher,1932-1932
gallagi01,Gil Gallagher,1922-1922
gallaja01,Jackie Gallagher,1923-1923
gallaji01,Pete Galligan,1886-1886
gallajo01,John Gallagher,1915-1915
gallajo02,Joe Gallagher,1939-1940
gallase01,Sean Gallagher,2007-2010
gallash01,Shorty Gallagher,1901-1901
gallawi01,William Gallagher,1896-1896
gallayo01,Yovani Gallardo,2007-2018
gallegi01,Giovanny Gallegos,2017-2024
gallemi01,Mike Gallego,1985-1997
gallest01,Stan Galle,1942-1942
galleza01,Zac Gallen,2019-2025
gallibe01,Bert Gallia,1912-1920
galliji01,John Galligan,1889-1889
galliph01,Phil Gallivan,1931-1934
galljo01,John Gall,2005-2007
galloch01,Chick Galloway,1919-1928
gallois01,Isaac Galloway,2018-2019
galloji01,Jim Galloway,1912-1912
gallojo01,Joey Gallo,2015-2024
gallomi01,Mike Gallo,2003-2006
galveba01,Balvino Gálvez,1986-1986
galveca01,Cándido Gálvez,1929-1932
galvifr01,Freddy Galvis,2012-2021
galviji01,Jim Galvin,1930-1930
galvijo01,John Galvin,1872-1872
galvilo01,Lou Galvin,1884-1884
galvipu01,Pud Galvin,1875-1892
gamblbo01,Bob Gamble,1888-1888
gambljo01,John Gamble,1972-1973
gamblle01,Lee Gamble,1935-1940
gamblos01,Oscar Gamble,1969-1985
gamblwi01,William Gamble,1921-1921
gamboed01,Eddie Gamboa,2016-2016
gamelbe01,Ben Gamel,2016-2024
gamelma01,Mat Gamel,2008-2012
gamizdo01,Domingo Gámiz,1925-1925
gamizma01,Márgaro Gámiz,1926-1929
gammoda01,Daff Gammons,1901-1901
gandagu01,Gus Gandarillas,2001-2001
gandich01,Chick Gandil,1910-1919
gandybo01,Bob Gandy,1916-1916
ganlebo01,Bob Ganley,1905-1909
gannobi01,Bill Gannon,1901-1901
gannogu01,Gussie Gannon,1895-1895
gannojo01,Joe Gannon,1898-1898
gansju01,Judy Gans,1920-1925
gantejo01,Joe Gantenbein,1939-1940
gantjo01,John Gant,2016-2021
gantnji01,Jim Gantner,1976-1992
gantro01,Ron Gant,1987-2003
ganzeba01,Babe Ganzel,1927-1928
ganzech01,Charlie Ganzel,1884-1897
ganzejo01,John Ganzel,1898-1908
garabed01,Eddy Garabito,2005-2005
garabge01,Gerson Garabito,2024-2025
garagjo01,Joe Garagiola,1946-1954
garagke01,Keith Garagozzo,1994-1994
garatvi01,Víctor Gárate,2009-2009
garbabo01,Bob Garbark,1934-1945
garbami01,Mike Garbark,1944-1945
garbeba01,Bárbaro Garbey,1984-1988
garbebo01,Bob Garber,1956-1956
garbege01,Gene Garber,1969-1988
garboal01,Alex Garbowski,1952-1952
garcefr01,Frank Garcés,2014-2015
garceri01,Rich Garcés,1990-2002
garciad01,Adonis García,2015-2017
garciad02,Adolis García,2018-2025
garciam01,Amaury García,1999-1999
garcian01,Anderson García,2007-2007
garcian02,Angel García,1945-1948
garciar01,Aramis Garcia,2018-2024
garciav01,Avisaíl García,2012-2024
garcibr01,Bryan Garcia,2019-2022
garcica01,Carlos García,1990-1999
garcich01,Chico García,1954-1954
garcich02,Christian Garcia,2012-2012
garcich03,Chano García,1926-1927
garcico01,Cocaína García,1927-1935
garcida01,Dámaso García,1978-1989
garcida02,Danny Garcia,1981-1981
garcida03,Daniel Garcia,2003-2004
garcide01,Deivi García,2020-2024
garcide02,Dérmis García,2022-2022
garcied01,Edgar García,2019-2021
garcifr01,Freddy García,1995-1999
garcifr03,Freddy García,1999-2013
garcigr01,Greg Garcia,2014-2020
garcigu01,Guillermo Garcia,1998-1999
garciha01,Harvey García,2007-2007
garcija02,Jaime García,2008-2018
garcija03,Jason García,2015-2015
garcija04,Jarlín García,2017-2022
garcije01,Jesse Garcia,1999-2005
garcijo01,José García,2006-2006
garcika01,Karim García,1995-2004
garciki01,Kiko Garcia,1976-1985
garcile01,Leo García,1987-1988
garcile02,Leury García,2013-2022
garcilu01,Luis Garcia,1999-1999
garcilu02,Luis García,2002-2002
garcilu03,Luis García,2013-2025
garcilu04,Luis García Jr.,2020-2025
garcilu05,Luis Garcia,2020-2023
garcima01,Maikel Garcia,2022-2025
garcimi01,Mike Garcia,1948-1961
garcimi02,Miguel García,1987-1989
garcimi03,Mike Garcia,1999-2000
garcino01,Nomar Garciaparra,1996-2009
garcion01,Onelki García,2013-2017
garcipe01,Pedro García,1973-1977
garcira01,Ramon Garcia,1948-1948
garcira02,Ralph Garcia,1972-1974
garcira03,Ramón García,1991-1997
garcire01,Reynaldo Garcia,2002-2003
garciri01,Rico Garcia,2019-2023
garciro01,Rosman García,2003-2004
garciro02,Robel García,2019-2021
garciro03,Rony García,2020-2022
garciro04,Robert Garcia,2023-2025
garcisi01,Silvio García,1936-1947
garciwi01,Willy García,2017-2017
garciyi01,Yimi García,2014-2025
gardeal01,Al Gardella,1945-1945
gardeda01,Danny Gardella,1944-1950
gardeni01,Nick Gardewine,2017-2018
gardero01,Ron Gardenhire,1981-1985
gardiar01,Art Gardiner,1923-1923
gardimi01,Mike Gardiner,1990-1995
gardn03,Gardner,1923-1923
gardn04,Gardner,1932-1932
gardn05,Gardner,1948-1948
gardnal01,Alex Gardner,1884-1884
gardnar01,Art Gardner,1975-1978
gardnbi01,Bill Gardner,1887-1887
gardnbi02,Billy Gardner,1954-1963
gardnbr01,Brett Gardner,2008-2021
gardnch01,Chris Gardner,1991-1991
gardnea01,Earle Gardner,1908-1912
gardngi01,Gid Gardner,1879-1888
gardngl01,Glenn Gardner,1945-1945
gardnha01,Harry Gardner,1911-1912
gardnje01,Jeff Gardner,1991-1994
gardnje02,Jelly Gardner,1920-1931
gardnji01,Jim Gardner,1895-1902
gardnla01,Larry Gardner,1908-1924
gardnle01,Lee Gardner,2002-2008
gardnma01,Mark Gardner,1989-2001
gardnpi01,Ping Gardner,1923-1932
gardnra01,Ray Gardner,1929-1930
gardnro01,Rob Gardner,1965-1973
gardnwe01,Wes Gardner,1984-1991
garey01,Garey,1925-1925
garfibi01,Bill Garfield,1889-1890
garibar01,Art Garibaldi,1936-1936
garibbo01,Bob Garibaldi,1962-1969
garibda01,Daniel Garibay,2000-2000
garkory01,Ryan Garko,2005-2010
garlajo01,Jon Garland,2000-2013
garlalo01,Lou Garland,1931-1931
garlawa01,Wayne Garland,1973-1981
garliky01,Kyle Garlick,2019-2023
garmami01,Mike Garman,1969-1978
garmsde01,Debs Garms,1932-1945
garneco01,Cole Garner,2011-2011
garnedu01,Dustin Garneau,2015-2022
garnepe01,Perci Garner,2016-2016
garneph01,Phil Garner,1973-1988
garonwi01,Willie Garoni,1899-1899
garread01,Adrian Garrett,1966-1976
garream01,Amir Garrett,2017-2024
garrebr01,Braxton Garrett,2020-2024
garrecl01,Clarence Garrett,1915-1915
garregr01,Greg Garrett,1970-1971
garrere01,Reed Garrett,2019-2025
garresc01,Scott Garrelts,1982-1991
garresp01,Spike Garrett,1944-1945
garrest01,Stone Garrett,2022-2024
garreto01,Tom Garrett,1930-1930
garrewa01,Wayne Garrett,1969-1978
garrice01,Cecil Garriott,1946-1946
garricl01,Cliff Garrison,1928-1928
garrifo01,Ford Garrison,1943-1946
garrigi01,Gil Garrido,1964-1972
garrigi02,Gil Garrido,1944-1945
garriha01,Hank Garrity,1931-1931
garrist01,Steve Garrison,2011-2011
garriwe01,Webster Garrison,1996-1996
garrra01,Ralph Garr,1968-1980
garryji01,Jim Garry,1893-1893
gartory01,Ryan Garton,2016-2019
garvemi01,Mitch Garver,2017-2025
garvene01,Ned Garver,1948-1961
garvest01,Steve Garvey,1969-1987
garvi02,Garvin,1938-1938
garvije01,Jerry Garvin,1977-1982
garvine01,Ned Garvin,1896-1904
garych01,Charles Gary,1948-1948
garzaju01,Justin Garza,2021-2023
garzama01,Matt Garza,2006-2017
garzara01,Ralph Garza,2021-2022
gaspaha01,Harry Gaspar,1909-1912
gasparo01,Rod Gaspar,1969-1974
gaspemi01,Mickey Gasper,2024-2025
gassach01,Charlie Gassaway,1944-1946
gassero01,Robert Gasser,2024-2024
gassnda01,Dave Gassner,2005-2005
gastato01,Tom Gastall,1955-1956
gastfed01,Ed Gastfield,1884-1885
gastjo01,John Gast,2013-2013
gastoal01,Alex Gaston,1920-1929
gastoci01,Cito Gaston,1967-1978
gastomi01,Milt Gaston,1924-1934
gastoro01,Robert Gaston,1932-1948
gastowe01,Welcome Gaston,1898-1899
gastrha01,Hank Gastright,1889-1896
gatesbr01,Brent Gates,1993-1999
gatesjo01,Joe Gates,1978-1979
gatesmi01,Mike Gates,1981-1982
gatewau01,Aubrey Gatewood,1963-1970
gatewbi01,Bill Gatewood,1920-1927
gatewer01,Ernest Gatewood,1924-1927
gathrjo01,Joey Gathright,2004-2011
gatinfr01,Frank Gatins,1898-1901
gattiev01,Evan Gattis,2013-2018
gaubjo01,John Gaub,2011-2011
gaudeji01,Jim Gaudet,1978-1979
gaudich01,Chad Gaudin,2003-2013
gaulemi01,Mike Gaule,1889-1889
gausmke01,Kevin Gausman,2013-2025
gautrdo01,Doc Gautreau,1925-1928
gautrsi01,Sid Gautreaux,1936-1937
gavigsa01,Sam Gaviglio,2017-2020
gavin01,Gavin,1935-1935
gawch01,George Gaw,1920-1920
gayhe01,Herbert Gay,1929-1930
gaywi01,Willie Gay,1929-1929
gazelmi01,Mike Gazella,1923-1928
gearda01,Dale Gear,1896-1901
gearhga01,Lloyd Gearhart,1947-1947
gearidi01,Dinty Gearin,1923-1924
gearrco01,Cory Gearrin,2011-2020
gearybo01,Bob Geary,1918-1921
gearyge01,Geoff Geary,2003-2009
gearyhu01,Huck Geary,1942-1943
gebhabo01,Bob Gebhard,1971-1974
gebripe01,Pete Gebrian,1947-1947
geddeji01,Jim Geddes,1972-1973
gedeoel01,Elmer Gedeon,1939-1939
gedeojo01,Joe Gedeon,1913-1920
gedmari01,Rich Gedman,1980-1992
gedneco01,Count Gedney,1872-1875
geedi01,Dillon Gee,2010-2017
geejo01,Johnny Gee,1939-1946
geerbi01,Billy Geer,1874-1885
geeri01,Rich Gee,1923-1929
geerjo01,Josh Geer,2008-2009
geesa01,Sammy Gee,1948-1948
geeto01,Tom Gee,1925-1926
gehrich01,Charlie Gehringer,1924-1942
gehrihe01,Hank Gehring,1907-1908
gehrilo01,Lou Gehrig,1923-1939
gehrmpa01,Paul Gehrman,1937-1937
geierph01,Phil Geier,1896-1904
geigega01,Gary Geiger,1958-1970
geisbi01,Bill Geiss,1882-1884
geiseda01,Dave Geisel,1978-1985
geishve01,Vern Geishert,1969-1969
geissem01,Emil Geiss,1887-1887
gelbech01,Charlie Gelbert,1929-1940
gelnajo01,John Gelnar,1964-1971
gelofza01,Zack Gelof,2023-2024
geltzst01,Steve Geltz,2012-2016
genewjo01,Joe Genewich,1922-1930
geninfr01,Frank Genins,1892-1901
gennesc01,Scooter Gennett,2013-2019
genovge01,George Genovese,1950-1950
gentiji01,Jim Gentile,1957-1966
gentisa01,Sam Gentile,1943-1943
gentrcr01,Craig Gentry,2009-2018
gentrga01,Gary Gentry,1969-1975
gentrha01,Harvey Gentry,1954-1954
gentrru01,Rufe Gentry,1943-1948
gentrty01,Tyler Gentry,2024-2024
georgal01,Alex George,1955-1955
georgbi01,Bill George,1887-1889
georgch01,Chris George,1991-1991
georgch02,Chris George,2001-2004
georggr01,Charles George,1935-1945
georgjo01,John George,1922-1924
georgle01,Lefty George,1911-1918
georgos01,Oscar Georgy,1938-1938
geragbe01,Ben Geraghty,1936-1944
geraral01,Alphonso Gerard,1945-1948
gerarda01,Dave Gerard,1962-1962
gerbecr01,Craig Gerber,1985-1985
gerbege01,George Gerberman,1962-1962
gerbejo01,Joey Gerber,2020-2020
gerbemi01,Mike Gerber,2018-2019
gerbewa01,Wally Gerber,1914-1929
gerenbo01,Bob Geren,1988-1993
gerha02,Gerhart,1920-1920
gerhajo01,Joe Gerhardt,1873-1891
gerhake01,Ken Gerhart,1986-1988
gerharu01,Rusty Gerhardt,1974-1974
gerheal01,Al Gerheauser,1943-1948
gerkege01,George Gerken,1927-1928
gerkist01,Steve Gerkin,1945-1945
gerlajo01,Johnny Gerlach,1938-1939
germado01,Domingo Germán,2017-2024
germaes01,Esteban Germán,2002-2011
germafr01,Franklyn Germán,2002-2008
germafr02,Franklin German,2022-2022
germaju01,Justin Germano,2004-2014
germale01,Les German,1890-1897
germego01,Gonzalez Germen,2013-2016
gernedi01,Dick Gernert,1952-1962
gerneed01,Ed Gerner,1919-1919
geronce01,César Gerónimo,1969-1983
gertelo01,Lou Gertenrich,1901-1903
gerutjo01,Jody Gerut,2003-2010
gervale01,Lefty Gervais,1913-1913
gervasa01,Sammy Gervacio,2009-2010
gessldo01,Doc Gessler,1903-1911
gessnch01,Charlie Gessner,1886-1886
getteal01,Al Gettel,1945-1955
gettiby01,Byron Gettis,2004-2004
gettich01,Charlie Gettig,1896-1899
gettito01,Tom Gettinger,1889-1895
gettmja01,Jake Gettman,1897-1899
getzch01,Chris Getz,2008-2014
getzgu01,Gus Getz,1909-1918
getzich01,Pretzels Getzien,1884-1892
geyerru01,Rube Geyer,1910-1913
geygach01,Chappie Geygan,1924-1926
gharrpa01,Patsy Gharrity,1916-1930
ghelfto01,Tony Ghelfi,1983-1983
giallbo01,Bob Giallombardo,1958-1958
giambja01,Jason Giambi,1995-2014
giambje01,Jeremy Giambi,1998-2003
giambtr01,Trent Giambrone,2021-2021
giannjo01,Joe Giannini,1911-1911
giannra01,Ray Giannelli,1991-1995
giardjo01,Joe Giard,1925-1927
giarrto01,Tony Giarratano,2005-2005
giavojo01,Johnny Giavotella,2011-2017
gibauia01,Ian Gibaut,2019-2025
gibboja01,Jay Gibbons,2001-2011
gibbojo01,Joe Gibbon,1960-1972
gibbojo02,John Gibbons,1984-1986
gibbojo03,John Gibbons,1941-1941
gibbowa01,Walter Gibbons,1948-1948
gibbsja01,Jake Gibbs,1962-1971
gibrast01,Steve Gibralter,1995-1996
gibso03,Gibson,1925-1925
gibsobo01,Bob Gibson,1959-1975
gibsobo02,Bob Gibson,1983-1987
gibsoch01,Charlie Gibson,1905-1905
gibsoch02,Charlie Gibson,1924-1924
gibsode01,Derrick Gibson,1998-1999
gibsofr01,Frank Gibson,1913-1927
gibsoge01,George Gibson,1905-1918
gibsojo99,Josh Gibson,1930-1946
gibsoki01,Kirk Gibson,1979-1995
gibsoky01,Kyle Gibson,2013-2024
gibsono01,Norwood Gibson,1903-1906
gibsopa01,Paul Gibson,1988-1996
gibsopa02,Paul Gibson,1935-1935
gibsoro01,Robert Gibson,1890-1890
gibsoru01,Russ Gibson,1967-1972
gibsosa01,Sam Gibson,1926-1932
gibsowh01,Whitey Gibson,1888-1888
gickge01,George Gick,1937-1938
gideobr01,Brett Gideon,1987-1990
gideoji01,Jim Gideon,1975-1975
giebefl01,Floyd Giebell,1939-1941
giebejo01,Joe Giebel,1913-1913
gielpa01,Paul Giel,1954-1961
gieseda01,Dan Giese,2007-2009
giggibo01,Bob Giggie,1959-1962
gigonno01,Norm Gigon,1967-1967
gilbe01,Benji Gil,1993-2003
gilbean01,Andy Gilbert,1942-1946
gilbebi01,Bill Gilbert,1892-1892
gilbebi02,Billy Gilbert,1901-1909
gilbebu01,Buddy Gilbert,1959-1959
gilbech01,Charlie Gilbert,1940-1947
gilbeha01,Harry Gilbert,1890-1890
gilbeja01,Jack Gilbert,1898-1904
gilbejo01,John Gilbert,1890-1890
gilbejo02,Joe Gilbert,1972-1973
gilbela01,Larry Gilbert,1914-1915
gilbelo01,Logan Gilbert,2021-2025
gilbema01,Mark Gilbert,1985-1985
gilbepe01,Pete Gilbert,1890-1894
gilbesh01,Shawn Gilbert,1997-2000
gilbeto01,Tookie Gilbert,1950-1953
gilbety01,Tyler Gilbert,2021-2025
gilbewa01,Wally Gilbert,1928-1932
gilbrbi01,Bill Gilbreth,1971-1974
gilbrlu01,Lucas Gilbreath,2021-2024
gilbrro01,Rod Gilbreath,1972-1978
gilchde01,Dennis Gilchrist,1932-1935
giledo01,Don Gile,1959-1962
giles03,Giles,1928-1928
gilesbr01,Brian Giles,1981-1990
gilesbr02,Brian Giles,1995-2009
gilesge01,George Giles,1927-1938
gileske01,Ken Giles,2014-2022
gilesma01,Marcus Giles,2001-2007
gilfija01,Jason Gilfillan,2003-2003
gilgahu01,Hugh Gilgan,1875-1875
gilge01,Gerónimo Gil,2001-2007
gilgu01,Gus Gil,1967-1971
gilhage01,George Gilham,1920-1921
gilhofr01,Frank Gilhooley,1911-1919
gilje01,Jerry Gil,2004-2007
gilkebe01,Bernard Gilkey,1990-2001
gilksbo01,Bob Gilks,1887-1893
gillaco01,Conor Gillaspie,2008-2017
gillalo01,Logan Gillaspie,2022-2025
gillebo01,Bob Gillespie,1944-1950
gilleca01,Carden Gillenwater,1940-1948
gillecl01,Claral Gillenwater,1923-1923
gilleco01,Cole Gillespie,2010-2016
gilled01,Ed Gill,1919-1919
gillehe01,Henry Gillespie,1925-1928
gilleji01,John Gillespie,1890-1890
gillejo01,John Gillespie,1922-1922
gillepa01,Paul Gillespie,1942-1945
gillepe01,Patrick Gillespie,1880-1887
gillesa01,Sam Gillen,1893-1897
gilleto01,Tom Gillen,1884-1886
gilleto02,Tom Gilles,1990-1990
gillge01,George Gill,1937-1939
gillge02,George Gill,1931-1937
gillha01,Haddie Gill,1923-1923
gilliba01,Barney Gilligan,1879-1888
gillico01,Connor Gillispie,2024-2025
gilligr01,Grant Gillis,1927-1929
gillija01,Jack Gilligan,1909-1910
gilliji01,Jim Gilliam,1946-1966
gillimu01,Murray Gillispie,1930-1932
gillipa01,Paul Gilliford,1967-1967
gillipe01,Pen Gilliard,1937-1938
gillji01,Jim Gill,1889-1889
gilljo01,Johnny Gill,1927-1936
gillpge01,George Gillpatrick,1898-1898
gillu01,Luis Gil,2021-2024
gillwa01,Warren Gill,1908-1908
gilmaji01,Jim Gilman,1893-1893
gilmapi01,Pit Gilman,1884-1884
gilmase01,Sean Gilmartin,2015-2020
gilmofr01,Frank Gilmore,1886-1888
gilmogr01,Grover Gilmore,1914-1915
gilmoji01,Thomas Gilmore,1875-1875
gilmole01,Len Gilmore,1944-1944
gilmole02,Lefty Gilmore,1926-1926
gilpi01,Gilpin,1946-1946
gilro01,Henry Gilroy,1874-1875
gilrojo01,John Gilroy,1895-1896
gilsoha01,Hal Gilson,1968-1968
gilyalu01,Luther Gilyard,1937-1942
gimenan01,Andrés Giménez,2020-2025
gimench01,Chris Gimenez,2009-2018
gimenhe01,Héctor Giménez,2006-2013
gindlca01,Caleb Gindl,2013-2014
gingbi01,Billy Ging,1899-1899
gingrjo01,Joe Gingras,1915-1915
ginkeke01,Kevin Ginkel,2019-2024
ginnjt01,J.T. Ginn,2024-2025
ginnti01,Tinsley Ginn,1914-1914
ginsbjo01,Joe Ginsberg,1948-1962
ginteke01,Keith Ginter,2000-2005
gintema01,Matt Ginter,2000-2008
giolilu01,Lucas Giolito,2016-2023
gionfal01,Al Gionfriddo,1944-1947
giordto01,Tommy Giordano,1953-1953
giovaed01,Ed Giovanola,1995-1999
gipsoal01,Alvin Gipson,1941-1946
gipsoch01,Charles Gipson,1998-2005
gipsosa01,Sawyer Gipson-Long,2023-2023
gipsote01,Ted Gipson,1941-1941
girarch01,Charlie Girard,1910-1910
girarjo01,Joe Girardi,1989-2003
girodch01,Chad Girodo,2016-2016
gisenwi01,Willie Gisentaner,1921-1936
gissech01,Chris Gissell,2004-2004
gittech01,Chris Gittens,2021-2021
giulito01,Tony Giuliani,1936-1943
giustda01,Dave Giusti,1962-1977
givenbr01,Brian Givens,1995-1996
givenmy01,Mychal Givens,2015-2023
givenos01,Oscar Givens,1939-1948
gladdda01,Dan Gladden,1983-1993
gladdfr01,Fred Gladding,1961-1973
gladdji01,Jim Gladd,1946-1946
gladefr01,Fred Glade,1902-1908
gladmbu01,Buck Gladmon,1883-1886
gladn01,Gladney,1932-1932
gladuro01,Roland Gladu,1944-1944
glaisjo01,John Glaiser,1920-1920
glanvdo01,Doug Glanville,1996-2004
glaseno01,Norman Glaser,1920-1920
glasnty01,Tyler Glasnow,2016-2025
glaspbe01,Ben Glaspy,1926-1926
glass02,Glass,1942-1942
glassca01,Carl Glass,1924-1930
glassja01,Jack Glasscock,1879-1895
glassto01,Tom Glass,1925-1925
glaubke01,Keith Glauber,1998-2000
glaustr01,Troy Glaus,1998-2010
glavelu01,Luke Glavenich,1913-1913
glavimi01,Mike Glavine,2003-2003
glavito01,Tommy Glaviano,1949-1953
glavito02,Tom Glavine,1987-2008
glazera01,Ralph Glaze,1906-1908
glaznwh01,Whitey Glazner,1920-1924
gleasbi01,Bill Gleason,1882-1889
gleasbi02,Bill Gleason,1890-1890
gleasbi03,Billy Gleason,1916-1921
gleasha01,Harry Gleason,1901-1905
gleasja01,Jack Gleason,1877-1886
gleasjo01,Joe Gleason,1920-1922
gleaski01,Kid Gleason,1888-1912
gleasro01,Roy Gleason,1963-1963
gleatje01,Jerry Don Gleaton,1979-1992
gleesji01,Jim Gleeson,1936-1942
gleicfr01,Frank Gleich,1919-1920
glenabo01,Bob Glenalvin,1890-1893
glendma01,Martin Glendon,1902-1903
glennbo01,Bob Glenn,1920-1920
glennbr01,Brad Glenn,2014-2014
glenned01,Ed Glenn,1884-1888
glenned02,Ed Glenn,1898-1902
glennha01,Harry Glenn,1915-1915
glennha02,Hap Glenn,1938-1938
glennhu01,Hubert Glenn,1944-1945
glennjo01,John Glenn,1871-1877
glennjo02,Joe Glenn,1932-1940
glennjo03,John Glenn,1960-1960
glennst01,Stanley Glenn,1943-1948
gliatsa01,Sal Gliatto,1930-1930
glinage01,George Glinatsis,1994-1994
gloadro01,Ross Gload,2000-2011
glockno01,Norm Glockson,1914-1914
glossal01,Al Glossop,1939-1946
glove02,Glover,1943-1943
glovega01,Gary Glover,1999-2008
gloveko01,Koda Glover,2016-2018
gloveto01,Tom Glover,1934-1945
glynnbi01,Bill Glynn,1949-1954
glynned01,Ed Glynn,1975-1985
glynnry01,Ryan Glynn,1999-2005
goarjo01,Jot Goar,1896-1898
gobblji01,Jimmy Gobble,2003-2009
gochnjo01,John Gochnaur,1901-1903
godarjo01,John Godar,1892-1892
godbyda01,Danny Godby,1974-1974
goddajo01,Joe Goddard,1972-1972
godfrgr01,Graham Godfrey,2011-2012
godinma01,Manuel Godínez,1946-1948
godleza01,Zack Godley,2015-2021
godoyjo01,José Godoy,2021-2022
godwijo01,John Godwin,1905-1906
godwity01,Tyrell Godwin,2005-2005
goebbja01,Jake Goebbert,2014-2014
goebeed01,Ed Goebel,1922-1922
goeckbi01,Billy Goeckel,1899-1899
goedder01,Erik Goeddel,2014-2018
goeddty01,Tyler Goeddel,2016-2016
goetzge01,George Goetz,1889-1889
goetzjo01,John Goetz,1960-1960
goffje01,Jerry Goff,1990-1996
goforda01,David Goforth,2015-2017
goggich01,Chuck Goggin,1972-1974
gogolbi01,Bill Gogolewski,1970-1975
goharlu01,Luiz Gohara,2017-2018
gohrgr01,Greg Gohr,1993-1996
goinewa01,Walter Goines,1932-1932
goinsry01,Ryan Goins,2013-2020
goldbbr01,Brad Goldberg,2017-2017
goldecl01,Clyde Golden,1948-1948
goldeji01,Jim Golden,1960-1963
goldemi01,Mike Golden,1875-1878
goldero01,Roy Golden,1910-1911
goldi01,Goldie,1926-1928
goldmjo01,Jonah Goldman,1928-1931
goldsfr01,Fred Goldsmith,1875-1884
goldsgo01,Gordon Goldsberry,1949-1952
goldsha01,Hal Goldsmith,1926-1929
goldsiz01,Izzy Goldstein,1932-1932
goldslo01,Lon Goldstein,1943-1946
goldspa01,Paul Goldschmidt,2011-2025
goldswa01,Wally Goldsmith,1871-1875
goldswa02,Walt Goldsby,1884-1888
goldypu01,Purnal Goldy,1962-1963
goletst01,Stan Goletz,1941-1941
goliafr01,Fred Goliah,1920-1920
goliami01,Mike Goliat,1949-1952
golsogr01,Greg Golson,2008-2011
goltzda01,Dave Goltz,1972-1983
golviwa01,Walt Golvin,1922-1922
gombeau01,Austin Gomber,2018-2024
gomesbr01,Brandon Gomes,2011-2015
gomesjo01,Jonny Gomes,2003-2015
gomeswa01,Wayne Gomes,1997-2002
gomesya01,Yan Gomes,2012-2024
gomezal01,Alexis Gómez,2002-2006
gomezca01,Carlos Gómez,2007-2019
gomezch01,Chile Gómez,1935-1942
gomezch02,Chris Gomez,1993-2008
gomezda01,David Gómez,1925-1928
gomezhe01,Héctor Gómez,2011-2015
gomezje01,Jeanmar Gómez,2010-2019
gomezle01,Lefty Gomez,1930-1943
gomezle02,Leo Gómez,1990-1996
gomezlu01,Luis Gómez,1974-1981
gomezma01,Mauro Gómez,2012-2012
gomezmi01,Miguel Gómez,2017-2018
gomezpa01,Pat Gomez,1993-1995
gomezpr01,Preston Gómez,1944-1944
gomezra01,Randy Gomez,1984-1984
gomezro01,Roberto Gómez,2017-2018
gomezru01,Rubén Gómez,1953-1967
gomezsi01,Sijo Gómez,1929-1929
gomezyo01,Yoendrys Gómez,2023-2025
gondeje01,Jesse Gonder,1960-1967
gonsast01,Stephen Gonsalves,2018-2021
gonsoto01,Tony Gonsolin,2019-2023
gonzaad01,Adrián González,2004-2018
gonzaal01,Alex Gonzalez,1994-2006
gonzaal02,Álex González,1998-2014
gonzaal03,Alberto González,2007-2013
gonzaal04,Alfredo González,2018-2018
gonzaan01,Andy González,2007-2009
gonzaca01,Carlos González,2008-2019
gonzach01,Chi Chi González,2015-2023
gonzada01,Dan Gonzales,1979-1980
gonzade01,Denny González,1984-1989
gonzadi01,Dicky Gonzalez,2001-2004
gonzaed01,Édgar González,2003-2013
gonzaed02,Edgar Gonzalez,2008-2009
gonzaen01,Enrique González,2006-2011
gonzaer01,Erik González,2016-2022
gonzaeu01,Eusebio González,1918-1918
gonzafe01,Fernando González,1972-1979
gonzaga02,Gabe González,1998-1998
gonzage01,Germán González,1988-1989
gonzagi01,Gio Gonzalez,2008-2020
gonzaje01,Geremi González,1997-2006
gonzajo01,Joe Gonzales,1937-1937
gonzajo02,Jose Gonzalez,1985-1992
gonzaju01,Julio González,1949-1949
gonzaju02,Julio González,1977-1983
gonzaju03,Juan González,1989-2005
gonzala01,Larry Gonzales,1993-1993
gonzala02,Lariel González,1998-1998
gonzalu01,Luis Gonzalez,1990-2008
gonzalu02,Luis González,2004-2006
gonzalu03,Luis González,2020-2022
gonzama01,Marwin González,2012-2022
gonzama02,Marco Gonzales,2014-2024
gonzame01,Merandy González,2018-2018
gonzami01,Mike González,1912-1932
gonzami02,Mike Gonzalez,2003-2013
gonzami03,Miguel González,2012-2018
gonzami04,Miguel González,2013-2013
gonzami05,Miguel González,2014-2014
gonzani01,Nick Gonzales,2023-2025
gonzaor01,Orlando González,1976-1980
gonzaos01,Oscar González,2022-2025
gonzape01,Pedro González,1963-1967
gonzara01,Raúl González,2000-2004
gonzare01,Rene Gonzales,1984-1997
gonzaro01,Romy Gonzalez,2021-2025
gonzase01,Severino González,2015-2016
gonzato01,Tony González,1960-1971
gonzavi01,Vince Gonzales,1955-1955
gonzavi02,Victor González,2020-2024
gonzawi01,Wiki González,1999-2006
goochch01,Charlie Gooch,1929-1929
goochjo01,Johnny Gooch,1921-1933
goochle01,Lee Gooch,1915-1917
goodahe01,Herb Goodall,1890-1890
goodan01,Andrew Good,2003-2005
goodebi01,Bill Goodenough,1893-1893
goodedw01,Dwight Gooden,1984-2000
goodeer01,Ernest Gooden,1922-1923
goodejo01,John Goodell,1928-1928
goodfmi01,Mike Goodfellow,1887-1888
goodge01,Gene Good,1906-1906
goodmbi01,Billy Goodman,1947-1962
goodmhu01,Hunter Goodman,2023-2025
goodmiv01,Ival Goodman,1935-1944
goodmja01,Jake Goodman,1878-1882
goodra01,Ralph Good,1910-1910
goodrjo01,Joe Goodrich,1924-1924
goodrni01,Niko Goodrum,2017-2024
goodsed01,Ed Goodson,1970-1977
goodwar01,Art Goodwin,1905-1905
goodwbr01,Brian Goodwin,2016-2021
goodwcl01,Clyde Goodwin,1906-1906
goodwcu01,Curtis Goodwin,1995-1999
goodwda01,Danny Goodwin,1975-1982
goodwi01,Wilbur Good,1905-1918
goodwji01,Jim Goodwin,1948-1948
goodwma01,Marv Goodwin,1916-1925
goodwpe01,Pep Goodwin,1914-1915
goodwto01,Tom Goodwin,1991-2004
goodyni01,Nick Goody,2015-2020
goolsra01,Ray Goolsby,1946-1946
goossgr01,Greg Goossen,1965-1970
gorbogl01,Glen Gorbous,1955-1957
gordira01,Ray Gordinier,1921-1922
gordo02,Gordon,1942-1942
gordoal01,Alex Gordon,2007-2020
gordobr01,Brian Gordon,2008-2011
gordobu01,Bus Gordon,1920-1920
gordodo01,Don Gordon,1986-1988
gordohe01,Herman Gordon,1923-1924
gordojo01,Joe Gordon,1938-1950
gordoke01,Keith Gordon,1993-1993
gordomi01,Mike Gordon,1977-1978
gordoni01,Nick Gordon,2021-2024
gordosi01,Sid Gordon,1941-1955
gordota01,Tanner Gordon,2024-2024
gordoto01,Tom Gordon,1988-2009
gorecre01,Reid Gorecki,2009-2009
gorecri01,Rick Gorecki,1997-1998
gorege01,George Gore,1879-1892
gorema01,MacKenzie Gore,2022-2025
gorete01,Terrance Gore,2014-2022
gorinbo01,Bob Gorinski,1977-1977
gorinch01,Charlie Gorin,1954-1955
gormahe01,Herb Gorman,1952-1952
gormaho01,Howie Gorman,1937-1938
gormaja01,Jack Gorman,1883-1884
gormano01,Nolan Gorman,2022-2025
gormato01,Tom Gorman,1939-1939
gormato02,Tom Gorman,1952-1959
gormato03,Tom Gorman,1981-1987
gormato04,Thomas Gorman,1884-1884
gormljo01,Joe Gormley,1891-1891
gorneni01,Nick Gorneault,2007-2007
gorniha01,Hank Gornicki,1941-1946
gorsijo01,Johnny Gorsica,1940-1947
goryljo01,Johnny Goryl,1957-1964
gorzeto01,Tom Gorzelanny,2005-2016
gosean01,Anthony Gose,2012-2024
gosewtu01,Tuffy Gosewisch,2013-2017
gosgeji01,Jim Gosger,1963-1974
gosligo01,Goose Goslin,1921-1938
goslimi01,Mike Gosling,2004-2009
gossari01,Rich Gossage,1972-1994
gosseda01,Daniel Gossett,2017-2018
gossedi01,Dick Gossett,1913-1914
gosseph01,Phil Gosselin,2013-2022
gossho01,Howie Goss,1962-1963
gotayju01,Julio Gotay,1960-1969
gotayru01,Rúben Gotay,2004-2008
gottji01,Jim Gott,1982-1995
gotttr01,Trevor Gott,2015-2023
goudeas01,Ashton Goudeau,2020-2022
goulate01,Ted Goulait,1912-1912
gouldal01,Al Gould,1916-1917
gouldch01,Charlie Gould,1871-1877
gouldha01,Harold Gould,1947-1948
goulini01,Nick Goulish,1944-1945
gourryu01,Yuli Gurriel,2016-2025
gouzzcl01,Claude Gouzzie,1903-1903
gowdyha01,Hank Gowdy,1910-1930
gowella01,Larry Gowell,1972-1972
gozzoma01,Mauro Gozzo,1989-1994
grababi01,Billy Grabarkewitz,1969-1975
grabero01,Rod Graber,1958-1958
graboal01,Al Grabowski,1929-1930
graboja01,Jason Grabowski,2002-2005
grabojo01,Johnny Grabowski,1924-1931
grabojo02,John Grabow,2003-2011
grabore01,Reggie Grabowski,1932-1934
graceea01,Earl Grace,1929-1937
gracefr01,Frank Gracesqui,2004-2004
gracego01,Gordon Graceffo,2024-2025
gracejo01,Joe Grace,1938-1947
gracema01,Mark Grace,1988-2003
gracema02,Matt Grace,2015-2020
gracemi01,Mike Grace,1978-1978
gracemi02,Mike Grace,1995-1999
gracewi01,Willie Grace,1943-1948
gradyjo01,John Grady,1884-1884
gradymi01,Mike Grady,1894-1906
grafffr01,Fred Graf,1913-1913
graffjo01,John Graff,1893-1893
grafflo01,Louis Graff,1890-1890
graffmi01,Milt Graff,1957-1958
graffto01,Tony Graffanino,1996-2009
grahaba01,James Graham,1889-1889
grahabe01,Barney Graham,1884-1884
grahabe02,Bert Graham,1910-1910
grahabi01,Bill Grahame,1908-1910
grahabi02,Bill Graham,1966-1967
grahach01,Charlie Graham,1906-1906
grahada01,Dan Graham,1979-1981
grahade01,Dennis Graham,1929-1929
grahaja01,Jack Graham,1946-1949
grahajr01,J.R. Graham,2015-2016
grahale01,Lee Graham,1983-1983
grahamo01,Moonlight Graham,1905-1905
grahaos01,Oscar Graham,1907-1907
grahape01,Peaches Graham,1902-1912
graharo01,Roy Graham,1922-1923
grahask01,Kyle Graham,1924-1929
grahask02,Skinny Graham,1934-1935
grahati01,Tiny Graham,1914-1914
grahaty01,Tyler Graham,2012-2012
grahawa01,Wayne Graham,1963-1964
grahejo01,Joe Grahe,1990-1999
gramaal01,Alex Graman,2004-2005
gramlto01,Tommy Gramly,1968-1968
grammal01,Alex Grammas,1954-1963
grampha01,Hank Grampp,1927-1929
grandcu01,Curtis Granderson,2004-2019
grandya01,Yasmani Grandal,2012-2024
graneja01,Jack Graney,1908-1922
grangje01,Jeff Granger,1993-1997
grangwa01,Wayne Granger,1968-1976
graniza01,Zack Granite,2017-2017
granted01,Eddie Grant,1905-1915
grantge01,George Grantham,1922-1934
grantge02,George Grant,1923-1931
grantji01,Jim Grant,1923-1923
grantji02,Jimmy Grant,1942-1944
grantle01,Leroy Grant,1920-1924
grantma01,Mark Grant,1984-1993
grantmu01,Mudcat Grant,1958-1971
grantto01,Tom Grant,1983-1983
graperi01,Rick Grapenthin,1983-1985
grasmlo01,Lou Grasmick,1948-1948
grassmi01,Mickey Grasso,1946-1955
gratebe01,Beiker Graterol,1999-1999
gratebr01,Brusdar Graterol,2019-2024
gratedo01,Don Grate,1945-1946
grateju01,Juan Graterol,2016-2019
gratema01,Mark Grater,1991-1993
graulle01,Billy Graulich,1891-1891
grave02,Graves,1942-1942
gravebo01,Bob Graves,1932-1932
gravebr01,Brett Graves,2018-2018
graveda01,Danny Graves,1996-2006
gravefr01,Frank Graves,1886-1886
gravejo01,Joe Graves,1926-1926
graveke01,Kendall Graveman,2014-2023
gravesi01,Sid Graves,1927-1927
gray03,Gray,1943-1943
grayab01,Abe Gray,1931-1931
graych01,Charlie Gray,1890-1890
graych02,Chummy Gray,1899-1899
graych03,Chappie Gray,1920-1920
graych04,Chesley Gray,1940-1945
grayda01,Dave Gray,1964-1964
graydi01,Dick Gray,1958-1960
graydo01,Dolly Gray,1909-1911
graydo02,Stan Gray,1912-1912
grayga01,Gary Gray,1977-1982
grayje01,Jeff Gray,1988-1991
grayje02,Jeff Gray,2008-2012
grayji01,Jim Gray,1884-1893
grayjo01,Johnny Gray,1954-1958
grayjo02,Jon Gray,2015-2024
grayjo03,Josiah Gray,2021-2024
graylo01,Lorenzo Gray,1982-1983
graymi01,Milt Gray,1937-1937
graype01,Pete Gray,1945-1945
graysa01,Sam Gray,1924-1933
grayso01,Sonny Gray,2013-2025
grayte01,Ted Gray,1946-1955
graytr01,Tristan Gray,2023-2024
graywi01,Willie Gray,1920-1932
grbael01,Eli Grba,1959-1963
greasbi01,Bill Greason,1948-1954
grebecr01,Craig Grebeck,1990-2001
green04,Green,1920-1920
greenad01,Adam Greenberg,2005-2012
greenal01,Al Greene,1979-1979
greenan01,Andy Green,2004-2009
greenbi01,Bill Greenwood,1882-1890
greenbo01,Bob Greenwood,1954-1955
greench01,Chris Green,1984-1984
greench02,Charlie Greene,1996-2000
greench03,Chad Green,2016-2025
greenco01,Conner Greene,2021-2021
greencu01,Curtis Green,1928-1928
greenda01,Danny Green,1898-1905
greenda02,Dallas Green,1960-1967
greenda03,David Green,1981-1987
greendi01,Dick Green,1963-1974
greened01,Ed Green,1890-1890
greenfr01,Fred Green,1959-1964
greenga01,Gary Green,1986-1992
greenge01,Gene Green,1957-1963
greengr01,Grant Green,2013-2017
greenha01,Hank Greenberg,1930-1947
greenha02,Harvey Green,1935-1935
greenho01,Honey Green,1938-1938
greenhu01,Hunter Greene,2022-2025
greenja01,Jason Green,2000-2000
greenji01,Jim Green,1884-1884
greenji02,Jim Greengrass,1952-1956
greenjo01,John Greenig,1888-1888
greenjo02,Joe Green,1924-1924
greenjo03,Joe Green,1920-1921
greenjo04,Joe Greene,1932-1948
greenju01,June Greene,1928-1929
greenju02,Julius Green,1929-1929
greenke01,Kent Greenfield,1924-1929
greenkh01,Khalil Greene,2003-2009
greenle01,Lenny Green,1957-1968
greenle02,Leslie Green,1939-1946
greenmi01,Mike Greenwell,1985-1996
greenne01,Nelson Greene,1924-1925
greenni01,Nick Green,2004-2013
greenni02,Nick Greenwood,2014-2015
greenpa01,Paddy Greene,1902-1903
greenpu01,Pumpsie Green,1959-1963
greenri02,Rick Greene,1999-1999
greenri03,Riley Greene,2022-2025
greensc01,Scarborough Green,1997-2000
greense01,Sean Green,2006-2011
greensh01,Shawn Green,1993-2007
greensh02,Shane Greene,2014-2023
greenst01,Steve Green,2001-2001
greenta01,Taylor Green,2011-2012
greento01,Tommy Greene,1989-1997
greento02,Todd Greene,1996-2006
greenty01,Tyler Green,1993-1998
greenty02,Tyler Greene,2009-2013
greenvi01,Victor Greenidge,1941-1944
greenwi01,Willie Greene,1992-2000
greenwi02,Willie Green,1920-1924
greenza01,Zach Green,2019-2019
greerbr01,Brian Greer,1977-1979
greered01,Ed Greer,1885-1887
greerke01,Kenny Greer,1993-1995
greerru01,Rusty Greer,1994-2002
gregelu01,Luke Gregerson,2009-2019
greggda01,Dave Gregg,1913-1913
greggha01,Hal Gregg,1943-1952
greggke01,Kevin Gregg,2003-2015
greggto01,Tommy Gregg,1987-1997
greggve01,Vean Gregg,1911-1925
gregodi01,Didi Gregorius,2012-2022
gregofr01,Frank Gregory,1912-1912
gregoho01,Howie Gregory,1911-1911
gregole01,Lee Gregory,1964-1964
gregopa01,Paul Gregory,1932-1933
gregope01,Pete Gregory,1940-1940
gregoto01,Tom Gregorio,2003-2003
greifbi01,Bill Greif,1971-1976
greingr01,Grayson Greiner,2018-2022
greinza01,Zack Greinke,2004-2023
greisse01,Seth Greisinger,1998-2005
gremmed01,Ed Gremminger,1895-1904
grempbu01,Buddy Gremp,1940-1942
grevebi01,Bill Grevell,1919-1919
greybi01,Bill Gray,1890-1898
greyre01,Reddy Grey,1903-1903
greys01,John Greason,1873-1873
grichbo01,Bobby Grich,1970-1986
grichra01,Randal Grichuk,2014-2025
griercl01,Claude Grier,1924-1928
griesti01,Tim Griesenbeck,1920-1920
grievbe01,Ben Grieve,1997-2005
grievto01,Tom Grieve,1970-1979
griffaj01,A.J. Griffin,2012-2017
griffal01,Alfredo Griffin,1976-1993
griffbe01,Bert Griffith,1922-1924
griffcb01,Clarence Griffin,1933-1935
griffcl01,Clark Griffith,1891-1914
griffde01,Derrell Griffith,1963-1966
griffdo01,Doug Griffin,1970-1977
grifffo01,Foster Griffin,2020-2022
grifffr01,Frank Griffith,1892-1894
griffha01,Hank Griffin,1911-1912
griffiv01,Ivy Griffin,1919-1921
griffje01,Jeremy Griffiths,2003-2004
griffjo01,John-Ford Griffin,2005-2007
griffjo02,John Griffin,1937-1937
griffke01,Ken Griffey,1973-1991
griffke02,Ken Griffey Jr.,1989-2010
griffle01,Lee Griffeth,1946-1946
griffma01,Marty Griffin,1928-1928
griffmi01,Mike Griffin,1887-1898
griffmi02,Mike Griffin,1979-1989
griffpa01,Pat Griffin,1914-1914
griffpu01,Pug Griffin,1917-1920
griffro01,Robert Griffin,1931-1931
griffro02,Bob Griffith,1934-1948
griffsa01,Sandy Griffin,1884-1893
griffsi01,Silas Griffin,1947-1947
griffte01,Ted Griffith,1945-1945
griffth01,Thomas Griffin,1884-1884
griffto01,Tommy Griffith,1913-1925
griffto02,Tom Griffin,1969-1982
griggac01,Acie Griggs,1948-1948
griggar01,Art Griggs,1909-1918
griggha01,Hal Griggs,1956-1959
griggwi01,Wiley Griggs,1948-1948
grigsde01,Denver Grigsby,1923-1925
grillgu01,Guido Grilli,1966-1966
grillja01,Jason Grilli,2000-2017
grillst01,Steve Grilli,1975-1979
grimbo01,Bob Grim,1954-1962
grimead01,Adolphus Grimes,1943-1943
grimebu01,Burleigh Grimes,1916-1934
grimeed01,Ed Grimes,1931-1932
grimejo01,John Grimes,1897-1897
grimeos01,Oscar Grimes,1938-1946
grimera01,Ray Grimes,1920-1926
grimero01,Roy Grimes,1920-1920
grimjo01,John Grim,1888-1899
grimmch01,Charlie Grimm,1916-1936
grimmju01,Justin Grimm,2012-2022
grimsja01,Jason Grimsley,1989-2006
grimsmy01,Myron Grimshaw,1905-1907
grimsro01,Ross Grimsley,1951-1951
grimsro02,Ross Grimsley,1971-1982
grineda01,Dan Griner,1912-1918
grishtr01,Trent Grisham,2019-2025
grissle01,Lee Grissom,1934-1941
grissma01,Marv Grissom,1946-1959
grissma02,Marquis Grissom,1989-2005
grissva01,Vaughn Grissom,2022-2024
groatdi01,Dick Groat,1952-1967
grobco01,Connie Grob,1956-1956
grodzjo01,Johnny Grodzicki,1941-1947
grohhe01,Heinie Groh,1912-1927
grohle01,Lew Groh,1919-1919
gromest01,Steve Gromek,1941-1957
gronkle01,Lee Gronkiewicz,2007-2007
groombo01,Bob Groom,1909-1918
groombu01,Buddy Groom,1992-2005
groshjo01,Jordan Groshans,2022-2022
groskho01,Howard Groskloss,1930-1932
grossdo01,Don Gross,1955-1960
grossem01,Emil Gross,1879-1884
grossga01,Gabe Gross,2004-2010
grossge01,George Grosart,1901-1901
grossgr01,Greg Gross,1973-1989
grossha01,Harley Grossman,1952-1952
grosske01,Kevin Gross,1983-1997
grosski01,Kip Gross,1990-2000
grossro01,Robbie Grossman,2013-2024
grosstu01,Ewell Gross,1925-1925
grosswa01,Wayne Gross,1976-1986
groteje01,Jerry Grote,1963-1981
groteje02,Jeff Grotewold,1992-1995
grother01,Ernie Groth,1904-1904
grother02,Ernest Groth,1947-1949
grothjo01,Johnny Groth,1946-1960
grottma01,Matt Grott,1995-1995
grotzza01,Zac Grotz,2019-2020
grove02,Grove,1931-1931
grovech01,Charlie Grover,1913-1913
grovele01,Lefty Grove,1925-1941
grovemi01,Michael Grove,2022-2024
groveor01,Orval Grove,1940-1949
grovero01,Roy Grover,1916-1919
grubbha01,Harvey Grubb,1912-1912
grubbjo01,Johnny Grubb,1972-1987
grubbto01,Tom Grubbs,1920-1920
grubefr01,Frank Grube,1931-1941
grubehe01,Henry Gruber,1887-1891
grubeja01,Jarrett Grube,2014-2014
grubeke01,Kelly Gruber,1984-1993
grudzma01,Mark Grudzielanek,1995-2010
grullde01,Deivy Grullón,2019-2020
grundke01,Ken Grundt,1996-1997
grunwal01,Al Grunwald,1955-1959
gryboke01,Kevin Gryboski,2002-2006
grysksi01,Sig Gryska,1938-1939
grzanmi01,Mike Grzanich,1998-1998
grzenjo01,Joe Grzenda,1961-1972
gsellro01,Robert Gsellman,2016-2022
guaipma01,Mayckol Guaipe,2015-2016
guantce01,Cecilio Guante,1982-1990
guarded01,Eddie Guardado,1993-2009
gubancr01,Creighton Gubanich,1999-1999
gubicma01,Mark Gubicza,1984-1997
gudatma01,Marv Gudat,1929-1932
guduare01,Reymin Guduan,2017-2021
guentse01,Sean Guenther,2021-2024
guerral01,Alex Guerrero,2014-2015
guerrde01,Deolis Guerra,2015-2021
guerrga01,Gabriel Guerrero,2018-2018
guerrja01,Javy Guerra,2011-2021
guerrja02,Javy Guerra,2018-2023
guerrju01,Juan Guerrero,1992-1992
guerrju02,Junior Guerra,2015-2021
guerrlu01,Luis Guerrero,2024-2024
guerrma01,Mario Guerrero,1973-1980
guerrma02,Matt Guerrier,2004-2014
guerrma03,Marcelino Guerra,1920-1924
guerrmi01,Mike Guerra,1937-1951
guerrpe01,Pedro Guerrero,1978-1992
guerrta01,Tayron Guerrero,2016-2019
guerrta02,Taylor Guerrieri,2018-2019
guerrvl01,Vladimir Guerrero,1996-2011
guerrvl02,Vladimir Guerrero Jr.,2019-2025
guerrwi01,Wilton Guerrero,1996-2004
guesewh01,Whitey Guese,1901-1901
guettle01,Lee Guetterman,1984-1996
guevaca01,Carlos Guevara,2008-2008
guevagi01,Giomar Guevara,1997-1999
guidrro01,Ron Guidry,1975-1988
guielaa01,Aaron Guiel,2002-2006
guilbfe01,Felix Guilbe,1946-1947
guilbju01,Juan Guilbe,1940-1947
guilbta01,Taylor Guilbeau,2019-2020
guillca01,Carlos Guillén,1998-2011
guilljo01,José Guillén,1997-2010
guilllu01,Luis Guillorme,2018-2024
guilloz01,Ozzie Guillén,1985-2000
guilmpr01,Preston Guilmet,2013-2021
guindbo01,Bobby Guindon,1964-1964
guinebe01,Ben Guiney,1883-1884
guinnsk01,Skip Guinn,1968-1971
guintbe01,Ben Guintini,1946-1950
guisele01,Lefty Guise,1940-1940
guistlo01,Lou Guisto,1916-1923
gulanmi01,Mike Gulan,1997-2001
guldebr01,Brad Gulden,1978-1986
gulledo01,Don Gullett,1970-1978
gullena01,Nap Gulley,1943-1947
gulleto01,Tom Gulley,1923-1926
gullibi01,Bill Gullickson,1979-1994
gulligl01,Glenn Gulliver,1982-1983
gullite01,Ted Gullic,1930-1933
gumbead01,Ad Gumbert,1888-1896
gumbebi01,Billy Gumbert,1890-1893
gumbeha01,Harry Gumbert,1935-1950
gumbs01,Gumbs,1926-1926
gumpeda01,Dave Gumpert,1982-1987
gumpera01,Randy Gumpert,1936-1952
gundeer01,Eric Gunderson,1990-2000
gunkere01,Red Gunkel,1916-1916
gunklfr01,Fred Gunkle,1879-1879
gunnihy01,Hy Gunning,1911-1911
gunnito01,Tom Gunning,1884-1889
gunnte01,Teddy Gunn,1940-1940
gunsojo01,Joe Gunson,1884-1893
gurala01,Larry Gura,1970-1985
gurkaja01,Jason Gurka,2015-2017
gurleea01,Earl Gurley,1922-1932
gurrilo01,Lourdes Gurriel Jr.,2018-2025
gushuta01,Taylor Gushue,2021-2021
gustaja01,Jandel Gustave,2016-2022
guster01,Ernie Gust,1911-1911
gustifr01,Frankie Gustine,1939-1950
gustory01,Ryan Gusto,2025-2025
guthbu01,Bucky Guth,1972-1972
guthch01,Charlie Guth,1880-1880
guthrda01,Dalton Guthrie,2022-2023
guthrje01,Jeremy Guthrie,2004-2017
guthrma01,Mark Guthrie,1989-2003
gutiece01,César Gutiérrez,1967-1971
gutiefr01,Franklin Gutiérrez,2005-2017
gutieja01,Jackie Gutiérrez,1983-1988
gutiejo01,José Gutiérrez,1926-1926
gutieju01,J.C. Gutiérrez,2007-2014
gutieke01,Kelvin Gutiérrez,2019-2022
gutieri01,Ricky Gutiérrez,1993-2004
gutievl01,Vladimir Gutierrez,2021-2024
guttedo01,Don Gutteridge,1936-1948
guyerbr01,Brandon Guyer,2011-2018
guzmaan01,Ángel Guzmán,2006-2009
guzmacr01,Cristian Guzmán,1999-2010
guzmado01,Domingo Guzmán,1999-2000
guzmaed01,Edwards Guzmán,1999-2003
guzmafr01,Freddy Guzmán,2004-2013
guzmage01,Geraldo Guzmán,2000-2001
guzmaje01,Jesús Guzmán,2009-2014
guzmajo01,José Guzmán,1985-1994
guzmajo02,Johnny Guzman,1991-1992
guzmajo03,Joel Guzmán,2006-2007
guzmajo04,Jorge Guzmán,2020-2021
guzmaju01,Juan Guzmán,1991-2000
guzmaro01,Ronald Guzmán,2018-2022
guzmasa01,Santiago Guzmán,1969-1972
gwosddo01,Doug Gwosdz,1981-1984
gwynma01,Marcus Gwyn,2007-2007
gwynnch01,Chris Gwynn,1987-1996
gwynnto01,Tony Gwynn,1982-2001
gwynnto02,Tony Gwynn,2006-2014
gyorkje01,Jedd Gyorko,2013-2020
gyseldi01,Dick Gyselman,1933-1934
