player_id,name,years
zabalad01,Adrián Zabala,1945-1949
zabalan01,Aneurys Zabala,2022-2022
zabelzi01,Zip Zabel,1913-1915
zachach01,Albert Zachary,1944-1944
zachach02,Chris Zachary,1963-1973
zachato01,Tom Zachary,1918-1936
zacheel01,Elmer Zacher,1910-1910
zachrpa01,Pat Zachry,1976-1985
zackege01,George Zackert,1911-1912
zagunma01,Mark Zagunis,2017-2019
zagurmi01,Mike Zagurski,2007-2018
zahnefr01,Fred Zahner,1894-1895
zahnge01,Geoff Zahn,1973-1985
zahnipa01,Paul Zahniser,1923-1929
zakfr01,Frankie Zak,1944-1946
zalusja01,Jack Zalusky,1903-1903
zambrca01,Carlos Zambrano,2001-2012
zambred01,Eddie Zambrano,1993-1994
zambrvi01,Víctor Zambrano,2001-2007
zamloca01,Carl Zamloch,1913-1913
zamorda01,Daniel Zamora,2018-2021
zamoros01,Oscar Zamora,1974-1978
zannido01,Dom Zanni,1958-1966
zappji01,Jim Zapp,1945-1948
zapusjo01,Joe Zapustas,1933-1933
zaratma01,Mauro Zárate,2007-2007
zardojo01,José Zardón,1945-1945
zarilal01,Al Zarilla,1943-1953
zaskeje01,Jeff Zaske,1984-1984
zastrro01,Rob Zastryzny,2016-2024
zauchno01,Norm Zauchin,1951-1959
zaungr01,Gregg Zaun,1995-2010
zavadcl01,Clay Zavada,2009-2009
zavalse01,Seby Zavala,2019-2024
zavarcl01,Clint Zavaras,1989-1989
zawadla01,Lance Zawadzki,2010-2010
zay01,William Zay,1886-1886
zdebjo01,Joe Zdeb,1977-1979
zearfda01,Dave Zearfoss,1896-1905
zeberge01,George Zeber,1977-1978
zeferry01,Ryan Zeferjahn,2024-2025
zeidero01,Rollie Zeider,1910-1918
zeidjo01,Josh Zeid,2013-2014
zeiglgo01,Gordon Zeigler,1921-1921
zeihehe01,Henry Zeiher,1886-1886
zeileto01,Todd Zeile,1989-2004
zeisema01,Matt Zieser,1914-1914
zelleba01,Bart Zeller,1970-1970
zeppbi01,Bill Zepp,1969-1971
zerbech01,Chad Zerbe,2000-2003
zernigu01,Gus Zernial,1949-1959
zerpaan01,Angel Zerpa,2021-2025
zettlge01,George Zettlein,1871-1876
zeuchtj01,T.J. Zeuch,2019-2022
zickbo01,Bob Zick,1954-1954
zieglbr01,Brad Ziegler,2008-2018
zieglch01,Charlie Ziegler,1899-1900
zieglge01,George Ziegler,1890-1890
ziemst01,Steve Ziem,1987-1987
zientbe01,Benny Zientara,1941-1948
ziesbi01,Bill Zies,1891-1891
zimmebi01,Bill Zimmerman,1915-1915
zimmebr01,Bradley Zimmer,2017-2022
zimmebr02,Bruce Zimmermann,2020-2023
zimmech01,Charles Zimmer,1884-1903
zimmedo01,Don Zimmer,1954-1965
zimmeed01,Eddie Zimmerman,1906-1911
zimmehe01,Heinie Zimmerman,1907-1919
zimmeje01,Jerry Zimmerman,1961-1968
zimmeje02,Jeff Zimmerman,1999-2001
zimmejo01,Jordan Zimmerman,1999-1999
zimmejo02,Jordan Zimmermann,2009-2021
zimmeky01,Kyle Zimmer,2019-2021
zimmero01,Roy Zimmerman,1945-1945
zimmery01,Ryan Zimmerman,2005-2021
zinkch01,Charlie Zink,2008-2008
zinkwa01,Walter Zink,1921-1921
zinnfr01,Frank Zinn,1888-1888
zinngu01,Guy Zinn,1911-1915
zinnji01,Jimmy Zinn,1919-1929
zinsebi01,Bill Zinser,1944-1944
zinteal01,Alan Zinter,2002-2004
zipfebu01,Bud Zipfel,1961-1962
ziskri01,Richie Zisk,1971-1983
zitoba01,Barry Zito,2000-2015
zitzmbi01,Billy Zitzmann,1919-1929
zmiched01,Ed Zmich,1910-1911
zobribe01,Ben Zobrist,2006-2019
zoccope01,Peter Zoccolillo,2003-2003
zoldasa01,Sam Zoldak,1944-1952
zomphch01,Charles Zomphier,1926-1931
zoskyed01,Eddie Zosky,1991-2000
zuberbi01,Bill Zuber,1936-1947
zuberjo01,Jon Zuber,1996-1998
zuberty01,Tyler Zuber,2020-2024
zuletju01,Julio Zuleta,2000-2001
zulueyo01,Yosver Zulueta,2024-2024
zumayjo01,Joel Zumaya,2006-2010
zuniggu01,Guillo Zuñiga,2023-2024
zuninmi01,Mike Zunino,2013-2023
zupcibo01,Bob Zupcic,1991-1994
zupofr01,Frank Zupo,1957-1961
zuvelpa01,Paul Zuvella,1982-1991
zuverge01,George Zuverink,1951-1959
zwilldu01,Dutch Zwilling,1910-1916
zychto01,Tony Zych,2015-2017
