player_id,name,years
quackke01,Kevin Quackenbush,2014-2021
quallch01,Chad Qualls,2004-2017
quallji01,Jim Qualls,1969-1972
qualtto01,Tom Qualters,1953-1958
quantca01,Cal Quantrill,2019-2025
quantpa01,Paul Quantrill,1992-2005
quarlbi01,Bill Quarles,1891-1893
queenbi01,Billy Queen,1954-1954
queenme01,Mel Queen,1942-1952
queenme02,Mel Queen,1964-1972
quellge01,George Quellich,1931-1931
quentca01,Carlos Quentin,2006-2014
quereju01,Juniel Querecuto,2016-2023
queroed01,Edgar Quero,2025-2025
questjo01,Joe Quest,1871-1886
queveru01,Rubén Quevedo,2000-2003
quezajo01,Johan Quezada,2020-2023
quick02,Quicksey,1937-1937
quicked01,Eddie Quick,1903-1903
quickha01,Hal Quick,1939-1939
quijajo01,José Quijada,2019-2024
quilifr01,Frank Quilici,1965-1970
quillle01,Lee Quillin,1906-1907
quinl01,Quinlan,1874-1874
quinlfi01,Finners Quinlan,1913-1915
quinlfr01,Frank Quinlan,1891-1891
quinlro01,Robb Quinlan,2003-2010
quinlto01,Tom Quinlan,1990-1996
quinnfr01,Frank Quinn,1899-1899
quinnfr02,Frank Quinn,1949-1950
quinnja01,Jack Quinn,1909-1933
quinnjo01,Joseph Quinn,1881-1881
quinnjo02,Joe Quinn,1884-1901
quinnjo03,John Quinn,1911-1911
quinnma01,Mark Quinn,1999-2002
quinnpa01,John Quinn,1875-1875
quinnpa02,Paddy Quinn,1871-1877
quinnro01,Roman Quinn,2016-2022
quinnta01,Tad Quinn,1902-1903
quinnto01,Tom Quinn,1886-1890
quinnwi01,Wimpy Quinn,1941-1941
quinolu01,Luis Quiñones,1983-1992
quinore01,Rey Quiñones,1986-1989
quinoto01,Tomás Quiñones,1947-1947
quintbu01,Busta Quintana,1934-1934
quintca01,Carlos Quintana,1988-1993
quinthu01,Humberto Quintero,2003-2014
quintjo01,Jose Quintana,2012-2025
quintlu01,Luis Quintana,1974-1975
quintma01,Marshall Quinton,1884-1885
quintom01,Omar Quintanilla,2005-2014
quirira01,Rafael Quirico,1996-1996
quirkar01,Art Quirk,1962-1963
quirkja01,Jamie Quirk,1975-1992
quiroes01,Esteban Quiroz,2022-2022
quirogu01,Guillermo Quiroz,2004-2014
quiseda01,Dan Quisenberry,1979-1990
