player_id,name,years
maasdu01,Duke Maas,1955-1961
maaske01,Kevin Maas,1990-1995
mabebo01,Bob Mabe,1958-1960
mabeuch01,Chris Mabeus,2006-2006
mabryjo01,John Mabry,1994-2007
macarma01,Mac MacArthur,1884-1884
maccofr01,Frank MacCormack,1976-1977
macdobi01,Bill Macdonald,1950-1953
macdoha01,Harvey MacDonald,1928-1928
macdomi01,Mike MacDougal,2001-2012
macdoro01,Bob MacDonald,1990-1996
maceji01,Harry Mace,1891-1891
macey01,Macey,1890-1890
macfada01,Danny MacFayden,1926-1943
macfami01,Mike Macfarlane,1987-1999
macgaed01,Ed MacGamwell,1905-1905
machaal01,Alejandro Machado,2005-2005
machaan01,Anderson Machado,2003-2005
machaan02,Andrés Machado,2017-2023
machadi01,Dixon Machado,2015-2022
machaju01,Julio Machado,1989-1991
machake01,Ken Macha,1974-1981
machama01,Manny Machado,2012-2025
machami01,Mike Macha,1979-1980
macharo01,Robert Machado,1996-2004
machech01,Chuck Machemehl,1971-1971
macheda01,Dave Machemer,1978-1979
machije01,Jean Machi,2012-2017
machivi01,Vimael Machín,2020-2022
maciadr01,Drew Macias,2007-2009
maciajo01,José Macias,1999-2005
maciejo01,Josh Maciejewski,2024-2024
mackape01,Pete Mackanin,1973-1981
mackbi01,Bill Mack,1908-1908
mackco01,Connie Mack,1886-1896
mackde01,Denny Mack,1871-1883
mackea01,Earle Mack,1910-1914
mackebi99,Biz Mackey,1920-1947
mackeer01,Eric MacKenzie,1955-1955
mackego01,Gordon MacKenzie,1961-1961
mackeke01,Ken MacKenzie,1960-1965
mackfr01,Frank Mack,1922-1925
mackge01,George Mack,1945-1945
mackida01,David MacKinnon,2022-2022
mackife01,Felix Mackiewicz,1941-1947
mackijo01,John Mackinson,1953-1955
mackjo01,Joe Mack,1945-1945
mackoro01,Rob Mackowiak,2001-2008
mackost01,Steve Macko,1979-1980
mackqu01,Quinn Mack,1994-1994
mackra01,Ray Mack,1938-1947
mackre01,Reddy Mack,1885-1890
macksh01,Shane Mack,1987-1998
mackto01,Tony Mack,1985-1985
maclaev01,Evan MacLane,2010-2010
maclebi01,Billy MacLeod,1962-1962
maclilo01,Lonnie Maclin,1993-1993
maconma01,Max Macon,1938-1947
macphha01,Harry MacPherson,1944-1944
macphwa01,Waddy MacPhee,1922-1922
macrasc01,Scott MacRae,2001-2001
macrima01,Matt Macri,2008-2008
maculji01,Jimmy Macullar,1879-1886
macwhke01,Keith MacWhorter,1980-1980
maddebu01,Bunny Madden,1909-1911
maddecl01,Clarence Maddern,1946-1951
maddefr01,Frank Madden,1914-1914
maddege01,Gene Madden,1916-1916
maddeki01,Kid Madden,1887-1891
maddele01,Len Madden,1912-1912
maddemi01,Mike Madden,1983-1986
maddemo01,Morris Madden,1987-1989
maddeto01,Tommy Madden,1906-1910
maddety01,Ty Madden,2024-2024
maddoau01,Austin Maddox,2017-2017
maddoel01,Elliott Maddox,1970-1980
maddoga01,Garry Maddox,1972-1986
maddoje01,Jerry Maddox,1978-1978
maddoni01,Nick Maddox,1907-1910
maddugr01,Greg Maddux,1986-2008
maddumi01,Mike Maddux,1986-2000
maderlu01,Luís Madero,2021-2021
madigto01,William Madigan,1886-1886
madisar01,Art Madison,1895-1899
madisbo01,Bob Madison,1937-1938
madisda01,Dave Madison,1950-1953
madissc01,Scotti Madison,1985-1989
madjeed01,Ed Madjeski,1932-1937
madlobi01,Bill Madlock,1973-1987
madrial01,Alex Madrid,1987-1989
madribl01,Bligh Madris,2022-2024
madribo01,Bobby Madritsch,2004-2005
madrini01,Nick Madrigal,2020-2024
madrisa01,Sal Madrid,1947-1947
madriwa01,Warner Madrigal,2008-2009
madsory01,Ryan Madson,2003-2018
madurca01,Calvin Maduro,1996-2002
maedake01,Kenta Maeda,2016-2025
maesthe01,Héctor Maestri,1960-1961
magadda01,Dave Magadan,1986-2001
magalev01,Ever Magallanes,1991-1991
mageebi01,Bill Magee,1897-1902
mageele01,Lee Magee,1911-1919
mageesh01,Sherry Magee,1904-1919
mageewe01,Wendell Magee,1996-2002
maggeha01,Harl Maggert,1907-1912
maggeha02,Harl Maggert,1938-1938
maggidr01,Drew Maggi,2023-2023
magilma01,Matt Magill,2013-2020
maglisa01,Sal Maglie,1945-1958
magnami01,Mike Magnante,1991-2002
magnejo01,John Magner,1879-1879
magnest01,Stubby Magner,1911-1911
magnida01,Damien Magnifico,2016-2017
magnuji01,Jim Magnuson,1970-1973
magnutr01,Trystan Magnuson,2011-2011
magooge01,George Magoon,1898-1903
magrajo01,Joe Magrane,1987-1996
magrato01,Tom Magrann,1989-1989
magripe01,Pete Magrini,1966-1966
magruch01,Chris Magruder,2001-2005
maguifr01,Freddie Maguire,1922-1931
maguija01,Jack Maguire,1950-1951
mahadji01,Jim Mahady,1921-1921
mahafar01,Art Mahaffey,1960-1966
mahaflo01,Lou Mahaffey,1898-1898
mahafro01,Roy Mahaffey,1926-1936
mahanar01,Art Mahan,1940-1940
maharbi01,Billy Maharg,1912-1916
maharfr01,Frank Mahar,1902-1902
maharke01,Kevin Mahar,2007-2007
mahayro01,Ron Mahay,1995-2010
maher02,Maher,1932-1932
maherto01,Tom Maher,1902-1902
mahlbgr01,Greg Mahlberg,1978-1979
mahlegr01,Greg Mahle,2016-2016
mahlemi01,Mickey Mahler,1977-1986
mahleri01,Rick Mahler,1979-1991
mahlety01,Tyler Mahle,2017-2025
maholpa01,Paul Maholm,2005-2014
mahompa01,Pat Mahomes,1992-2003
mahonal01,Al Mahon,1930-1930
mahonan01,Anthony Mahoney,1921-1923
mahonbo01,Bob Mahoney,1951-1952
mahonch01,Chris Mahoney,1910-1910
mahonda01,Dan Mahoney,1892-1895
mahonda02,Danny Mahoney,1911-1911
mahonji01,Jim Mahoney,1959-1965
mahonjo01,Joe Mahoney,2012-2013
mahonmi01,Mike Mahoney,1897-1898
mahonmi02,Mike Mahoney,2000-2005
mahonul01,Ule Mahoney,1944-1944
mahtomi01,Mikie Mahtook,2015-2019
maierbo01,Bob Maier,1945-1945
maiermi01,Mitch Maier,2006-2012
mailelu01,Luke Maile,2015-2024
mailhem01,Emil Mailho,1936-1936
mailsdu01,Duster Mails,1915-1926
mainal01,Alex Main,1914-1918
mainejo01,John Maine,2004-2013
mainesc01,Scott Maine,2010-2012
mainsji01,Jim Mains,1943-1943
mainswi01,Willard Mains,1888-1896
mainwo01,Woody Main,1948-1953
maireos01,Oswaldo Mairena,2000-2002
maisech01,Charlie Maisel,1915-1915
maisefr01,Fritz Maisel,1913-1918
maisege01,George Maisel,1913-1922
majesha01,Hank Majeski,1939-1955
majewga01,Gary Majewski,2004-2010
majewva01,Val Majewski,2004-2004
makelwi01,William Makell,1943-1944
makitka01,Kazuhisa Makita,2018-2018
makosfr01,Frank Makosky,1937-1937
makowto01,Tom Makowski,1975-1975
maksumi01,Mike Maksudian,1992-1994
malarbi01,Bill Malarkey,1908-1908
malarda01,Dave Malarcher,1920-1934
malarjo01,John Malarkey,1894-1903
malasma01,Mark Malaska,2003-2004
malavjo01,José Malavé,1996-1997
malaych01,Charlie Malay,1905-1905
malayjo01,Joe Malay,1933-1935
malco01,Malcolm,1939-1939
maldoan01,Anthony Maldonado,2024-2024
maldoca01,Candy Maldonado,1981-1995
maldoca02,Carlos Maldonado,1990-1993
maldoca03,Carlos Maldonado,2006-2012
maldoma01,Martín Maldonado,2011-2025
malerji01,Jim Maler,1981-1983
malinto01,Tony Malinosky,1937-1937
maliscy01,Cy Malis,1934-1934
malkmbo01,Bobby Malkmus,1957-1962
mallebr01,Brian Mallette,2002-2002
malleje01,Jerry Mallett,1959-1959
mallema01,Mal Mallette,1950-1950
malliro01,Rob Mallicoat,1987-1992
malloal01,Alex Malloy,1910-1910
mallobe01,Ben Mallonee,1921-1921
mallobo01,Bob Malloy,1943-1949
mallobo02,Bob Malloy,1987-1990
mallohe01,Herm Malloy,1907-1908
malloji01,Jim Mallory,1940-1945
malloju01,Jule Mallonee,1925-1925
malloju02,Justyn-Henry Malloy,2024-2025
mallole01,Les Mallon,1931-1935
malloma01,Marty Malloy,1998-2002
mallosh01,Sheldon Mallory,1977-1977
malmbha01,Harry Malmberg,1955-1955
malon03,Malone,1944-1944
malonbi01,Billy Maloney,1901-1908
malonch01,Charlie Maloney,1908-1908
malonch02,Chuck Malone,1990-1990
maloned01,Eddie Malone,1949-1950
malonfe01,Fergy Malone,1871-1884
malonji01,Jim Maloney,1960-1971
malonjo01,Robert Maloney,1876-1877
malonle01,Lew Malone,1915-1919
malonma01,Thomas Malone,1872-1872
malonma02,Matt Maloney,2009-2012
malonpa01,Pat Maloney,1912-1912
malonpa02,Pat Malone,1928-1937
malonse01,Sean Maloney,1997-1998
maloypa01,Paul Maloy,1913-1913
maltzgo01,Gordon Maltzberger,1943-1947
malzofr01,Frank Malzone,1955-1966
mamaual01,Al Mamaux,1913-1924
manaese01,Sean Manaea,2016-2024
mancitr01,Trey Mancini,2016-2023
mancufr01,Frank Mancuso,1944-1947
mancugu01,Gus Mancuso,1928-1945
mandaca01,Carl Manda,1914-1914
mandeha01,Hal Manders,1941-1946
manelcl01,Claudio Manela,1921-1925
manesse01,Seth Maness,2013-2017
mangaji01,Jim Mangan,1952-1956
mangima01,Matt Mangini,2010-2010
mangr01,Mangrum,1948-1948
manguan01,Ángel Mangual,1969-1976
manguge01,George Mangus,1912-1912
manguja01,Jake Mangum,2025-2025
mangule01,Leo Mangum,1924-1935
mangupe01,Pepe Mangual,1972-1977
maniocl01,Clyde Manion,1920-1934
mankoph01,Phil Mankowski,1976-1982
manloch01,Charlie Manlove,1884-1884
mannbr01,Brandon Mann,2018-2018
mannfr01,Fred Mann,1882-1887
mannga01,Garth Mann,1944-1944
mannich01,Charlie Manning,2008-2008
mannida01,David Manning,2003-2003
mannier01,Ernie Manning,1914-1914
mannife01,Felix Manning,1932-1944
mannija01,Jack Manning,1873-1886
manniji01,Jim Manning,1884-1889
manniji02,Jim Manning,1962-1962
mannima01,Max Manning,1939-1948
mannima02,Matt Manning,2021-2024
manniri01,Rick Manning,1975-1987
manniru01,Rube Manning,1907-1910
manniti01,Tim Manning,1882-1885
mannji01,Jim Mann,2000-2003
mannjo01,Johnny Mann,1928-1928
mannke01,Kelly Mann,1989-1990
mannle01,Les Mann,1913-1928
mannodo01,Don Manno,1940-1941
manoaal01,Alek Manoah,2021-2024
manonju01,Julio Mañón,2003-2006
manonra01,Ramón Mañón,1990-1990
manrifr01,Fred Manrique,1981-1991
mansejo01,John Mansell,1882-1882
mansemi01,Mike Mansell,1879-1884
manseto01,Tom Mansell,1879-1884
manshje01,Jeff Manship,2009-2016
mansklo01,Lou Manske,1906-1906
mantema01,Matt Mantei,1995-2005
mantife01,Félix Mantilla,1956-1966
mantijo01,Joe Mantiply,2016-2025
mantlmi01,Mickey Mantle,1951-1968
mantoje01,Jeff Manto,1990-2000
manueba01,Barry Manuel,1991-1998
manuech01,Charlie Manuel,1969-1975
manueje01,Jerry Manuel,1975-1982
manuemo01,Moxie Manuel,1905-1908
manuero01,Robert Manuel,2009-2010
manusfr01,Frank Manush,1908-1908
manushe01,Heinie Manush,1923-1939
manvidi01,Dick Manville,1950-1952
manwaki01,Kirt Manwaring,1987-1999
manzajo01,Josías Manzanillo,1991-2004
manzaky01,Kyle Manzardo,2024-2025
manzara01,Ravelo Manzanillo,1988-1995
manzeto01,Tommy Manzella,2009-2010
mapelro01,Rolla Mapel,1919-1919
mapescl01,Cliff Mapes,1948-1952
mapledi01,Dillon Maples,2017-2021
mapleho01,Howard Maple,1932-1932
mappege01,George Mappes,1885-1886
marakpa01,Paul Marak,1990-1990
marange01,Georges Maranda,1960-1962
maranra01,Rabbit Maranville,1912-1935
marbefi01,Firpo Marberry,1923-1936
marbewa01,Walt Marbet,1913-1913
marcatu01,Tucupita Marcano,2021-2023
marceol01,Oliver Marcell,1923-1929
marcezi01,Ziggy Marcell,1939-1948
marchph01,Phil Marchildon,1940-1950
marchra01,Rafael Marchán,2020-2025
marcujo01,Johnny Marcum,1933-1939
marcush01,Shaun Marcum,2005-2015
marenle01,Leo Marentette,1965-1969
margeni01,Nick Margevicius,2019-2021
margojo01,Joe Margoneri,1956-1957
margoma01,Manuel Margot,2016-2025
maricju01,Juan Marichal,1960-1975
marimsu01,Sugar Ray Marimón,2015-2015
marinjh01,Jhan Mariñez,2010-2018
marinro01,Ron Marinaccio,2022-2024
marioda01,Dan Marion,1914-1915
marioma01,Marty Marion,1940-1953
mariomi01,Michael Mariot,2014-2023
mariore01,Red Marion,1935-1943
marisja01,Jake Marisnick,2013-2023
marisro01,Roger Maris,1957-1968
marjami01,Mike Marjama,2017-2018
markani01,Nick Markakis,2006-2020
markedu01,Duke Markell,1951-1951
markepa01,Parker Markel,2019-2022
markhdu01,Duke Markham,1935-1936
markhjo01,Johnny Markham,1930-1945
marklcl01,Cliff Markle,1915-1924
marklge01,Gene Markland,1950-1950
marksju01,Justin Marks,2014-2017
marksma01,Matt Marksberry,2015-2016
marloca01,Cade Marlowe,2023-2024
marlodi01,Dick Marlowe,1951-1956
marmoca01,Carlos Marmól,2006-2014
marmojo01,José Marmolejos,2020-2021
marniha01,Hal Marnie,1940-1942
marolfr01,Fred Marolewski,1953-1953
maronlo01,Lou Marone,1969-1970
maronni01,Nick Maronde,2012-2014
marotmi01,Mike Maroth,2002-2007
marqubo01,Bob Marquis,1953-1953
marqubr01,Brailyn Márquez,2020-2020
marquge01,Germán Márquez,2016-2025
marqugo01,Gonzalo Márquez,1972-1974
marquis01,Isidro Márquez,1995-1995
marquja01,Jason Marquis,2000-2015
marquje01,Jeff Marquez,2010-2011
marquji01,Jim Marquis,1925-1925
marqulu01,Luis Márquez,1946-1954
marquol01,Ollie Marquardt,1931-1931
marquro01,Roger Marquis,1955-1955
marquru01,Rube Marquard,1908-1925
marrech01,Chris Marrero,2011-2017
marreco01,Connie Marrero,1950-1954
marrede01,Deven Marrero,2015-2022
marreel01,Eli Marrero,1997-2006
marreor01,Oreste Marrero,1993-1996
marriwi01,William Marriott,1917-1927
marrle01,Lefty Marr,1886-1891
marrobu01,Buck Marrow,1932-1938
marsaar01,Armando Marsans,1911-1918
marsed01,Ed Mars,1890-1890
marsh03,Marshall,1929-1929
marsh04,Marsh,1932-1932
marshal01,Alec Marsh,2023-2024
marshbi01,Bill Marshall,1931-1934
marshbr01,Brett Marshall,2013-2013
marshbr02,Brandon Marsh,2021-2025
marshch01,Chip Marshall,1941-1941
marshcu01,Cuddles Marshall,1946-1950
marshda01,Dave Marshall,1967-1973
marshdo01,Doc Marshall,1904-1909
marshdo02,Doc Marshall,1929-1932
marshev01,Evan Marshall,2014-2021
marshfr01,Fred Marsh,1949-1956
marshja01,Jay Marshall,2007-2009
marshja02,Jack Marshall,1920-1929
marshja03,Jack Marshall,1926-1944
marshji01,Jim Marshall,1958-1962
marshjo01,Joe Marshall,1903-1906
marshke01,Keith Marshall,1973-1973
marshma01,Max Marshall,1942-1944
marshmi01,Mike Marshall,1967-1981
marshmi02,Mike Marshall,1981-1991
marshru01,Rube Marshall,1912-1915
marshse01,Sean Marshall,2006-2014
marshto01,Tom Marsh,1992-1995
marshwi01,Willard Marshall,1942-1955
marsolo01,Lou Marson,2008-2013
marsosa01,Sam Marsonek,2004-2004
marteal01,Alfredo Marte,2013-2015
martean01,Andy Marte,2005-2014
marteda01,Dámaso Marte,1999-2010
martedo01,Doc Martell,1909-1910
martefr01,Francis Martes,2017-2017
marteje01,Jefry Marte,2015-2018
martejo01,José Marte,2021-2024
marteke01,Ketel Marte,2015-2025
marteke02,Kelvin Marte,2016-2016
martelu01,Luis Marte,2011-2012
martelu02,Luis Marté,2021-2021
marteno01,Noelvi Marte,2023-2025
martest01,Starling Marte,2012-2025
martevi01,Víctor Marté,2009-2013
marteyu01,Yunior Marte,2022-2024
marti09,Martin,1939-1939
martiad01,Adrián Martinez,2022-2023
martial01,Al Martin,1872-1875
martial02,Freddie Martínez,1980-1981
martial03,Al Martin,1992-2003
martian01,Anastacio Martínez,2004-2004
martian02,Angel Martínez,2024-2025
martiau01,Austin Martin,2024-2024
martiba01,Babe Martin,1944-1953
martiba02,Barney Martin,1953-1953
martibi01,Billy Martin,1914-1914
martibi02,Billy Martin,1950-1961
martibr01,Brett Martin,2019-2022
martibu01,Buck Martinez,1969-1986
martica01,Carmelo Martínez,1983-1991
martica02,Carlos Martínez,1988-1995
martica03,Carlos Martínez,2006-2009
martica04,Carlos Martínez,2013-2021
martich01,Chito Martínez,1991-1993
martich02,Chris Martin,2014-2025
marticl01,Clem Martin,1939-1939
martico01,Cody Martin,2015-2017
martico02,Corbin Martin,2019-2022
marticr01,Cristhian Martínez,2009-2013
martida01,Dave Martinez,1986-2001
martida02,David Martínez,2013-2014
martida03,Davis Martin,2022-2025
martide01,Dennis Martínez,1976-1998
martido01,Doc Martin,1908-1912
martido02,Domingo Martínez,1992-1993
martied01,Edgar Martínez,1987-2004
martiet01,Ethan Martin,2013-2014
martife01,Félix Martínez,1997-2001
martife02,Fernando Martínez,2009-2013
martife03,Felix Martin,1926-1926
martifr01,Frank Martin,1897-1899
martifr02,Fred Martin,1946-1950
martige01,Gene Martin,1968-1968
martigr01,Greg Martinez,1998-1998
martihe01,Hersh Martin,1937-1945
martihe02,Hector Martinez,1962-1963
martija01,Jack Martin,1912-1914
martija02,Javier Martínez,1998-1998
martija03,Jason Martin,2019-2021
martijd01,J.D. Martin,2009-2010
martijd02,J.D. Martinez,2011-2024
martije01,Jerry Martin,1974-1984
martijo01,Joe Martin,1903-1903
martijo02,Joe Martina,1924-1924
martijo03,Joe Martin,1936-1938
martijo04,José Martínez,1969-1970
martijo05,John Martin,1980-1983
martijo06,José Martínez,1994-1994
martijo07,Joe Martinez,2009-2013
martijo08,José Martínez,2016-2020
martijp01,J.P. Martínez,2023-2024
martiju01,Justin Martinez,2023-2025
martiky01,Kyle Martin,2017-2017
martile01,Leonys Martín,2011-2019
martilu01,Luis Martínez,2003-2003
martilu02,Luis Martinez,2011-2012
martima01,Marty Martínez,1962-1972
martima02,Manny Martínez,1996-1999
martimi01,Mike Martin,1986-1986
martimi02,Michael Martínez,2011-2017
martimo01,Morrie Martin,1949-1959
martini01,Nick Martinez,2014-2025
martini02,Nick Martini,2018-2025
martino01,Norberto Martin,1993-1999
martior01,Orelvis Martinez,2024-2024
martios01,Osvaldo Martínez,2010-2011
martipa01,Pat Martin,1919-1920
martipa02,Paul Martin,1955-1955
martipa03,Pablo Martínez,1996-1996
martipa04,Pasqual Martínez,1924-1924
martipa05,Pablo Martínez,1928-1928
martipe01,Pepper Martin,1928-1944
martipe02,Pedro Martinez,1992-2009
martipe03,Pedro Martínez,1993-1997
martiph01,Phonney Martin,1872-1873
martipr01,Prudencio Martínez,1920-1920
martira01,Ray Martin,1943-1948
martira02,Ramón Martínez,1988-2001
martira03,Ramón Martínez,1998-2009
martira04,Rafael Martín,2015-2016
martira05,Ramón Martínez,1928-1928
martira06,Horacio Martínez,1935-1947
martire01,Renie Martin,1979-1984
martiri01,Richie Martin,2019-2022
martiro01,Rogelio Martínez,1950-1950
martiru01,Russell Martin,2006-2019
martisa01,Sandy Martínez,1995-2004
martise01,Seth Martinez,2021-2024
martish01,Shairon Martis,2008-2013
martisi01,Silvio Martínez,1977-1981
martisp01,Speed Martin,1917-1922
martist01,Stu Martin,1936-1943
martist02,Stack Martin,1925-1928
martite01,Ted Martínez,1970-1979
martiti01,Tippy Martinez,1974-1988
martiti02,Tino Martinez,1990-2005
martito01,Tony Martínez,1963-1966
martito02,Tom Martin,1997-2007
martivi01,Víctor Martínez,2002-2018
martiwe01,Wedo Martini,1935-1935
martiwi01,Willie Martínez,2000-2000
martybo01,Bob Martyn,1957-1959
martyjo01,Joe Marty,1937-1941
martzga01,Gary Martz,1975-1975
martzra01,Randy Martz,1980-1983
marveja01,James Marvel,2019-2019
marzajo01,John Marzano,1987-1998
masaoon01,Onan Masaoka,1999-2000
mashafo01,Forrest Mashaw,1920-1920
mashocl01,Clyde Mashore,1969-1973
mashoda01,Damon Mashore,1996-1998
masiph01,Phil Masi,1939-1952
maskrha01,Harry Maskrey,1882-1882
maskrle01,Leech Maskrey,1882-1886
masonch01,Charlie Mason,1875-1883
masonch02,Charlie Mason,1923-1932
masonde01,Del Mason,1904-1907
masondo01,Don Mason,1966-1973
masoner01,Ernie Mason,1894-1894
masonha01,Hank Mason,1958-1960
masonji01,Jim Mason,1971-1979
masonmi01,Mike Mason,1982-1988
masonro01,Roger Mason,1984-1994
massago01,Gordon Massa,1957-1958
massebi01,Bill Massey,1894-1894
massemi01,Mike Massey,1917-1917
massemi02,Michael Massey,2022-2025
massemo01,Morrow Massey,1930-1930
masseni01,Nick Masset,2006-2015
massero01,Red Massey,1918-1918
massiga01,Garcia Massingale,1944-1945
massisa01,Salvador Massip,1925-1925
masteda01,Dan Masteller,1995-1995
masteju01,Justin Masterson,2008-2015
mastepa01,Paul Masterson,1940-1942
mastewa01,Walt Masters,1931-1939
mastewa02,Walt Masterson,1939-1956
mastnto01,Tom Mastny,2006-2008
mastrda01,Darin Mastroianni,2011-2016
mastrmi01,Miles Mastrobuoni,2022-2025
matafr01,Frank Mata,2010-2010
matarle01,Len Matarazzo,1952-1952
matavi01,Víctor Mata,1984-1985
matchja01,Jack Matchett,1940-1945
matchto01,Tommy Matchick,1967-1972
mateohe01,Henry Mateo,2001-2006
mateojo01,Jorge Mateo,2020-2025
mateoju01,Julio Mateo,2002-2007
mateoju02,Juan Mateo,2006-2006
mateoma01,Marcos Mateo,2010-2015
mateoru01,Rubén Mateo,1999-2004
mathebo01,Bobby Mathews,1871-1887
mathech01,Christy Mathewson,1900-1916
matheed01,Eddie Mathews,1952-1968
mathegr01,Greg Mathews,1986-1992
mathehe01,Henry Mathewson,1906-1907
mathejo01,Joe Mathes,1912-1916
mathejo02,Joe Mather,2008-2012
mathemi01,Mike Matheny,1994-2006
mathene01,Nelson Mathews,1960-1965
mathete01,Terry Mathews,1991-1999
mathica01,Carl Mathias,1960-1961
mathido01,Doug Mathis,2008-2010
mathije01,Jeff Mathis,2005-2021
mathiji01,Jimmy Mathison,1902-1902
mathima01,Mark Mathias,2020-2023
mathiro01,Ron Mathis,1985-1987
mathisc01,Scott Mathieson,2006-2011
mathive01,Verdell Mathis,1940-1948
mathiwy01,Wyatt Mathisen,2020-2021
matiajo01,John Matias,1970-1970
matijjj01,J.J. Matijevic,2022-2022
matlajo01,Jon Matlack,1971-1983
matlole01,Leroy Matlock,1929-1938
matonni01,Nick Maton,2021-2025
matonph01,Phil Maton,2017-2025
matosfr01,Francisco Matos,1994-1994
matosju01,Julius Matos,2002-2003
matoslu01,Luis Matos,2000-2006
matoslu02,Luis Matos,2023-2025
matosos01,Osiris Matos,2008-2009
matospa01,Pascual Matos,1999-1999
matrada01,Dave Matranga,2003-2005
matsuda01,Daisuke Matsuzaka,2007-2014
matsuhi01,Hideki Matsui,2003-2012
matsuka01,Kazuo Matsui,2004-2010
matsuyu01,Yuki Matsui,2024-2025
matteal01,Al Mattern,1908-1912
matteed01,Eddie Matteson,1914-1918
mattetr01,Troy Mattes,2001-2001
matthbo01,Charles Matthews,1891-1891
matthda01,Dale Matthewson,1943-1944
matthdi01,Dick Matthews,1932-1932
matthfr01,Fran Matthews,1938-1945
matthga01,Gary Matthews,1972-1987
matthga02,Gary Matthews,1999-2010
matthja01,Jack Matthews,1923-1923
matthje01,Jesse Matthews,1942-1942
matthjo01,Joe Matthews,1922-1922
matthmi01,Mike Matthews,2000-2005
matthry01,Ryan Mattheus,2011-2015
matthst01,Steve Matthias,1884-1884
matthwi01,William Matthews,1909-1909
matthwi02,Wid Matthews,1923-1925
matthze01,Zebby Matthews,2024-2024
mattibo01,Bobby Mattick,1938-1942
mattido01,Don Mattingly,1982-1995
mattiea01,Earl Mattingly,1931-1931
mattike01,Kevin Mattison,2012-2012
mattimi01,Mike Mattimore,1887-1890
mattira01,Ralph Mattis,1914-1914
mattiwa01,Wally Mattick,1912-1918
mattocl01,Cloy Mattox,1929-1929
mattoji01,Jim Mattox,1922-1923
mattsis01,Isaac Mattson,2021-2024
matulri01,Rick Matula,1979-1981
matusbr01,Brian Matusz,2009-2016
matusle01,Len Matuszek,1981-1987
matuzha01,Harry Matuzak,1934-1936
matzety01,Tyler Matzek,2014-2024
matzst01,Steven Matz,2015-2025
mauchge01,Gene Mauch,1944-1957
mauckha01,Hal Mauck,1893-1893
mauerjo01,Joe Mauer,2004-2018
maulal01,Al Maul,1884-1901
mauldma01,Mark Mauldin,1934-1934
maunedi01,Dick Mauney,1945-1947
mauner01,Ernie Maun,1924-1926
maupiha01,Harry Maupin,1898-1899
maurebr01,Brandon Maurer,2013-2018
maureda01,Dave Maurer,2000-2004
maurero01,Rob Maurer,1991-1992
maurira01,Ralph Mauriello,1958-1958
mauriro01,Ronny Mauricio,2023-2023
mauroca01,Carmen Mauro,1948-1953
mauseti01,Tim Mauser,1991-1995
mavisbo01,Bob Mavis,1949-1949
maxcybr01,Brian Maxcy,1995-1996
maxiela01,Larry Maxie,1969-1969
maxvida01,Dal Maxvill,1962-1975
maxwebe01,Bert Maxwell,1906-1914
maxwebr01,Bruce Maxwell,2016-2018
maxwech01,Charlie Maxwell,1950-1964
maxweja01,Jason Maxwell,1998-2001
maxweju01,Justin Maxwell,2007-2015
maxweze01,Zearlee Maxwell,1937-1938
mayayu01,Yunesky Maya,2010-2013
maybejo01,John Mayberry,1968-1982
maybejo02,John Mayberry,2009-2015
maybica01,Cameron Maybin,2007-2021
maybu01,Buckshot May,1924-1924
mayca01,Carlos May,1968-1977
mayda01,Dave May,1967-1978
mayda02,Darrell May,1995-2005
mayde01,Derrick May,1990-1999
maydu01,Dustin May,2019-2025
mayele01,Lee Maye,1959-1971
mayered01,Ed Mayer,1890-1891
mayered02,Ed Mayer,1957-1958
mayerer01,Erskine Mayer,1912-1919
mayermi01,Mike Mayers,2016-2023
mayersa01,Sam Mayer,1915-1915
mayerwa01,Wally Mayer,1911-1919
mayespa01,Paddy Mayes,1911-1911
mayfija01,Jack Mayfield,2019-2022
mayja01,Jakie May,1917-1932
mayja02,Jacob May,2017-2017
mayje01,Jerry May,1964-1973
mayle01,Lee May,1965-1982
maylu01,Lucas May,2010-2010
maymi01,Milt May,1970-1984
maynabu01,Buster Maynard,1940-1946
maynach01,Chick Maynard,1922-1922
maynebr01,Brent Mayne,1990-2004
mayoco01,Coby Mayo,2024-2024
mayoed01,Eddie Mayo,1936-1948
mayoja01,Jackie Mayo,1948-1953
maypi01,Merrill May,1939-1943
mayru01,Rudy May,1965-1983
mays02,Mays,1938-1938
maysal01,Al Mays,1885-1890
maysc01,Scott May,1988-1991
maysca01,Carl Mays,1915-1929
maysda01,Dave Mays,1937-1937
maysema01,Matt Maysey,1992-1993
maysjo01,Joe Mays,1999-2006
maysjo02,Joe May,1937-1937
maysoed01,Edwin Maysonet,2008-2012
mayswi01,Willie Mays,1948-1973
maytr01,Trevor May,2014-2023
mayweed01,Ed Mayweather,1937-1942
mayweel01,Elliott Mayweather,1929-1929
mayzati01,Tim Mayza,2017-2025
mazalu01,Luis Maza,2008-2008
mazarno01,Nomar Mazara,2016-2022
mazeipa01,Patrick Mazeika,2021-2022
mazerbi01,Bill Mazeroski,1956-1972
mazurad01,Adam Mazur,2024-2024
mazzach01,Chris Mazza,2019-2022
mazzavi01,Vin Mazzaro,2009-2016
mazzeme01,Mel Mazzera,1935-1940
mazzile01,Lee Mazzilli,1976-1989
mazzoco01,Cory Mazzoni,2015-2018
mcadaja01,Jack McAdams,1911-1911
mcadotu01,Tullie McAdoo,1920-1924
mcafebi01,Bill McAfee,1930-1934
mcaleja01,Jack McAleese,1901-1909
mcaleji01,Jimmy McAleer,1889-1907
mcallbi01,Bill McAllester,1913-1913
mcallfr01,Frank McAllister,1937-1943
mcallge01,George McAllister,1924-1934
mcallsp01,Sport McAllister,1896-1903
mcallza01,Zach McAllister,2011-2023
mcanaer01,Ernie McAnally,1971-1974
mcanaji01,Jim McAnany,1958-1962
mcandja01,Jamie McAndrew,1995-1997
mcandji01,Jim McAndrew,1968-1974
mcanupa01,Paul McAnulty,2005-2010
mcartdi01,Dixie McArthur,1914-1914
mcartja01,James McArthur,2023-2024
mcatebu01,Michael McAtee,1871-1872
mcateul01,Ulysses McAtee,1931-1931
mcauldi01,Dick McAuliffe,1960-1975
mcaulge01,Gene McAuliffe,1904-1904
mcaulik01,Ike McAuley,1914-1925
mcavoge01,George McAvoy,1914-1914
mcavoto01,Tom McAvoy,1959-1959
mcavowi01,Wickey McAvoy,1913-1919
mcbeaal01,Al McBean,1961-1970
mcbeepr01,Pryor McBee,1926-1926
mcbetma01,Marcus McBeth,2007-2007
mcbrial01,Algie McBride,1896-1901
mcbriba01,Bake McBride,1973-1983
mcbrich01,Tuts McBride,1941-1941
mcbridi01,Dick McBride,1871-1876
mcbrifr01,Fred McBride,1931-1940
mcbrige01,George McBride,1901-1920
mcbrijo01,McBride,1890-1890
mcbrike01,Ken McBride,1959-1965
mcbrima01,Macay McBride,2005-2007
mcbrima02,Matt McBride,2012-2016
mcbripe01,Pete McBride,1898-1899
mcbrito01,Tom McBride,1943-1948
mcbrory01,Ryan McBroom,2019-2021
mccab02,McCabb,1923-1923
mccabbi01,Bill McCabe,1918-1920
mccabdi01,Dick McCabe,1918-1922
mccabjo01,Joe McCabe,1964-1965
mccabra01,Ralph McCabe,1946-1946
mccabsw01,Swat McCabe,1909-1910
mccabti01,Tim McCabe,1915-1918
mccaf01,Bill McCaffrey,1885-1885
mccafha01,Harry McCaffery,1882-1883
mccafsp01,Sparrow McCaffrey,1889-1889
mccahbi01,Bill McCahan,1946-1949
mccalbi01,Bill McCall,1922-1931
mccalbr01,Brian McCall,1962-1963
mccaldu01,Dutch McCall,1948-1948
mccalhe01,Henry McCall,1937-1945
mccalla01,Larry McCall,1977-1979
mccalwi01,Windy McCall,1948-1957
mccamra01,Randy McCament,1989-1990
mccanbr01,Brian McCann,2005-2019
mccanem01,Emmet McCann,1920-1926
mccange01,Gene McCann,1901-1902
mccanja01,Jack McCandless,1914-1915
mccanja02,James McCann,2014-2024
mccanky01,Kyle McCann,2024-2024
mccaral01,Alex McCarthy,1910-1917
mccarar01,Arch McCarthy,1902-1902
mccarbi01,Bill McCarthy,1905-1907
mccarbi02,William McCarthy,1906-1906
mccarbi03,Bill McCarren,1923-1923
mccarbr01,Brandon McCarthy,2005-2018
mccarda01,Dave McCarty,1993-2005
mccarfr01,Frank McCarton,1872-1872
mccargr01,Greg McCarthy,1996-1998
mccarja01,Jack McCarthy,1893-1907
mccarja02,Jake McCarthy,2021-2025
mccarje01,Jerry McCarthy,1948-1948
mccarjo01,John McCarty,1889-1889
mccarjo02,Joe McCarthy,1905-1906
mccarjo03,Johnny McCarthy,1934-1948
mccarjo04,Joe McCarthy,2020-2020
mccarke01,Kevin McCarthy,2016-2020
mccarki01,Kirk McCarty,2022-2022
mccarle01,Lew McCarty,1913-1921
mccarro01,Roger McCardell,1959-1959
mccarti01,Tim McCarver,1959-1980
mccarto01,Tommy McCarthy,1884-1896
mccarto02,Tom McCarthy,1908-1909
mccarto03,Tom McCarthy,1985-1989
mccaski01,Kirk McCaskill,1985-1996
mccatst01,Steve McCatty,1977-1985
mccaual01,Al McCauley,1884-1891
mccaubi01,Bill McCauley,1895-1895
mccauda01,Darren McCaughan,2021-2025
mccauji01,Jim McCauley,1884-1886
mccaupa01,Pat McCauley,1893-1903
mccauro01,Rosey McCauley,1930-1930
mccheha01,Harry McChesney,1904-1904
mcclabi01,Bill McClain,1933-1933
mcclabo01,Boots McClain,1920-1926
mcclaje01,Jeep McClain,1945-1946
mcclajo01,Joe McClain,1961-1962
mcclape01,Pete McClanahan,1931-1931
mcclare01,Reggie McClain,2019-2020
mcclasc01,Scott McClain,1998-2008
mcclash01,Shane McClanahan,2020-2023
mcclebi01,Bill McClellan,1878-1888
mccleha01,Hervey McClellan,1919-1924
mccleje01,Jeff McCleskey,1913-1913
mccleky01,Kyle McClellan,2008-2013
mcclell01,Lloyd McClendon,1987-1994
mcclemi01,Mike McClendon,2010-2012
mcclepa01,Paul McClellan,1990-1991
mccleza01,Zach McClellan,2007-2007
mcclina01,Nat McClinic,1948-1948
mcclobi01,Bill McCloskey,1875-1884
mccloji01,Jim McCloskey,1936-1936
mcclojo01,John McCloskey,1906-1907
mcclubo01,Bob McClure,1975-1993
mcclubo02,Bob McClure,1920-1929
mccluha01,Hal McClure,1882-1882
mccluha02,Harry McCluskey,1915-1915
mcclula01,Larry McClure,1910-1910
mccluse01,Seth McClung,2003-2009
mccolal01,Alex McColl,1933-1934
mcconam01,Amby McConnell,1908-1911
mcconge01,George McConnell,1909-1916
mcconra01,Ralph McConnaughey,1914-1914
mcconsa01,Sam McConnell,1915-1915
mcconsa02,Sam McConnell,2004-2004
mccoobi01,Billy McCool,1964-1970
mccorba01,Barry McCormick,1895-1904
mccorbi01,Bill McCorry,1909-1909
mccorbu01,Butch McCord,1948-1948
mccorch01,Chas McCormick,2021-2025
mccordo01,Don McCormack,1980-1981
mccorfr01,Frank McCormick,1934-1948
mccorha01,Harry McCormick,1879-1883
mccorje01,Jerry McCormick,1883-1884
mccorji01,Jim McCormick,1878-1887
mccorji02,Jim McCormick,1892-1892
mccormi01,Mike McCormick,1904-1904
mccormi02,Mike McCormick,1940-1951
mccormi03,Mike McCormick,1956-1971
mccormo01,Harry McCormick,1904-1913
mccosba01,Barney McCosky,1939-1953
mccovwi01,Willie McCovey,1959-1980
mccoyar01,Art McCoy,1889-1889
mccoybe01,Benny McCoy,1938-1941
mccoyfr01,Frank McCoy,1929-1943
mccoyma01,Mason McCoy,2023-2024
mccoymi01,Mike McCoy,2009-2012
mccoypa01,Pat McCoy,2014-2014
mccoywa01,Walter McCoy,1945-1947
mccrage01,Willie McCrary,1944-1944
mccragr01,Grant McCray,2024-2024
mccrajo01,John McCrary,1943-1943
mccrale01,Les McCrabb,1939-1950
mccraqu01,Quinton McCracken,1995-2006
mccraro01,Rodney McCray,1990-1992
mccrato01,Tommy McCraw,1963-1975
mccre02,McCreary,1937-1937
mccread01,Adam McCreery,2018-2018
mccreed01,Ed McCreery,1914-1914
mccrefr01,Frank McCrea,1925-1925
mccreto01,Tom McCreery,1895-1903
mccrewa01,Judge McCredie,1903-1903
mccrobo01,Bob McCrory,2008-2009
mccuefr01,Frank McCue,1922-1922
mcculch01,Charlie McCullough,1890-1890
mcculcl01,Clyde McCullough,1940-1956
mcculla01,Lance McCullers,1985-1992
mcculla02,Lance McCullers Jr.,2015-2022
mcculpa01,Paul McCullough,1929-1929
mcculph01,Phil McCullough,1942-1942
mccurha01,Harry McCurdy,1922-1934
mccurje01,Jeff McCurry,1995-1999
mccurji01,Jim McCurine,1946-1948
mccutan01,Andrew McCutchen,2009-2025
mccutda01,Daniel McCutchen,2009-2014
mcdanbo01,Booker McDaniel,1941-1945
mcdanfr01,Fred McDaniel,1940-1946
mcdanga01,Garrett McDaniels,2025-2025
mcdanli01,Lindy McDaniel,1955-1975
mcdante01,Terry McDaniel,1991-1991
mcdanvo01,Von McDaniel,1957-1958
mcdavra01,Ray McDavid,1994-1995
mcderch01,Chayce McDermott,2024-2024
mcderjo01,James McDermott,1871-1872
mcdermi01,Michael McDermott,1889-1889
mcdermi02,Mike McDermott,1895-1897
mcdermi03,Mickey McDermott,1948-1961
mcderre01,Red McDermott,1912-1912
mcdersa01,Sandy McDermott,1885-1885
mcderte01,Terry McDermott,1972-1972
mcdevda01,Danny McDevitt,1957-1962
mcdilal01,Allen McDill,1997-2001
mcdon05,McDonald,1942-1942
mcdonbe01,Ben McDonald,1989-1997
mcdonda01,Dave McDonald,1969-1971
mcdonda02,Darnell McDonald,2004-2013
mcdondo01,Donzell McDonald,2001-2002
mcdoned01,Ed McDonough,1909-1910
mcdoned02,Ed McDonald,1911-1913
mcdongi01,Gifford McDonald,1920-1920
mcdonha01,Hank McDonald,1931-1933
mcdonja01,Jack McDonald,1872-1872
mcdonja02,Jason McDonald,1997-2000
mcdonja03,James McDonald,2008-2013
mcdonji01,Jim McDonald,1884-1885
mcdonji02,Malcolm MacDonald,1902-1902
mcdonji03,Jim McDonnell,1943-1945
mcdonji04,Jim McDonald,1950-1958
mcdonjo01,John McDonald,1907-1907
mcdonjo02,Joe McDonald,1910-1910
mcdonjo03,John McDonald,1999-2014
mcdonke01,Keith McDonald,2000-2001
mcdonlu01,Luther McDonald,1927-1935
mcdonmi01,Mickey McDonald,2022-2022
mcdonte01,Tex McDonald,1912-1915
mcdontr01,Trevor McDonald,2024-2024
mcdonwe01,Webster McDonald,1925-1940
mcdoo01,McDoolan,1873-1873
mcdoude01,Dewey McDougal,1895-1896
mcdougi01,Gil McDougald,1951-1960
mcdoule01,Lem McDougal,1920-1920
mcdouma01,Marshall McDougall,2005-2005
mcdousa01,Sandy McDougal,1895-1905
mcdowja01,Jack McDowell,1987-1999
mcdowod01,Oddibe McDowell,1985-1994
mcdowro01,Roger McDowell,1985-1996
mcdowsa01,Sam McDowell,1961-1975
mcdufte01,Terris McDuffie,1930-1945
mcelrch01,Chuck McElroy,1989-2001
mcelrji01,Jim McElroy,1884-1884
mcelvpr01,Pryor McElveen,1909-1911
mcelwle01,Lee McElwee,1916-1916
mcelyfr01,Frank McElyea,1942-1942
mcenawi01,Will McEnaney,1974-1979
mcevolo01,Lou McEvoy,1930-1931
mcewijo01,Joe McEwing,1998-2006
mcfadba01,Barney McFadden,1901-1902
mcfadgu01,Guy McFadden,1895-1895
mcfadle01,Leon McFadden,1968-1970
mcfaral01,Alex McFarlan,1892-1892
mcfarch01,Chris McFarland,1884-1884
mcfarch02,Chappie McFarland,1902-1906
mcfarda01,Dan McFarlan,1895-1899
mcfared01,Ed McFarland,1893-1908
mcfarhe01,Herm McFarland,1896-1903
mcfarho01,Howie McFarland,1945-1945
mcfarjo01,John McFarlin,1932-1932
mcfarjo02,John McFarland,1944-1947
mcfarmo01,Monte McFarland,1895-1896
mcfaror01,Orlando McFarlane,1962-1968
mcfartj01,T.J. McFarland,2013-2025
mcfetja01,Jack McFetridge,1890-1903
mcgafan01,Andy McGaffigan,1981-1991
mcgafpa01,Patsy McGaffigan,1917-1918
mcgahed01,Eddie McGah,1946-1947
mcganam01,Ambrose McGann,1895-1895
mcganda01,Dan McGann,1896-1908
mcgarch01,Chippy McGarr,1884-1896
mcgarda01,Dan McGarvey,1912-1912
mcgarji01,Jim McGarr,1912-1912
mcgeaja01,Jack McGeachey,1886-1891
mcgeami01,Mike McGeary,1871-1882
mcgeebi01,Bill McGee,1935-1942
mcgeeco01,Connie McGeehan,1903-1903
mcgeeda01,Dan McGeehan,1911-1911
mcgeeda02,Dan McGee,1934-1934
mcgeeea01,Easton McGee,2022-2023
mcgeefr01,Frank McGee,1925-1925
mcgeeja01,Jake McGee,2010-2022
mcgeepa01,Pat McGee,1874-1875
mcgeewi01,Willie McGee,1982-1999
mcgehca01,Casey McGehee,2008-2016
mcgehke01,Kevin McGehee,1993-1993
mcgehpa01,Pat McGehee,1912-1912
mcghebi01,Bill McGhee,1944-1945
mcgheed01,Ed McGhee,1950-1955
mcgilbi01,Bill McGill,1907-1907
mcgilbi02,Bill McGilvray,1908-1908
mcgiljo01,John McGillen,1944-1944
mcgilra01,Randy McGilberry,1977-1978
mcgilwi01,Willie McGill,1890-1896
mcginda01,Dan McGinn,1968-1972
mcginfr01,Frank McGinn,1890-1890
mcgingu01,Gus McGinnis,1893-1893
mcginji01,Jim McGinley,1904-1905
mcginjo01,Joe McGinnity,1899-1908
mcginju01,Jumbo McGinnis,1882-1887
mcginru01,Russ McGinnis,1992-1995
mcginti01,Tim McGinley,1875-1876
mcglike01,Kevin McGlinchy,1999-2000
mcgloji01,Jim McGlothlin,1965-1973
mcglojo01,John McGlone,1886-1888
mcgloly01,Lynn McGlothen,1972-1982
mcglopa01,Pat McGlothin,1949-1950
mcglyst01,Stoney McGlynn,1906-1908
mcgousc01,Scott McGough,2015-2024
mcgovar01,Art McGovern,1905-1905
mcgowbe01,Frank McGowan,1922-1937
mcgowdu01,Dustin McGowan,2005-2017
mcgowke01,Kevin McGowan,2017-2017
mcgowky01,Kyle McGowin,2018-2021
mcgowmi01,Mickey McGowan,1948-1948
mcgrabo01,Bob McGraw,1917-1929
mcgraho01,Howard McGraner,1912-1912
mcgrajo01,John McGraw,1891-1907
mcgrajo02,John McGraw,1914-1914
mcgraky01,Kyle McGrath,2017-2018
mcgrato01,Tom McGraw,1997-1997
mcgratu01,Tug McGraw,1965-1984
mcgremi01,Michael McGreevy,2024-2024
mcgresc01,Scott McGregor,1976-1988
mcgresl01,Slim McGrew,1922-1924
mcgrifr01,Fred McGriff,1986-2004
mcgrima01,Mark McGrillis,1892-1892
mcgrite01,Terry McGriff,1987-1994
mcgucjo01,Joe McGuckin,1890-1890
mcgui01,Thomas Maguire,1894-1894
mcguibi01,Bill McGuire,1988-1989
mcguich01,Chris McGuiness,2013-2013
mcguide01,Deacon McGuire,1884-1912
mcguide02,Deck McGuire,2017-2018
mcguiji01,Jim McGuire,1901-1901
mcguijo01,John McGuinness,1876-1884
mcguimi01,Mickey McGuire,1962-1967
mcguire01,Reese McGuire,2018-2024
mcguiry01,Ryan McGuire,1997-2002
mcguito01,Tom McGuire,1914-1919
mcgunbi01,Bill McGunnigle,1879-1882
mcgwima01,Mark McGwire,1986-2001
mchalbo01,Bob McHale,1898-1898
mchalji01,Jim McHale,1908-1908
mchaljo01,John McHale,1943-1948
mchalma01,Marty McHale,1910-1916
mchasjc01,J.C. McHaskell,1927-1929
mchenau01,Austin McHenry,1918-1922
mchenhe01,Henry McHenry,1930-1948
mchenva01,Vance McHenry,1981-1982
mchugco01,Collin McHugh,2012-2023
mcilrva01,Vance McIlree,1921-1921
mcilvir01,Irish McIlveen,1906-1909
mcilwst01,Stover McIlwain,1957-1958
mcinnst01,Stuffy McInnis,1909-1927
mcintb01,B. McIntyre,1924-1924
mcintfr01,Frank McIntyre,1883-1883
mcintha01,Harry McIntire,1905-1913
mcintji01,Jimmy McIntosh,1937-1937
mcintjo01,Joe McIntosh,1974-1975
mcintma01,Matty McIntyre,1901-1912
mcintti01,Tim McIntosh,1990-1996
mcivoot01,Otto McIvor,1911-1911
mcjamdo01,James McJames,1895-1901
mckaiar01,Archie McKain,1937-1943
mckaiha01,Hal McKain,1927-1932
mckam01,McKamey,1946-1946
mckaybr01,Brendan McKay,2019-2019
mckayco01,Cody McKay,2002-2004
mckayda01,Dave McKay,1975-1982
mckayda02,David McKay,2019-2022
mckayre01,Reeve McKay,1915-1915
mckeaed01,Ed McKean,1887-1899
mckecbi01,Bill McKechnie,1907-1920
mckeefr01,Frank McKee,1884-1884
mckeeji01,Jim McKeever,1884-1884
mckeeji02,Jim McKee,1972-1973
mckeere01,Red McKee,1913-1916
mckeero01,Roger McKee,1943-1944
mckeewa01,Walt McKeel,1996-2002
mckeiti01,Tim McKeithan,1932-1934
mckelfr01,Fred McKelvin,1942-1942
mckeljo01,John McKelvey,1875-1875
mckelru01,Russ McKelvy,1878-1882
mckened01,Ed McKenna,1884-1884
mckenfr01,Frank McKenna,1874-1874
mckenki01,Kit McKenna,1898-1899
mckenli01,Frank McKenry,1915-1916
mckenmi01,Michael McKenry,2010-2016
mckenpa01,Patrick McKenna,1877-1877
mckenry01,Ryan McKenna,2021-2024
mckentr01,Triston McKenzie,2020-2025
mckeoda01,Dave McKeough,1890-1891
mckeojo01,Joel McKeon,1986-1987
mckeola01,Larry McKeon,1884-1886
mckin02,McKinley,1922-1922
mckinal01,Alex McKinnon,1884-1887
mckinbi01,Billy McKinney,2018-2024
mckinbo01,Bob McKinney,1901-1901
mckingr01,Gready McKinnis,1941-1945
mckinri01,Rich McKinney,1970-1977
mckinza01,Zach McKinstry,2020-2025
mckiran01,Andrew McKirahan,2015-2015
mcknije01,Jeff McKnight,1989-1994
mckniji01,Jim McKnight,1960-1962
mcknito01,Tony McKnight,2000-2001
mclaide01,Denny McLain,1963-1972
mclaima01,Matt McLain,2023-2025
mclaned01,Ed McLane,1907-1907
mclarar01,Art McLarney,1932-1932
mclarpo01,Polly McLarry,1912-1915
mclauba01,Barney McLaughlin,1884-1890
mclaubo01,Bo McLaughlin,1976-1982
mclauby01,Byron McLaughlin,1977-1983
mclaufe01,Felix McLaurin,1942-1946
mclaufr01,Frank McLaughlin,1882-1884
mclauja01,William McLaughlin,1884-1884
mclauja02,Jack McLaurin,1945-1948
mclauji01,Jim McLaughlin,1884-1884
mclauji02,Jim McLaughlin,1932-1932
mclaujo01,Joey McLaughlin,1977-1984
mclauju01,Jud McLaughlin,1931-1933
mclauki01,Kid McLaughlin,1914-1914
mclaupa01,Pat McLaughlin,1937-1945
mclaura01,Ralph McLaurin,1908-1908
mclauto01,Tom McLaughlin,1883-1891
mclauwa01,Warren McLaughlin,1900-1903
mcleaal01,Al McLean,1935-1935
mcleala01,Larry McLean,1901-1915
mcleama01,Marty McLeary,2004-2007
mclelwa01,Wayne McLeland,1951-1952
mclem03,McLemore,1938-1938
mclemma01,Mark McLemore,1986-2004
mclemma02,Mark McLemore,2007-2007
mcleoji01,Jim McLeod,1930-1933
mcleora01,Ralph McLeod,1938-1938
mclisca01,Cal McLish,1944-1964
mclouna01,Nate McLouth,2005-2014
mcmacsa01,Sam McMackin,1902-1902
mcmahdo01,Doc McMahon,1908-1908
mcmahdo02,Don McMahon,1957-1974
mcmahja01,Jack McMahon,1892-1893
mcmahja02,Jack McMahan,1956-1956
mcmahry01,Ryan McMahon,2017-2025
mcmahsa01,Sadie McMahon,1889-1897
mcmakjo01,John McMakin,1902-1902
mcmanfr01,Frank McManus,1899-1904
mcmanji01,Jim McManus,1960-1960
mcmanjo01,Joe McManus,1913-1913
mcmanma01,Marty McManus,1920-1934
mcmanpa01,Pat McManus,1879-1879
mcmatji01,Jimmy McMath,1968-1968
mcmeawi01,Willie McMeans,1944-1945
mcmicgr01,Greg McMichael,1993-2000
mcmilbi01,Billy McMillon,1996-2004
mcmilge01,George McMillan,1890-1890
mcmiljo01,John McMillon,2023-2024
mcmilno01,Norm McMillan,1922-1929
mcmilro01,Roy McMillan,1951-1966
mcmilto01,Tommy McMillan,1908-1912
mcmilto02,Tom McMillan,1977-1977
mcmulcl01,Clarence McMullen,1945-1945
mcmulfr01,Fred McMullin,1914-1920
mcmulge01,James McMullin,1887-1887
mcmulhu01,Hugh McMullen,1925-1929
mcmuljo01,John McMullin,1871-1875
mcmulke01,Ken McMullen,1962-1977
mcmurcr01,Craig McMurtry,1983-1995
mcnabca01,Carl McNabb,1945-1945
mcnabed01,Peter McNabb,1893-1893
mcnaier01,Eric McNair,1929-1942
mcnaihu01,Hurley McNair,1920-1937
mcnalda01,Dave McNally,1962-1975
mcnalmi01,Mike McNally,1915-1925
mcnambo01,Bob McNamara,1939-1939
mcnamdi01,Dinny McNamara,1927-1928
mcnamge01,George McNamara,1922-1922
mcnamji01,Jim McNamara,1992-1993
mcnamti01,Tim McNamara,1922-1926
mcnamto01,Tom McNamara,1922-1922
mcnaugo01,Gordon McNaughton,1932-1932
mcneaal01,Albert McNeal,1920-1920
mcneacl01,Clyde McNeal,1945-1948
mcneaha01,Harry McNeal,1901-1901
mcneare01,Red McNeal,1930-1932
mcnearu01,Rusty McNealy,1983-1983
mcneeea01,Earl McNeely,1924-1931
mcneeje01,Jeff McNeely,1993-1993
mcneewi01,Willie McNeely,1946-1946
mcneije01,Jeff McNeil,2018-2024
mcneino01,Norm McNeil,1919-1919
mcnerje01,Jerry McNertney,1964-1973
mcnicbr01,Brian McNichol,1999-1999
mcniced01,Ed McNichol,1904-1904
mcnulbi01,Bill McNulty,1969-1972
mcnulpa01,Pat McNulty,1922-1927
mcparfr01,Frank McPartlin,1899-1899
mcphebi01,Bid McPhee,1882-1899
mcpheda01,Dallas McPherson,2004-2011
mcphejo01,John McPherson,1901-1904
mcpheky01,Kyle McPherson,2012-2012
mcquahe01,Herb McQuaid,1923-1926
mcquaje01,Jerry McQuaig,1934-1934
mcquama01,Mart McQuaid,1891-1898
mcquejo01,John Henry McQueen,1944-1945
mcquemi01,Mike McQueen,1969-1974
mcquemo01,Mox McQuery,1884-1891
mcquepe01,Pete McQueen,1932-1937
mcquige01,George McQuillan,1907-1918
mcquige02,George McQuinn,1936-1948
mcquigl01,Glenn McQuillen,1938-1947
mcquihu01,Hugh McQuillan,1918-1927
mcraeal01,Alex McRae,2018-2021
mcraebr01,Brian McRae,1990-1999
mcraeha01,Hal McRae,1968-1987
mcraeno01,Norm McRae,1969-1970
mcrem01,McRemer,1884-1884
mcreyke01,Kevin McReynolds,1983-1994
mcshape01,Pete McShannic,1888-1888
mcsortr01,Trick McSorley,1875-1886
mcswepa01,Paul McSweeney,1891-1891
mctamji01,Jim McTamany,1885-1891
mctigbi01,Bill McTigue,1911-1916
mcveyca01,Cal McVey,1871-1879
mcveyge01,George McVey,1885-1885
mcweedo01,Doug McWeeny,1921-1930
mcwilbi01,Bill McWilliams,1931-1931
mcwilla01,Larry McWilliams,1978-1990
meachbo01,Bob Meacham,1983-1988
meachru01,Rusty Meacham,1991-2001
meadch01,Charlie Mead,1943-1945
meadcu01,Curtis Mead,2023-2025
meadoau01,Austin Meadows,2018-2023
meadobr01,Brian Meadows,1998-2006
meadojo01,Johnny Meador,1920-1920
meadole01,Lee Meadows,1915-1929
meadolo01,Louie Meadows,1986-1990
meadopa01,Parker Meadows,2023-2024
meadoru01,Rufus Meadows,1926-1926
meadsda01,Dave Meads,1987-1988
meakige01,George Meakim,1890-1895
meanepa01,Vincent Maney,1912-1912
meansjo01,John Means,2018-2024
meansle01,Lewis Means,1924-1928
mearach01,Charlie Meara,1914-1914
mearepa01,Pat Meares,1993-2001
mearsch01,Chris Mears,2003-2003
mearsni01,Nick Mears,2020-2025
mechegi01,Gil Meche,1999-2010
mecirji01,Jim Mecir,1995-2005
mecklwa01,Wade Meckler,2023-2023
meddebr01,Brandon Medders,2005-2010
medeira01,Ray Medeiros,1945-1945
medervi01,Victor Mederos,2023-2024
medicdo01,Doc Medich,1972-1982
medicto01,Tommy Medica,2013-2014
medinad01,Adonis Medina,2020-2022
medinla01,Lázaro Medina,1944-1945
medinlu01,Luis Medina,1988-1991
medinlu02,Luis Medina,2023-2024
medinra01,Rafael Medina,1998-1999
medinyo01,Yoervis Medina,2013-2015
medleca01,Cal Medley,1946-1946
medlekr01,Kris Medlen,2009-2018
medliir01,Irv Medlinger,1949-1951
medvisc01,Scott Medvin,1988-1990
medwijo01,Joe Medwick,1932-1948
meegape01,Pete Meegan,1884-1885
meehabi01,Bill Meehan,1915-1915
meekda01,Frank Meek,1889-1890
meekeja01,James Meeker,2024-2024
meekero01,Roy Meeker,1923-1926
meekev01,Evan Meek,2008-2014
meekijo01,Jouett Meekin,1891-1900
meekssa01,Sammy Meeks,1948-1951
meeleph01,Phil Meeler,1972-1972
meersru01,Russ Meers,1941-1947
meeto01,Tommy Mee,1910-1910
megiltr01,Trevor Megill,2021-2025
megilty01,Tylor Megill,2021-2025
meidrch01,Chase Meidroth,2025-2025
meierda01,Dave Meier,1984-1988
meierdu01,Dutch Meier,1906-1906
meinehe01,Heinie Meine,1922-1934
meinewa01,Walt Meinert,1913-1913
meinkbo01,Bob Meinke,1910-1910
meinkfr01,Frank Meinke,1884-1885
meisiry01,Ryan Meisinger,2018-2021
meistge01,George Meister,1884-1884
meistjo01,John Meister,1886-1887
meistka01,Karl Meister,1913-1913
meixemo01,Moxie Meixell,1912-1912
mejiaad01,Adalberto Mejía,2016-2019
mejiaal01,Alex Mejia,2017-2017
mejiaer01,Erick Mejia,2019-2020
mejiafr01,Francisco Mejia,2017-2023
mejiahu01,Humberto Mejía,2020-2021
mejiaje01,Jenrry Mejía,2010-2015
mejiaje02,J.C. Mejía,2021-2023
mejiami01,Miguel Mejía,1996-1996
mejiaro01,Román Mejías,1955-1964
mejiaro02,Roberto Mejía,1993-1997
mejiasa01,Sam Mejías,1976-1981
mejiase01,Seth Mejias-Brean,2019-2019
melanma01,Mark Melancon,2009-2022
meledu01,Dutch Mele,1937-1937
melenfr01,Francisco Meléndez,1984-1989
melenjo01,José Meléndez,1990-1994
melenlu01,Luis Meléndez,1970-1977
melenmj01,MJ Melendez,2022-2025
melesa01,Sam Mele,1947-1956
melhuad01,Adam Melhuse,2000-2008
melilke01,Kevin Melillo,2007-2007
melilsk01,Oscar Melillo,1926-1937
mellajo01,Joe Mellana,1927-1927
mellake01,Keury Mella,2017-2021
mellile01,Ralph Mellix,1934-1943
mellobi01,Bill Mellor,1902-1902
meloajo01,Jon Meloan,2007-2009
meloapa01,Paul Meloan,1910-1911
meloju01,Juan Melo,2000-2000
meltest01,Steve Melter,1909-1909
meltoba01,Babe Melton,1926-1929
meltobi01,Bill Melton,1968-1977
meltocl01,Cliff Melton,1937-1944
meltoda01,Dave Melton,1956-1958
meltoru01,Rube Melton,1941-1947
melusmi01,Mitch Meluskey,1998-2003
melvibo01,Bob Melvin,1985-1994
melviti01,Tim Melville,2016-2019
menacr01,Cristian Mena,2024-2024
menchke01,Kevin Mench,2002-2010
mendead01,Adalberto Méndez,2010-2010
mendeca01,Carlos Méndez,2003-2003
mendedo01,Donaldo Méndez,2001-2003
mendejo99,José Méndez,1920-1926
mendero01,Román Méndez,2014-2015
mendeyo01,Yohander Méndez,2016-2019
mendida01,Danny Mendick,2019-2024
mendoca01,Carlos Mendoza,1997-2000
mendolu01,Luis Mendoza,2007-2013
mendoma01,Mario Mendoza,1974-1982
mendomi01,Minnie Mendoza,1970-1970
mendomi02,Mike Mendoza,1979-1979
mendora01,Ramiro Mendoza,1996-2005
menecfr01,Frank Menechino,1999-2005
menefjo01,John Menefee,1892-1903
menento01,Tony Menéndez,1992-1994
menesjo01,Joey Meneses,2022-2024
menezco01,Conner Menez,2019-2022
mengdda01,Daniel Mengden,2016-2022
menhapa01,Paul Menhart,1995-1997
menkede01,Denis Menke,1962-1974
menosmi01,Mike Menosky,1914-1923
mensoed01,Ed Mensor,1912-1914
menzete01,Ted Menze,1918-1918
meolami01,Mike Meola,1933-1936
meoliru01,Rudy Meoli,1971-1979
mercahe01,Héctor Mercado,2000-2003
mercami01,Michael Mercado,2024-2024
mercaor01,Orlando Mercado,1982-1990
mercaos01,Óscar Mercado,2019-2023
mercehe01,Henry Mercedes,1992-1997
merceja01,Jack Mercer,1910-1910
mercejo01,John Mercer,1912-1912
mercejo02,José Mercedes,1994-2003
mercejo03,Jordy Mercer,2012-2021
mercelu01,Luis Mercedes,1991-1993
mercema01,Mark Mercer,1981-1981
merceme01,Melvin Mercedes,2014-2014
merceor01,Orlando Merced,1990-2003
mercewi01,Win Mercer,1894-1902
merceye01,Yermín Mercedes,2020-2022
merchan01,Andy Merchant,1975-1976
merchhe01,Henry Merchant,1940-1948
merckke01,Kent Mercker,1989-2008
meredcl01,Cla Meredith,2005-2010
meredge01,Geechie Meredith,1924-1930
merensp01,Spike Merena,1934-1934
merewar01,Art Merewether,1922-1922
meridro01,Ron Meridith,1984-1987
meriw01,Meriwether,1932-1932
merklfr01,Fred Merkle,1907-1926
merlolo01,Lou Merloni,1998-2006
merribi01,Bill Merritt,1891-1899
merribr01,Brett Merriman,1993-1994
merried01,Ed Merrill,1882-1884
merrige01,George Merritt,1901-1903
merrihe01,Herm Merritt,1921-1921
merrija01,Jackson Merrill,2024-2025
merriji01,Jim Merritt,1965-1975
merrijo01,John Merritt,1913-1913
merrill01,Lloyd Merriman,1949-1955
merrill02,Lloyd Merritt,1957-1957
merriry01,Ryan Merritt,2016-2017
merrisc01,Schute Merritt,1934-1934
merriwh01,Whit Merrifield,2016-2024
merryju01,Julian Merryweather,2020-2025
mersoja01,Jack Merson,1951-1953
mertesa01,Sam Mertes,1896-1906
mertzji01,Jim Mertz,1943-1943
merulle01,Lennie Merullo,1941-1947
merulma01,Matt Merullo,1989-1995
mervima01,Matt Mervis,2023-2025
mesaan01,Andrés Mesa,1948-1948
mesajo01,José Mesa,1987-2007
mesame01,Melky Mesa,2012-2013
mesapa01,Pablo Mesa,1923-1927
mesnest01,Steve Mesner,1938-1945
mesorde01,Devin Mesoraco,2011-2018
messean01,Andy Messersmith,1968-1979
messebo01,Bobby Messenger,1909-1914
messebu01,Andrew Messenger,1924-1924
messera01,Randy Messenger,2005-2009
messito01,Tom Messitt,1899-1899
metcaal01,Alfred Metcalfe,1875-1875
metcami01,Mike Metcalfe,1998-2000
metcato01,Tom Metcalf,1963-1963
metcatr01,Travis Metcalf,2007-2008
methasc01,Frank Metha,1940-1940
methebu01,Bud Metheny,1943-1946
metivde01,Dewey Metivier,1922-1924
metkoca01,George Metkovich,1943-1954
metroch01,Charlie Metro,1943-1945
metz02,Metz,1939-1939
metzgbu01,Butch Metzger,1974-1978
metzgro01,Roger Metzger,1970-1980
metziwi01,William Metzig,1944-1944
metzlal01,Alex Metzler,1925-1930
metzle01,Lenny Metz,1923-1925
meulehe01,Hensley Meulens,1989-1998
meusebo01,Bob Meusel,1920-1930
meuseir01,Irish Meusel,1914-1927
mexio01,Mexio,1925-1925
meyeral01,Alex Meyer,2015-2017
meyerbe01,Benny Meyer,1913-1925
meyerbe02,Ben Meyer,2018-2018
meyerbi01,Billy Meyer,1913-1917
meyerbo01,Bob Meyer,1964-1970
meyerbr01,Brian Meyer,1988-1990
meyerch01,Jack Meyers,1909-1917
meyerch02,Chad Meyers,1999-2003
meyerda01,Dan Meyer,1974-1985
meyerda02,Dan Meyer,2004-2010
meyerde01,Deacon Meyers,1921-1926
meyerdr01,Drew Meyer,2006-2006
meyerdu01,Dutch Meyer,1937-1946
meyerge01,George Meyer,1938-1938
meyerhe01,George Meyers,1890-1890
meyerja01,Jack Meyer,1955-1961
meyerja02,Jake Meyers,2021-2025
meyerjo01,Joey Meyer,1988-1989
meyerle01,Levi Meyerle,1871-1884
meyerle02,Lee Meyer,1909-1909
meyerlo01,Lou Meyers,1884-1884
meyerma01,Max Meyer,2022-2025
meyerru01,Russ Meyer,1946-1959
meyersc01,Scott Meyer,1978-1978
miadiba01,Bart Miadich,2001-2003
micelda01,Dan Miceli,1993-2006
micelmi01,Mickey Micelotta,1954-1955
michaca01,Cass Michaels,1943-1954
michach01,Chris Michalak,1998-2006
michage01,Gene Michael,1966-1975
michaja01,Jason Michaels,2001-2011
michajo01,John Michaelson,1921-1921
michajo02,John Michaels,1932-1932
michara01,Ralph Michaels,1924-1926
mickeed01,Ed Mickelson,1950-1957
mickegl01,Glenn Mickens,1953-1953
mickeja01,James Mickey,1940-1940
mickoka01,Kam Mickolio,2008-2011
middlja01,Jason Middlebrook,2001-2003
middlji01,Jim Middleton,1917-1921
middljo01,John Middleton,1922-1922
middlke01,Keynan Middleton,2017-2023
middlwi01,Will Middlebrooks,2012-2017
midkidi01,Dick Midkiff,1938-1938
midkiez01,Ezra Midkiff,1909-1913
mielkga01,Gary Mielke,1987-1990
mientdo01,Doug Mientkiewicz,1998-2009
mierked01,Ed Mierkowicz,1945-1950
mieskma01,Matt Mieske,1993-2000
miggila01,Larry Miggins,1948-1952
mihaljo01,John Mihalic,1935-1937
mijarjo01,José Mijares,2008-2013
mikkepe01,Pete Mikkelsen,1964-1972
mikloha01,Hank Miklos,1944-1944
mikolmi01,Miles Mikolas,2012-2025
miksied01,Eddie Miksis,1944-1958
milacbo01,Bob Milacki,1988-1996
milancl01,Clyde Milan,1907-1922
milanho01,Horace Milan,1915-1917
milbola01,Larry Milbourne,1974-1984
milchmi01,Mike Milchin,1996-1996
milesaa01,Aaron Miles,2003-2011
milesca01,Carl Miles,1940-1940
milesde01,Dee Miles,1935-1943
milesdo01,Don Miles,1958-1958
milesji01,Jim Miles,1968-1969
milesji02,Jimmy Miles,1934-1935
milesjo01,John Miles,1946-1948
mileswi01,Willie Miles,1924-1927
milesze01,Zell Miles,1937-1940
mileymi01,Mike Miley,1975-1976
mileywa01,Wade Miley,2011-2024
militsa01,Sam Militello,1992-1993
miljujo01,Johnny Miljus,1915-1929
milladr01,Drew Millas,2023-2024
millafe01,Félix Millán,1966-1977
millafr01,Frank Millard,1890-1890
millake01,Kevin Millar,1998-2009
mille06,Miller,1929-1929
millea02,A. Miller,1927-1930
millean01,Andrew Miller,2006-2021
millebe01,Bert Miller,1897-1897
millebi01,Bill Miller,1902-1902
millebi02,Bing Miller,1921-1936
millebi03,Bill Miller,1937-1937
millebi04,Bill Miller,1952-1955
millebo01,Bob Miller,1890-1891
millebo02,Bob Miller,1949-1958
millebo03,Bob Miller,1953-1962
millebo04,Bob Miller,1957-1974
millebo05,Bob Miller,1924-1932
millebo06,Bobby Miller,2023-2025
millebr01,Bruce Miller,1973-1976
millebr02,Brad Miller,2013-2023
millebr03,Brian Miller,2021-2021
millebr04,Bryce Miller,2023-2025
millebu01,Bub Miller,1938-1938
millech01,Johnny Miller,1912-1912
millech02,Chuck Miller,1913-1914
millech03,Charlie Miller,1915-1915
millecl01,Claude Miller,1937-1937
milleco01,Corky Miller,2001-2013
millecy01,Cyclone Miller,1884-1886
milleda01,Darrell Miller,1984-1988
milleda02,Damian Miller,1997-2007
milledo01,George Miller,1884-1896
milledo02,Dots Miller,1909-1921
milledo03,Doc Miller,1910-1914
milledu01,Dusty Miller,1889-1899
milledu02,Dusty Miller,1902-1902
milledy01,Dyar Miller,1975-1981
milleed01,Ed Miller,1884-1884
milleed02,Ed Miller,1912-1918
milleed03,Eddie Miller,1936-1950
milleed04,Eddie Miller,1977-1984
milleed05,Eddie Miller,1924-1930
milleel01,Elmer Miller,1912-1922
milleel02,Elmer Miller,1929-1929
milleer01,Erik Miller,2024-2025
millefl01,Flash Miller,1934-1945
millefr01,Fred Miller,1910-1910
millefr02,Frank Miller,1913-1923
millege01,George Miller,1877-1884
milleha01,Hack Miller,1916-1925
milleha02,Hack Miller,1944-1945
millehe01,Henry Miller,1938-1948
millehu01,Hughie Miller,1911-1915
milleia01,Ian Miller,2019-2020
milleja01,Jake Miller,1922-1922
milleja02,Jake Miller,1924-1933
milleja03,Jason Miller,2007-2007
milleja04,Jai Miller,2008-2011
milleji01,Jim Miller,1901-1901
milleji02,Jim Miller,2008-2014
millejo01,Joe Miller,1872-1875
millejo02,Joe Miller,1884-1885
millejo03,John Miller,1962-1967
millejo04,John Miller,1966-1969
millejo05,Joe Millette,1992-1993
milleju01,Justin Miller,2002-2010
milleju02,Justin Miller,2014-2021
milleke01,Keith Miller,1987-1995
milleke02,Keith Miller,1988-1989
milleko01,Kohly Miller,1892-1897
milleku01,Kurt Miller,1994-1999
millela01,Larry Miller,1964-1966
millela02,Lastings Milledge,2006-2011
millele01,Lemmie Miller,1984-1984
millelo01,Louis Miller,1923-1923
millema01,Matt Miller,2001-2002
millema02,Matt Miller,2003-2007
millema03,Mason Miller,2023-2025
millemi01,Mike Miller,2016-2016
millene01,Ned Miller,1937-1939
milleno01,Norm Miller,1965-1974
milleor01,Orlando Miller,1994-1997
milleot01,Otto Miller,1910-1922
milleot02,Otis Miller,1927-1932
milleow01,Owen Miller,2021-2024
milleox01,Ox Miller,1943-1947
millepa01,Paul Miller,1991-1993
millepe01,Percy Miller,1921-1937
millera01,Ralph Miller,1898-1899
millera02,Ray Miller,1917-1917
millera03,Ralph Miller,1920-1924
millera04,Ralph Miller,1921-1921
millera05,Randy Miller,1977-1978
millere01,Red Miller,1923-1923
milleri01,Rick Miller,1971-1985
millero01,Roscoe Miller,1901-1904
millero02,Ronny Miller,1941-1941
millero03,Rod Miller,1957-1957
millero04,Roger Miller,1974-1974
milleru01,Russ Miller,1927-1928
milleru02,Rudy Miller,1929-1929
millery01,Ryan Miller,2024-2024
millesh01,Shelby Miller,2012-2025
millest01,Stu Miller,1952-1968
milleto01,Tom Miller,1874-1875
milleto02,Tom Miller,1918-1919
milletr01,Travis Miller,1996-2002
milletr02,Trever Miller,1996-2011
millety01,Tyson Miller,2020-2024
millew05,W. Miller,1940-1942
millewa01,Warren Miller,1909-1911
millewa02,Ward Miller,1909-1917
millewa03,Walt Miller,1911-1911
millewa04,Wade Miller,1999-2007
millewh01,Whitey Miller,1944-1944
millibi01,Billy Milligan,1901-1904
millibo01,Bob Milliken,1953-1954
millijo01,John Milligan,1884-1893
millijo02,John Milligan,1928-1934
millira01,Randy Milligan,1987-1994
millira02,Ralph Milliard,1996-1998
milliwa01,Wally Millies,1934-1941
milloha01,Harold Millon,1946-1947
millsal01,Alan Mills,1990-2001
millsal02,Alec Mills,2016-2023
millsar01,Art Mills,1927-1928
millsbi01,Bill Mills,1944-1944
millsbr01,Brad Mills,1980-1983
millsbr02,Brad Mills,2009-2015
millsbu01,Buster Mills,1934-1946
millsch01,Charlie Mills,1871-1872
millsdi01,Dick Mills,1970-1970
millsev01,Everett Mills,1871-1876
millsfr01,Frank Mills,1914-1914
millsja01,Jack Mills,1911-1911
millsle01,Howard Mills,1934-1940
millsru01,Rupert Mills,1915-1915
millswi01,Willie Mills,1901-1901
millswy01,Wyatt Mills,2021-2022
millwke01,Kevin Millwood,1997-2012
milnaal01,Al Milnar,1936-1946
milnebr01,Brian Milner,1978-1978
milneed01,Eddie Milner,1980-1988
milneho01,Hoby Milner,2017-2025
milnejo01,John Milner,1971-1982
milnepe01,Pete Milne,1948-1950
milonto01,Tommy Milone,2011-2023
milosmi01,Mike Milosevich,1944-1945
milstge01,George Milstead,1924-1926
miltoar01,Art Milton,1943-1943
miltoc01,C. Milton,1933-1933
miltoer01,Eric Milton,1998-2009
miltohe01,Henry Milton,1932-1940
miltola01,Larry Milton,1903-1903
mimbsmi01,Michael Mimbs,1995-1997
minahco01,Cotton Minahan,1907-1907
minarru01,Rudy Minarcin,1955-1957
minayju01,Juan Minaya,2016-2022
minchdo01,Don Mincher,1960-1972
minched01,Ed Mincher,1871-1872
minchna01,Nate Minchey,1993-1997
mincypu01,Purnell Mincy,1938-1940
minerra01,Ray Miner,1921-1921
minerza01,Zach Miner,2006-2013
minetcr01,Craig Minetto,1978-1981
mingost01,Steve Mingori,1970-1979
minneda01,Dan Minahan,1895-1895
minnepa01,Paul Minner,1946-1956
minnido01,Don Minnick,1957-1957
minorbl01,Blas Minor,1992-1997
minorda01,Damon Minor,2000-2004
minorge01,George Minor,1944-1948
minormi01,Mike Minor,2010-2022
minorry01,Ryan Minor,1998-2001
minosmi01,Minnie Miñoso,1946-1980
minshji01,Jim Minshall,1974-1975
minteaj01,A.J. Minter,2017-2025
mintogr01,Greg Minton,1975-1990
mintzst01,Steve Mintz,1995-1999
minutgi01,Gino Minutelli,1990-1993
miraban01,Antonio Mirabal,1939-1940
mirabdo01,Doug Mirabelli,1996-2007
mirabju01,Juanelo Mirabal,1923-1929
mirabpa01,Paul Mirabella,1978-1990
miranan01,Ángel Miranda,1993-1997
miranar01,Aríel Miranda,2016-2018
miranjo01,José Miranda,2022-2025
miranju01,Juan Miranda,2008-2011
miranwi01,Willy Miranda,1951-1959
mirope01,Pedro Miró,1945-1948
mischpa01,Pat Misch,2006-2011
misiean01,Anthony Misiewicz,2020-2024
misneka01,Kameron Misner,2024-2025
missejo01,John Misse,1914-1914
missoji01,Jim Missouri,1937-1940
misurmi01,Mike Misuraca,1997-1997
mitchab01,Abe Mitchell,1933-1933
mitchal01,Alonzo Mitchell,1926-1941
mitchar01,Arnett Mitchell,1923-1926
mitchbo01,Bobby Mitchell,1877-1882
mitchbo02,Bobby Mitchell,1970-1975
mitchbo03,Bobby Mitchell,1980-1983
mitchbo04,Bo Mitchell,1937-1938
mitchbr01,Bryan Mitchell,2014-2021
mitchbu01,Bud Mitchell,1929-1935
mitchca01,Calvin Mitchell,2022-2023
mitchch01,Charlie Mitchell,1984-1985
mitchcl01,Clarence Mitchell,1911-1932
mitchcl02,Clarence Mitchell,1938-1938
mitchcr01,Craig Mitchell,1975-1977
mitchda01,Dale Mitchell,1946-1956
mitchdj01,D.J. Mitchell,2012-2012
mitchfr01,Fred Mitchell,1901-1913
mitchg01,G. Mitchell,1932-1932
mitchga01,Garrett Mitchell,2022-2025
mitchge01,George Mitchell,1924-1941
mitchjo01,Johnny Mitchell,1921-1925
mitchjo02,John Mitchell,1986-1990
mitchjo03,Joe Mitchell,1932-1932
mitchke01,Kevin Mitchell,1984-1998
mitchke02,Keith Mitchell,1991-1998
mitchla01,Larry Mitchell,1996-1996
mitchll01,Lloyd Mitchell,1930-1930
mitchmi01,Mike Mitchell,1907-1914
mitchmo01,Monroe Mitchell,1923-1923
mitcho01,O. Mitchell,1931-1931
mitchot01,Otto Mitchell,1930-1930
mitchpa01,Paul Mitchell,1975-1980
mitchro01,Roy Mitchell,1910-1919
mitchro02,Robert Mitchell,1924-1924
mitchru01,Russ Mitchell,2010-2011
mitchte01,Tee Mitchell,1939-1939
mitchwi01,Willie Mitchell,1909-1919
mitrese01,Sergio Mitre,2003-2011
mittege01,George Mitterwald,1966-1977
mittera01,Ralph Mitterling,1916-1916
mizeca01,Casey Mize,2020-2025
mizejo01,Johnny Mize,1936-1953
mizelvi01,Vinegar Bend Mizell,1952-1962
mizerjo01,John Mizerock,1983-1989
mizeubi01,Bill Mizeur,1923-1924
mlickda01,Dave Mlicki,1992-2002
mlodzca01,Carmen Mlodzinski,2023-2025
mmahake01,Kevin Mmahat,1989-1989
moateda01,Dave Moates,1974-1976
mockga01,Garrett Mock,2008-2010
modakmi01,Mike Modak,1945-1945
moehlbr01,Brian Moehler,1996-2010
moellch01,Chad Moeller,2000-2010
moellda01,Danny Moeller,1907-1916
moellde01,Dennis Moeller,1992-1993
moelljo01,Joe Moeller,1962-1971
moellro01,Ron Moeller,1956-1963
moffejo01,Joe Moffet,1884-1884
moffesa01,Sam Moffet,1884-1888
moffira01,Randy Moffitt,1972-1983
moforhe01,Herb Moford,1955-1962
mogrige01,George Mogridge,1911-1927
moharge01,George Mohart,1920-1921
moharjo01,John Mohardt,1922-1922
mohleki01,Kid Mohler,1894-1894
mohlemi01,Mike Mohler,1993-2001
mohorda01,Dale Mohorcic,1986-1990
mohrdu01,Dustan Mohr,2001-2007
moisabi01,Bill Moisan,1953-1953
mokanjo01,Johnny Mokan,1921-1927
molefe01,Fenton Mole,1949-1949
molesca01,Carlton Molesworth,1895-1895
molinan01,Anthony Molina,2024-2024
molinbe01,Bengie Molina,1998-2010
molinbo01,Bob Molinaro,1975-1983
molinga01,Gabe Molina,1999-2003
molingu01,Gustavo Molina,2007-2011
molingu02,Guillermo Molina,1929-1930
moliniz01,Izzy Molina,1996-2002
molinjo01,José Molina,1999-2014
molinya01,Yadier Molina,2004-2022
molitpa01,Paul Molitor,1978-1998
molledu01,Dustin Molleken,2016-2016
mollefr01,Fred Mollenkamp,1914-1914
mollsa01,Sam Moll,2017-2025
mollwfr01,Fritz Mollwitz,1913-1919
molonri01,Richie Moloney,1970-1970
molynvi01,Vince Molyneaux,1917-1918
monacbl01,Blas Monaco,1937-1946
monahri01,Rinty Monahan,1953-1953
monahsh01,Shane Monahan,1998-1999
monasan01,Andruw Monasterio,2023-2024
monasca01,Carlos Monasterios,2010-2010
monbobi01,Bill Monbouquette,1958-1968
moncayo01,Yoán Moncada,2016-2025
moncefr01,Freddie Moncewicz,1928-1928
monchal01,Alex Monchak,1940-1940
moncrca01,Carlos Moncrief,2017-2017
mondari01,Rick Monday,1966-1984
monde03,Mondell,1945-1945
mondera01,Raúl Mondesí,1993-2005
mondera02,Adalberto Mondesí,2015-2022
mondona01,Nate Mondou,2022-2022
moneljo01,Johnny Monell,2013-2015
moneydo01,Don Money,1968-1983
mongesi01,Sid Monge,1975-1984
mongisa01,Sam Mongin,1921-1921
moniami01,Mickey Moniak,2020-2025
monrobi01,Bill Monroe,1927-1927
monrocr01,Craig Monroe,2001-2009
monroed01,Ed Monroe,1917-1918
monrofr01,Frank Monroe,1884-1884
monrojo01,John Monroe,1921-1921
monrola01,Larry Monroe,1976-1976
monroza01,Zach Monroe,1958-1959
montaed01,Ed Montague,1928-1932
montaes01,Esteban Montalvo,1923-1928
montafr02,Frankie Montas,2015-2024
montajo01,John Montague,1973-1980
montalu01,Luis Montañez,2008-2011
montara01,Rafael Montalvo,1986-1986
montawi01,Willie Montañez,1966-1982
monteag01,Agustín Montero,2006-2006
monteau01,Aurelio Monteagudo,1963-1973
montebr01,Bryce Montes de Oca,2022-2022
monteco01,Coco Montes,2023-2025
monteel01,Elehuris Montero,2022-2024
montefe01,Felipe Montemayor,1953-1955
monteje01,Jesús Montero,2011-2015
montejo01,John Montefusco,1974-1986
monteke01,Keider Montero,2024-2025
montema01,Manny Montejo,1961-1961
montemi01,Miguel Montero,2006-2018
montera01,Rafael Montero,2014-2025
montere01,René Monteagudo,1938-1945
monteri01,Rich Monteleone,1987-1996
montgal01,Al Montgomery,1941-1941
montgbo01,Bob Montgomery,1970-1979
montgje01,Jeff Montgomery,1987-1999
montgjo01,Jordan Montgomery,2017-2024
montgma01,Mason Montgomery,2024-2025
montgmi01,Mike Montgomery,2015-2020
montgmo01,Monty Montgomery,1971-1972
montgra01,Ray Montgomery,1996-1998
montgst01,Steve Montgomery,1996-2000
montoch01,Charlie Montoyo,1993-1993
montral01,Al Montreuil,1972-1972
montzlu01,Luke Montz,2008-2013
monzara01,Ramón Monzant,1954-1960
monzoda01,Dan Monzon,1972-1973
moockjo01,Joe Moock,1967-1967
moodybl01,Blanch Moody,1940-1940
moodyer01,Eric Moody,1997-1997
moodyle01,Lee Moody,1944-1947
moodywi01,Willis Moody,1929-1929
moolige01,George Moolic,1886-1886
moonebi01,Bill Mooneyham,1986-1986
mooneji01,Jim Mooney,1931-1934
moonle01,Leo Moon,1932-1932
moonwa01,Wally Moon,1954-1965
moore04,Moore,1922-1923
moore05,Moore,1942-1942
mooread01,Adam Moore,2009-2018
mooreal01,Al Moore,1925-1926
moorean01,Anse Moore,1946-1946
moorean02,Andrew Moore,2017-2019
moorear01,Archie Moore,1964-1965
mooreba01,Barry Moore,1965-1970
mooreba02,Balor Moore,1970-1980
moorebi01,Bill Moore,1925-1925
moorebi02,Bill Moore,1926-1927
moorebi03,Bill Moore,1986-1986
moorebo01,Bobby Moore,1985-1985
moorebo02,Bobby Moore,1991-1991
moorebr01,Brad Moore,1988-1990
mooreca01,Carlos Moore,1930-1930
moorech01,Charley Moore,1912-1912
moorech02,Charlie Moore,1973-1987
moorecl01,Clarence Moore,1928-1928
moorecy01,Cy Moore,1929-1934
moorede01,Dee Moore,1936-1946
mooredo01,Donnie Moore,1975-1988
mooredo02,Dobie Moore,1920-1926
mooredy01,Dylan Moore,2019-2025
mooreea01,Earl Moore,1901-1914
mooreed01,Eddie Moore,1923-1934
mooreeu01,Euel Moore,1934-1936
mooreeu02,Eugene Moore,1920-1921
moorefe01,Ferdie Moore,1914-1914
moorega01,Gary Moore,1970-1970
moorege01,Frank Moore,1905-1905
moorege02,Gene Moore,1909-1912
moorege03,Gene Moore,1931-1945
mooreha01,Henry Moore,1884-1884
mooreja01,Jackie Moore,1965-1965
mooreja02,Jack Moore,1939-1939
mooreje01,Jerry Moore,1884-1885
mooreje02,Jeremy Moore,2011-2011
mooreji01,Jim Moore,1928-1932
mooreji02,Jimmy Moore,1930-1931
moorejo01,Johnny Moore,1928-1945
moorejo02,Jo-Jo Moore,1930-1941
moorejo03,Pete Moore,1929-1929
mooreju01,Junior Moore,1976-1980
mooreke01,Kelvin Moore,1981-1983
mooreke02,Kerwin Moore,1996-1996
moorema01,Marcus Moore,1993-1996
moorema02,Matt Moore,2011-2024
mooremc01,McKinley Moore,2023-2023
mooremi01,Mike Moore,1982-1995
mooremo01,Molly Moore,1875-1875
moorera01,Randy Moore,1927-1937
moorera02,Ray Moore,1952-1963
moorere01,Red Moore,1936-1940
moorero01,Roy Moore,1920-1923
moorero02,Robert Moore,1946-1946
mooresc01,Scrappy Moore,1917-1917
mooresc02,Scott Moore,2006-2012
mooresq01,Square Moore,1924-1928
moorete01,Terry Moore,1935-1948
mooreto01,Tommy Moore,1972-1977
mooretr01,Trey Moore,1998-2001
moorety01,Tyler Moore,2012-2017
moorewh01,Whitey Moore,1936-1942
moorewi01,Wilcy Moore,1927-1933
moorhbo01,Bob Moorhead,1962-1965
moosebo01,Bob Moose,1967-1976
mootyja01,Jake Mooty,1936-1944
moraan01,Andrés Mora,1976-1980
moragda01,David Moraga,2000-2000
moralca01,Cándido Morales,1948-1948
moralfr01,Franklin Morales,2007-2016
moralfr02,Francisco Morales,2022-2022
moralje01,Jerry Morales,1969-1983
moraljo01,José Morales,1973-1984
moraljo02,José Morales,2007-2011
moralke01,Kendrys Morales,2006-2019
moralos01,Osmer Morales,2018-2018
moralri01,Rich Morales,1967-1974
moralwi01,Willie Morales,2000-2000
morame01,Melvin Mora,1999-2011
moranal01,Al Moran,1963-1964
moranbi01,Bill Moran,1892-1895
moranbi02,Billy Moran,1958-1965
moranbi03,Bill Moran,1974-1974
moranbr01,Brian Moran,2019-2022
moranch01,Charles Moran,1903-1905
moranch02,Charlie Moran,1903-1908
moranco01,Colin Moran,2016-2022
moranha01,Harry Moran,1912-1915
moranhe01,Herbie Moran,1908-1915
moranhi01,Hiker Moran,1938-1939
moranjo01,Jovani Morán,2021-2023
moranmi01,Mickey Morandini,1990-2000
moranpa01,Pat Moran,1901-1914
moranro01,Roy Moran,1912-1912
moransa01,Sam Moran,1895-1895
morbajo01,José Morban,2003-2003
mordemi01,Mike Mordecai,1994-2005
morefo01,Forrest More,1909-1909
morehda01,Dave Morehead,1963-1970
morehra01,Ray Morehart,1924-1927
morehse01,Seth Morehead,1957-1961
morejad01,Adrián Morejón,2019-2025
morejda01,Danny Morejón,1958-1958
morelbr01,Brent Morel,2010-2015
morelch01,Christopher Morel,2022-2025
morelha01,Harry Morelock,1891-1892
morelke01,Keith Moreland,1978-1989
morelmi01,Mitch Moreland,2010-2021
morelna01,Nate Moreland,1940-1945
morelra01,Ramón Morel,1995-1997
morenan01,Ángel Moreno,1981-1982
morendi01,Diego Moreno,2015-2017
morened01,Edwin Moreno,2009-2009
morenga01,Gabriel Moreno,2022-2025
morenjo01,José Moreno,1980-1982
morenju01,Julio Moreno,1950-1953
morenju02,Juan Moreno,2001-2002
morenle01,Lew Moren,1903-1910
morenom01,Omar Moreno,1975-1986
morenor01,Orber Moreno,1999-2004
moretda01,Dauri Moreta,2021-2023
moretro01,Roger Moret,1970-1978
moreyda01,Dave Morey,1913-1913
morga03,Morgan,1936-1936
morgaad01,Adam Morgan,2015-2021
morgabi01,Bill Morgan,1884-1884
morgabi02,Bill Morgan,1882-1884
morgabo01,Bobby Morgan,1950-1958
morgach01,Chet Morgan,1935-1938
morgacy01,Cy Morgan,1903-1913
morgacy02,Cy Morgan,1921-1922
morgaed01,Ed Morgan,1928-1934
morgaed02,Eddie Morgan,1936-1937
morgael01,Eli Morgan,2021-2025
morgajo01,Joe Morgan,1959-1964
morgajo02,Joe Morgan,1963-1984
morgake01,Kevin Morgan,1997-1997
morgale01,Leon Morgan,1928-1928
morgami01,Mike Morgan,1978-2002
morgany01,Nyjer Morgan,2007-2014
morgape01,Pepper Morgan,1937-1938
morgapi01,Pidgey Morgan,1875-1878
morgara01,Ray Morgan,1911-1918
morgare01,Red Morgan,1906-1906
morgasa01,Sack Morgan,1945-1948
morgato01,Tom Morgan,1951-1963
morgave01,Vern Morgan,1954-1955
morhamo01,Moe Morhardt,1961-1962
moriabi01,Bill Moriarty,1909-1909
moriaed01,Ed Moriarty,1935-1936
moriage01,Gene Moriarty,1884-1892
moriage02,George Moriarty,1903-1916
moriami01,Mike Moriarty,2002-2002
morilju01,Juan Morillo,2006-2009
morimsh01,Shawn Morimando,2016-2021
morineu01,Eugenio Morín,1921-1922
morinmi01,Mike Morin,2014-2020
morlajo01,John Morlan,1973-1974
morlebi01,Bill Morley,1913-1913
mormaal01,Alvin Morman,1996-1999
mormaru01,Russ Morman,1986-1997
morneju01,Justin Morneau,2003-2016
mornele01,Leroy Morney,1932-1944
morofma01,Max Moroff,2016-2021
morogda01,Dan Morogiello,1983-1983
moronje01,Jeff Moronko,1984-1987
moronji01,Jim Moroney,1906-1912
moronre01,Reyes Moronta,2017-2023
morrebi01,Bill Morrell,1926-1931
morri08,Morrison,1943-1943
morriaj01,A.J. Morris,2016-2016
morriak01,Akeel Morris,2015-2018
morrial01,Al Morris,1930-1930
morriba01,Barney Morris,1932-1948
morribi01,Bill Morrisette,1915-1920
morribr01,Bryan Morris,2012-2017
morrico01,Cody Morris,2022-2023
morrida01,Danny Morris,1968-1969
morrido01,Doyt Morris,1937-1937
morried01,Ed Morris,1884-1890
morried02,Ed Morris,1922-1931
morrifr01,Frank Morrissey,1901-1902
morrigu01,Guy Morrison,1927-1928
morriha01,Hank Morrison,1887-1887
morriha02,Hal Morris,1988-2000
morrija01,Jack Morrissey,1902-1903
morrija02,Jack Morris,1977-1994
morrija03,Jim Morris,1999-2000
morriji01,Jim Morrison,1977-1988
morriji02,Jimmy Morrison,1930-1930
morrijo01,John Morrill,1876-1890
morrijo02,John Morrissey,1881-1881
morrijo03,Jon Morrison,1884-1887
morrijo04,Johnny Morrison,1920-1930
morrijo05,Joseph Morrissey,1932-1936
morrijo06,John Morris,1966-1974
morrijo07,John Morris,1986-1992
morrilo01,Logan Morrison,2010-2020
morrima01,Matt Morris,1997-2008
morrimi01,Mike Morrison,1887-1890
morriph01,Phil Morrison,1921-1921
morrito01,Tom Morrissey,1882-1884
morrito02,Tom Morrison,1895-1896
morriwa01,Walter Morris,1908-1908
morriwa02,Warren Morris,1999-2003
morriye01,Yellow Horse Morris,1924-1930
morrobr01,Brandon Morrow,2007-2018
morsebu01,Bud Morse,1929-1929
morseha01,Hap Morse,1911-1911
morsemi01,Mike Morse,2005-2017
mortecl01,Clayton Mortensen,2009-2013
mortobu01,Bubba Morton,1961-1969
mortoca01,Carl Morton,1969-1976
mortoch01,Charlie Morton,1882-1885
mortoch02,Charlie Morton,2008-2025
mortoco01,Colt Morton,2007-2008
mortogu01,Guy Morton,1914-1924
mortogu02,Guy Morton,1954-1954
mortoke01,Kevin Morton,1991-1991
mortosp01,Sparrow Morton,1884-1884
mortosy01,Sy Morton,1940-1947
morynwa01,Walt Moryn,1954-1961
moschro01,Ross Moschitto,1965-1967
moscogu01,Guillermo Moscoso,2009-2013
moscojo01,Jon Moscot,2015-2016
mosebll01,Lloyd Moseby,1980-1991
mosebro01,Robert Mosebach,2009-2009
moseldu01,Dustin Moseley,2006-2012
moselea01,Earl Moseley,1913-1916
moserar01,Arnie Moser,1937-1937
moserwa01,Walter Moser,1906-1911
mosesje01,Jerry Moses,1965-1975
mosesjo01,John Moses,1982-1992
mosesle01,Lefty Moses,1938-1940
moseswa01,Wally Moses,1935-1951
moskapa01,Paul Moskau,1977-1983
moskido01,Doc Moskiman,1910-1910
moskoda01,Daniel Moskos,2011-2011
moslecd01,C.D. Mosley,1935-1935
mosolji01,Jim Mosolf,1929-1933
mosquju01,Julio Mosquera,1996-2005
mossbr01,Brandon Moss,2007-2017
mossch01,Charlie Moss,1934-1936
mossda01,Damian Moss,2001-2004
mossho01,Howie Moss,1942-1946
mossido01,Don Mossi,1954-1965
mossle01,Les Moss,1946-1958
mossma01,Mal Moss,1930-1930
mossoea01,Earl Mossor,1951-1951
mosspo01,Porter Moss,1932-1944
mossra01,Ray Moss,1926-1931
mostijo01,Johnny Mostil,1918-1929
motaan01,Andy Mota,1991-1991
motada01,Danny Mota,2000-2000
motagu01,Guillermo Mota,1999-2012
motajo01,José Mota,1991-1995
motama01,Manny Mota,1962-1982
mothedi01,Dink Mothell,1920-1932
motleda01,Darryl Motley,1981-1987
mottbi01,Bitsy Mott,1945-1945
motteja01,Jason Motte,2008-2017
motteta01,Taylor Motter,2016-2023
mottoch01,Chad Mottola,1996-2006
mottocu01,Curt Motton,1967-1974
motzfr01,Frank Motz,1890-1894
mouldgl01,Glen Moulder,1946-1948
moultal01,Allie Moulton,1911-1911
mouncto01,Tony Mounce,2003-2003
mountbi01,Bill Mountjoy,1883-1885
mountfr01,Frank Mountain,1880-1886
mountry01,Ryan Mountcastle,2020-2025
moustmi01,Mike Moustakas,2011-2023
moutoja01,James Mouton,1994-2001
moutoly01,Lyle Mouton,1995-2001
mowera01,Ray Mowe,1913-1913
mowremi01,Mike Mowrey,1905-1917
mowryjo01,Joe Mowry,1933-1935
moyaga01,Gabriel Moya,2017-2018
moyast01,Steven Moya,2014-2016
moyered01,Ed Moyer,1910-1910
moyerja01,Jamie Moyer,1986-2012
moylape01,Peter Moylan,2006-2018
moynami01,Mike Moynahan,1880-1884
mroziro01,Ron Mrozinski,1954-1955
muckeza01,Zach Muckenhirn,2023-2023
mudroph01,Phil Mudrock,1963-1963
muellbi01,Bill Mueller,1942-1945
muellbi02,Bill Mueller,1996-2006
muelldo01,Don Mueller,1948-1959
muellgo01,Gordie Mueller,1950-1950
muellhe01,Heinie Mueller,1920-1935
muellhe02,Emmett Mueller,1938-1941
muellle01,Les Mueller,1941-1945
muellra01,Ray Mueller,1935-1951
muellwa01,Walter Mueller,1922-1926
muellwi01,Willie Mueller,1978-1981
muffebi01,Billy Muffett,1957-1962
muichjo01,Joe Muich,1924-1924
muirjo01,Joe Muir,1951-1952
mujiced01,Edward Mujica,2006-2017
mujicjo01,José Mujica,2020-2020
mulcahu01,Hugh Mulcahy,1935-1947
muldema01,Mark Mulder,2000-2008
muldomi01,Mike Muldoon,1882-1886
mulhote01,Terry Mulholland,1986-2006
mullato01,Tony Mullane,1881-1894
mulle01,Martin Mullen,1872-1872
mullea01,A. Mullen,1928-1928
mullebi01,Billy Mullen,1920-1928
mullech01,Charlie Mullen,1910-1916
mulleco01,Conor Mullee,2016-2016
mullefr01,Freddie Muller,1933-1934
mullegr01,Greg Mulleavy,1930-1933
mullejo01,John Mullin,1876-1876
mulleky01,Kyle Muller,2021-2024
mullemo01,Ford Mullen,1944-1944
mullesc01,Scott Mullen,2000-2003
mullice01,Cedric Mullins,2018-2025
mullidi01,Dick Mulligan,1941-1947
mullied01,Eddie Mulligan,1915-1928
mullifr01,Fran Mullins,1980-1986
mullige01,George Mullin,1902-1915
mulligr01,Greg Mullins,1998-1998
mullihe01,Henry Mullin,1884-1884
mulliji01,Jim Mullen,1904-1905
mullijo01,John Mulligan,1884-1884
mullijo02,Joe Mulligan,1934-1934
mullipa01,Pat Mullin,1940-1953
mullira01,Rance Mulliniks,1977-1992
mullise01,Sean Mulligan,1996-1996
mulredo01,Dominic Mulrenan,1921-1921
mulrofr01,Frank Mulroney,1930-1930
mulvejo01,Joe Mulvey,1883-1895
mulveke01,Kevin Mulvey,2009-2010
mumphje01,Jerry Mumphrey,1974-1988
muncejo01,John Munce,1884-1884
munchja01,Jake Munch,1918-1918
muncrbo01,Bob Muncrief,1937-1951
muncyma01,Max Muncy,2015-2025
muncyma02,Max Muncy,2025-2025
mundige01,George Mundinger,1884-1884
mundybi01,Bill Mundy,1913-1913
mungere01,Red Munger,1943-1956
mungijo01,John Mungin,1925-1927
mungova01,Van Mungo,1931-1945
munizca01,Carlos Muñiz,2007-2008
munizma01,Manny Muñiz,1971-1971
munnho01,Horatio Munn,1875-1875
munnisc01,Scott Munninghoff,1980-1980
munnsle01,Les Munns,1934-1936
munoda01,Daniel Muno,2015-2015
munozan01,Andrés Muñoz,2019-2025
munozar01,Arnie Muñoz,2004-2007
munozbo01,Bobby Muñoz,1993-2001
munozjo01,Jose Munoz,1996-1996
munozmi01,Mike Munoz,1989-2000
munozno01,Noe Muñoz,1995-1995
munozos01,Oscar Muñoz,1995-1995
munozpe01,Pedro Muñoz,1990-1996
munozro01,Roddery Muñoz,2024-2025
munozya01,Yairo Muñoz,2018-2022
munrope01,Peter Munro,1999-2004
munsoer01,Eric Munson,2000-2009
munsojo01,Joe Munson,1925-1926
munsore01,Red Munson,1905-1905
munsoth01,Thurman Munson,1969-1979
muntesc01,Scott Munter,2005-2007
munyajo01,John Munyan,1887-1891
murakma01,Masanori Murakami,1964-1965
murast01,Steve Mura,1978-1985
muratto01,Toru Murata,2015-2015
murcebo01,Bobby Murcer,1965-1983
murchsi01,Simmy Murch,1904-1908
murchti01,Tim Murchison,1917-1920
murdo02,Murdock,1924-1924
murdono01,Noah Murdock,2025-2025
murdowi01,Wilbur Murdoch,1908-1908
murfepe01,Penn Murfee,2022-2025
murffre01,Red Murff,1956-1957
murnati01,Tim Murnane,1872-1884
murph01,Murphy,1884-1884
murph09,Murphy,1922-1922
murph10,Murphy,1930-1930
murphbi01,Bill Murphy,1966-1966
murphbi02,Bill Murphy,2007-2009
murphbo01,Bob Murphy,1890-1890
murphbu01,Buzz Murphy,1918-1919
murphch01,Chris Murphy,2023-2023
murphcl01,Clarence Murphy,1886-1886
murphco01,Con Murphy,1884-1890
murphco02,Connie Murphy,1893-1894
murphda01,Danny Murphy,1892-1892
murphda02,Danny Murphy,1900-1915
murphda03,Dave Murphy,1905-1905
murphda04,Danny Murphy,1960-1970
murphda05,Dale Murphy,1976-1993
murphda06,Dan Murphy,1989-1989
murphda07,David Murphy,2006-2015
murphda08,Daniel Murphy,2008-2020
murphdi01,Dick Murphy,1954-1954
murphdo01,Donnie Murphy,2004-2014
murphdu01,Herbert Murphy,1914-1914
murphdw01,Dwayne Murphy,1978-1989
murphed01,Ed Murphy,1898-1903
murphed02,Eddie Murphy,1912-1926
murphed03,Ed Murphy,1942-1942
murphfr01,Frank Murphy,1901-1901
murphho01,Howard Murphy,1909-1909
murphjo01,John Murphy,1884-1884
murphjo02,Joe Murphy,1886-1887
murphjo03,John Murphy,1902-1903
murphjo04,Johnny Murphy,1932-1947
murphjr01,John Ryan Murphy,2013-2020
murphla01,Larry Murphy,1891-1891
murphle01,Leo Murphy,1915-1915
murphmi01,Mike Murphy,1912-1916
murphmo01,Morgan Murphy,1890-1901
murphpa01,Pat Murphy,1887-1890
murphpa02,Patrick Murphy,2020-2022
murphro01,Rob Murphy,1985-1995
murphse01,Sean Murphy,2019-2025
murphto01,Tony Murphy,1884-1884
murphto02,Tom Murphy,1968-1979
murphto03,Tommy Murphy,2006-2007
murphto04,Tom Murphy,2015-2024
murphwa01,Walter Murphy,1931-1931
murphwi01,Willie Murphy,1884-1884
murphya01,Yale Murphy,1894-1897
murra03,Murray,1938-1938
murraaj01,A.J. Murray,2007-2008
murraam01,Amby Murray,1936-1936
murrabi01,Bill Murray,1917-1917
murrabo01,Bobby Murray,1923-1923
murraca01,Calvin Murray,1999-2004
murraco02,Colton Murray,2015-2016
murraco03,Cowboy Murray,1940-1943
murrada01,Dale Murray,1974-1985
murrada02,Dan Murray,1999-2000
murraed01,Ed Murray,1917-1917
murraed02,Eddie Murray,1977-1997
murrage01,George Murray,1922-1933
murragl01,Glenn Murray,1996-1996
murrahe01,Heath Murray,1997-2002
murraji01,Jim Murray,1902-1914
murraji02,Jim Murray,1922-1922
murrajo01,Joe Murray,1950-1950
murrala01,Larry Murray,1974-1979
murrama01,Matt Murray,1995-1995
murrami01,Miah Murray,1884-1891
murrami02,Mitchell Murray,1920-1932
murrapa01,Pat Murray,1919-1919
murrara01,Ray Murray,1948-1954
murrare01,Red Murray,1906-1917
murrari01,Rich Murray,1980-1983
murrato01,Tom Murray,1894-1894
murrato02,Tony Murray,1923-1923
murreiv01,Ivan Murrell,1963-1974
murtada01,Danny Murtaugh,1941-1951
murtoma01,Matt Murton,2005-2009
muserto01,Tony Muser,1969-1978
musgrde01,Dennis Musgraves,1965-1965
musgrha01,Harrison Musgrave,2018-2019
musgrjo01,Joe Musgrove,2016-2024
mushipa01,Parker Mushinski,2022-2024
musiast01,Stan Musial,1941-1963
musseda01,Danny Musser,1932-1932
musseje01,Jeff Musselman,1986-1990
mussene01,Neal Musser,2007-2008
mussepa01,Paul Musser,1912-1919
mussero01,Ron Musselman,1982-1985
mussiba01,Barney Mussill,1944-1944
mussimi01,Mike Mussina,1991-2008
mustaal01,Alex Mustaikis,1940-1940
mutisje01,Jeff Mutis,1991-1994
muzzisi01,Símon Muzziotti,2022-2022
myattge01,George Myatt,1938-1947
myattgl01,Glenn Myatt,1920-1936
myerbu01,Buddy Myer,1925-1941
myersal01,Al Myers,1884-1891
myersbe01,Bert Myers,1896-1900
myersbi01,Billy Myers,1935-1941
myersbr01,Brett Myers,2002-2013
myersda01,Dane Myers,2023-2025
myersel01,Elmer Myers,1915-1922
myersge01,George Myers,1884-1889
myersgr01,Greg Myers,1987-2005
myersha01,Hap Myers,1910-1915
myershe01,Henry Myers,1881-1884
myershy01,Hi Myers,1909-1925
myersji01,Jimmy Myers,1996-1996
myersjo01,Joseph Myers,1905-1905
myersly01,Lynn Myers,1938-1939
myersmi01,Mike Myers,1995-2007
myersra01,Randy Myers,1985-1998
myersri01,Richie Myers,1956-1956
myersro01,Rodney Myers,1996-2004
myersro02,Rod Myers,1996-1997
myersto01,Tobias Myers,2024-2024
myerswi01,Wil Myers,2013-2023
myettaa01,Aaron Myette,1999-2004
myricbo01,Bob Myrick,1976-1978
myrowbr01,Brian Myrow,2005-2008
