player_id,name,years
d'acqjo01,John D'Acquisto,1973-1982
d'amije01,Jeff D'Amico,1996-2004
d'amije02,Jeff D'Amico,2000-2000
daalom01,Omar Daal,1993-2003
dadepa01,Paul Dade,1975-1980
dagenjo01,John Dagenhard,1943-1943
daglipe01,Pete Daglia,1932-1932
dagrean01,Angelo Dagres,1955-1955
dahlda01,David Dahl,2016-2024
dahlebi01,Bill Dahlen,1891-1911
dahlgba01,Babe Dahlgren,1935-1946
dahlja01,Jay Dahl,1963-1963
dahlkje01,Jerry Dahlke,1956-1956
daiglca01,Casey Daigle,2004-2010
dailebi01,Bill Dailey,1961-1964
daileja01,James Dailey,1945-1945
dailejo01,John Dailey,1875-1875
dailesa01,Sam Dailey,1929-1929
dailevi01,Vince Dailey,1890-1890
dailyco01,Con Daily,1885-1896
dailyed01,Ed Daily,1885-1891
dailyhu01,Hugh Daily,1882-1887
daisege01,George Daisy,1884-1884
dalbebo01,Bobby Dalbec,2020-2024
dalcabr01,Bruce Dal Canton,1967-1977
daleca01,Carl Dale,1999-1999
dalege01,Gene Dale,1911-1916
dalenpe01,Pete Dalena,1989-1989
dalesma01,Mark Dalesandro,1994-2001
daleybi01,Bill Daley,1889-1891
daleybu01,Bud Daley,1955-1964
daleyjo01,John Daley,1912-1912
daleyju01,Jud Daley,1911-1912
daleyma01,Matt Daley,2009-2014
daleype01,Pete Daley,1955-1961
daleyto01,Tom Daley,1908-1915
dallaeg01,Eggie Dallard,1924-1932
dallapo01,Porter Dallas,1929-1932
dalledo01,Dom Dallessandro,1937-1947
dallibr01,Brian Dallimore,2004-2005
dalryab01,Abner Dalrymple,1878-1891
dalrybi01,Bill Dalrymple,1915-1915
dalrycl01,Clay Dalrymple,1960-1971
daltoja01,Jack Dalton,1910-1916
daltomi01,Mike Dalton,1991-1991
dalybe01,Bert Daly,1903-1903
dalyge01,George Daly,1909-1909
dalyjo01,Joe Daly,1890-1892
dalysu01,Sun Daly,1892-1892
dalyto01,Tom Daly,1884-1903
dalyto02,Tom Daly,1913-1921
damasja01,Jack Damaska,1963-1963
dambi01,Bill Dam,1909-1909
dammabi01,Bill Dammann,1897-1899
damonjo01,Johnny Damon,1995-2012
damraha01,Harry Damrau,1915-1915
danaca01,Caden Dana,2024-2025
danaglu01,Lunie Danage,1920-1920
dandrra99,Ray Dandridge,1933-1944
dandrtr01,Troy Dandridge,1926-1926
danekpa01,Pat Daneker,1999-1999
daneyar01,Lee Daney,1928-1928
danfoda01,Dave Danforth,1911-1925
danie03,Daniels,1928-1928
danie04,Daniels,1945-1945
daniebe01,Bert Daniels,1910-1914
daniebe02,Bennie Daniels,1957-1965
daniech01,Charlie Daniels,1884-1884
daniech02,Chuck Daniel,1957-1957
danieda01,Davis Daniel,2023-2024
danieed01,Eddie Daniels,1946-1947
daniefr01,Fred Daniels,1924-1927
daniege01,George Daniels,1943-1943
danieja01,Jake Daniel,1937-1937
danieja02,Jack Daniels,1952-1952
danieji01,Jim Daniels,1943-1943
danieka01,Kal Daniels,1986-1992
daniela01,Law Daniels,1887-1888
daniepe01,Pete Daniels,1890-1898
daniepe02,Pepper Daniels,1921-1935
danieto01,Tony Daniels,1945-1945
danisty01,Tyler Danish,2016-2022
danksjo01,John Danks,2007-2016
danksjo02,Jordan Danks,2012-2015
dannebu01,Buck Danner,1915-1915
danneha01,Hagen Danner,2023-2023
danniha01,Harry Danning,1933-1942
danniik01,Ike Danning,1928-1928
dantofa01,John Dantonio,1944-1945
dantoja01,Jamie D'Antona,2008-2008
danziba01,Babe Danzig,1909-1909
dappecl01,Cliff Dapper,1942-1942
darbyge01,George Darby,1893-1893
darcypa01,Pat Darcy,1974-1976
darenvi01,Vic Darensbourg,1998-2005
darincl01,Cliff Daringer,1914-1914
darinro01,Rolla Daringer,1914-1915
darkal01,Al Dark,1946-1960
darlide01,Dell Darling,1883-1891
darliro01,Ron Darling,1983-1995
darnach01,Chase d'Arnaud,2011-2018
darnatr01,Travis d'Arnaud,2013-2025
darnebo01,Bob Darnell,1954-1956
darneja01,James Darnell,2011-2012
darnelo01,Logan Darnell,2014-2014
darraja01,Jack Darragh,1891-1891
darremi01,Michael Darrell-Hicks,2025-2025
darrmi01,Mike Darr,1977-1977
darrmi02,Mike Darr,1999-2001
darroge01,George Darrow,1934-1934
darviyu01,Yu Darvish,2012-2024
darwibo01,Bobby Darwin,1962-1977
darwida01,Danny Darwin,1978-1998
darwije01,Jeff Darwin,1994-1997
dascedo01,Doug Dascenzo,1988-1996
dashiwa01,Wally Dashiell,1924-1924
dashnle01,Lee Dashner,1913-1913
dasle01,Dasler,1926-1926
dassofr01,Frank Dasso,1945-1946
datzje01,Jeff Datz,1989-1989
daubabr01,Brian Daubach,1998-2005
daubda01,Dan Daub,1892-1897
daubeha01,Harry Daubert,1915-1915
daubeja01,Jake Daubert,1910-1924
dauerri01,Rich Dauer,1976-1985
daughbo01,Bob Daughters,1937-1937
daughdo01,Harold Daugherty,1951-1951
daughja01,Jack Daugherty,1987-1993
daultda01,Darren Daulton,1983-1997
daussho01,Hooks Dauss,1912-1926
davalvi01,Vic Davalillo,1963-1980
davalyo01,Pompeyo Davalillo,1953-1953
davanje01,Jerry DaVanon,1969-1977
davanje02,Jeff DaVanon,1999-2007
davencl01,Claude Davenport,1920-1920
davenda01,Dave Davenport,1914-1919
davenji01,Jim Davenport,1958-1970
davenjo01,Joe Davenport,1999-2001
davenll01,Lloyd Davenport,1935-1945
davenlu01,Lum Davenport,1921-1924
daveymi01,Mike Davey,1977-1978
daveyto01,Tom Davey,1999-2002
daviara01,Ray Daviault,1962-1962
david03,Davidson,1929-1929
davidan01,Andre David,1984-1986
davidbi01,Bill Davidson,1909-1911
davidbo01,Bob Davidson,1989-1989
davidch01,Charley Davidson,1940-1948
davidcl01,Claude Davidson,1918-1919
davidcl02,Cleatus Davidson,1999-1999
davidda01,Dave Davidson,2007-2009
davidda02,Daniel Davidson,2009-2009
davidho01,Homer Davidson,1908-1908
davidma01,Mark Davidson,1986-1991
davidma02,Matt Davidson,2013-2022
davidte01,Ted Davidson,1965-1968
davidtu01,Tucker Davidson,2020-2024
daviech01,Chick Davies,1914-1926
daviege01,George Davies,1891-1893
davieje01,Jerry Davie,1959-1959
davieky01,Kyle Davies,2005-2015
davieza02,Zach Davies,2015-2023
davis07,Davis,1920-1920
davis08,Davis,1939-1939
davis09,Davis,1939-1939
davisal01,Alvin Davis,1984-1992
davisal02,Albert Davis,1927-1937
davisal03,Al Davis,1943-1943
davisau01,Austin Davis,2018-2024
davisau02,Austin Davis,1946-1946
davisba01,Babe Davis,1938-1940
davisbe01,Ben Davis,1998-2004
davisbi01,Bill Davis,1965-1969
davisbi02,Big Boy Davis,1932-1932
davisbl01,Blake Davis,2011-2011
davisbo01,Bob Davis,1958-1960
davisbo02,Bob Davis,1973-1981
davisbr01,Brandy Davis,1952-1953
davisbr02,Brock Davis,1963-1972
davisbr03,Brad Davis,2010-2010
davisbr04,Brendon Davis,2022-2022
davisbu01,Bud Davis,1915-1915
davisbu02,Butch Davis,1983-1994
davisbu03,Butch Davis,1947-1947
davisch01,Chili Davis,1981-1999
davisch02,Chris Davis,2008-2020
daviscr01,Crash Davis,1940-1942
daviscu01,Curt Davis,1934-1946
davisda01,Daisy Davis,1884-1885
davisdi01,Dixie Davis,1912-1926
davisdi02,Dick Davis,1977-1982
davisdo01,Doug Davis,1988-1992
davisdo02,Doug Davis,1999-2011
davisea01,Earl Davis,1932-1934
daviser01,Eric Davis,1984-2001
daviser02,Erik Davis,2013-2013
davisfr01,Frank Davis,1945-1945
davisg04,G. Davis,1938-1938
davisge01,George Davis,1890-1909
davisge02,George Davis,1912-1915
davisge03,Gerry Davis,1983-1985
davisgl01,Glenn Davis,1984-1993
davisgo01,Goldie Davis,1924-1926
davisha01,Harry Davis,1895-1917
davisha02,Harry Davis,1932-1937
davishe01,Henry Davis,2023-2025
davisho01,Horace Davis,1938-1938
davisik01,Ike Davis,1919-1925
davisik02,Ike Davis,2010-2016
davisir01,Ira Davis,1899-1899
davisja01,Jacke Davis,1962-1962
davisja02,Jason Davis,2002-2008
davisja03,Jaylin Davis,2019-2022
davisja04,Jack Davis,1923-1923
davisjd01,J.D. Davis,2017-2025
davisji01,Jim Davis,1954-1957
davisji02,Jim Davis,1945-1945
davisjj01,J.J. Davis,2002-2005
davisjo01,John Davis,1941-1941
davisjo02,Jody Davis,1981-1990
davisjo03,Joel Davis,1985-1988
davisjo04,John Davis,1987-1990
davisjo05,Jonathan Davis,2018-2023
davisjo06,Johnny Davis,2019-2019
davisjo07,Johnny Davis,1941-1948
davisju01,Jumbo Davis,1884-1891
daviska01,Kane Davis,2000-2007
daviskh01,Khris Davis,2013-2021
daviski01,Kiddo Davis,1926-1938
davisl02,L. Davis,1924-1925
davisla01,Lance Davis,2001-2001
davisle01,Lefty Davis,1901-1907
davisle02,Leland Davis,1938-1938
davisle03,Lee Davis,1945-1945
davisma01,Mark Davis,1980-1997
davisma02,Mark Davis,1991-1991
davismi01,Mike Davison,1969-1970
davismi02,Mike Davis,1980-1989
davisno01,Noah Davis,2022-2024
davisod01,Odie Davis,1980-1980
davisos01,Oscar Davis,1926-1926
davisot01,Otis Davis,1946-1946
davispe01,Peaches Davis,1936-1939
davispe02,Peanuts Davis,1943-1946
davispi01,Piper Davis,1942-1948
davispr01,Preacher Davis,1921-1921
davisra01,Rajai Davis,2006-2019
davisro01,Ron Davis,1962-1969
davisro02,Ron Davis,1978-1988
davisro03,Rookie Davis,2017-2019
davisro04,Roosevelt Davis,1924-1945
davisro05,Robert Davis,1940-1940
davisru01,Russ Davis,1994-2001
davissa01,Saul Davis,1925-1934
davissa02,Satchel Davis,1940-1947
davissc01,Scott Davison,1995-1996
davissh01,Sherman Davis,1925-1925
davissp01,Virgil Davis,1928-1945
davissp02,Spencer Davis,1938-1942
davisst01,Steve Davis,1979-1979
davisst02,Storm Davis,1982-1994
davisst03,Steve Davis,1985-1989
davisst04,Steel Arm Davis,1920-1935
davista01,Taylor Davis,2017-2021
davisti01,Tim Davis,1994-1997
davisto01,Tod Davis,1949-1951
davisto02,Tommy Davis,1959-1976
davisto03,Tommy Davis,1999-1999
davistr01,Trench Davis,1985-1987
daviswa01,Wade Davis,2009-2021
daviswi01,Wiley Davis,1896-1896
daviswi02,Willie Davis,1960-1979
daviswi03,William Davis,1937-1937
daviswo01,Woody Davis,1938-1938
dawkitr01,Travis Dawkins,1999-2003
dawlebi01,Bill Dawley,1983-1989
dawlejo01,Joey Dawley,2002-2004
dawsoan01,Andre Dawson,1976-1996
dawsojo01,Joe Dawson,1924-1929
dawsojo02,Johnnie Dawson,1938-1942
dawsole01,Leroy Dawson,1946-1946
dawsore01,Rex Dawson,1913-1913
dawsoro01,Ronnie Dawson,2021-2022
day02,Day,1921-1921
daybi01,Bill Day,1889-1890
daybo01,Boots Day,1969-1974
dayco01,Connie Day,1920-1932
dayde01,Dewon Day,2007-2007
dayetbr01,Brian Dayett,1983-1987
dayle99,Leon Day,1934-1946
dayleke01,Ken Dayley,1982-1993
daype01,Pea Ridge Day,1924-1931
daytogr01,Grant Dayton,2016-2021
dayza01,Zach Day,2002-2006
dazayo01,Yonathan Daza,2019-2023
deaglre01,Ren Deagle,1883-1884
deagoro01,Roger Deago,2003-2003
dealch01,Charlie Deal,1912-1921
dealco01,Cot Deal,1947-1954
dealjo01,Jo Jo Deal,1948-1948
dealli01,Lindsay Deal,1939-1939
dealsn01,Snake Deal,1906-1906
dealypa01,Pat Dealy,1884-1890
deanau01,Austin Dean,2018-2022
deanbi01,Bill Dean,1940-1940
deanbo01,Bobby Dean,1925-1929
deanch01,Chubby Dean,1936-1943
deanch02,Charles Dean,1943-1943
deandi01,Dizzy Dean,1930-1947
deando01,Dory Dean,1876-1876
deaneal01,Alpheus Deane,1947-1947
deaneha01,Harry Deane,1871-1874
deanha01,Harry Dean,1941-1941
deanne01,Nelson Dean,1925-1932
deanpa01,Paul Dean,1934-1943
deanpa02,Pat Dean,2016-2016
deanro01,Robert Dean,1937-1940
deanto01,Tommy Dean,1967-1971
deanwa01,Wayland Dean,1924-1927
dearbu01,Buddy Dear,1927-1927
dearmch01,Charlie DeArmond,1903-1903
deasljo01,John Deasley,1884-1884
deaslpa01,Pat Deasley,1881-1888
deasya01,Yank Deas,1923-1924
deazaal01,Alejandro De Aza,2007-2017
debarde01,Dennis DeBarr,1977-1977
deberha01,Hank DeBerry,1916-1930
deberjo01,Joe DeBerry,1920-1921
debraro01,Roy Debnam,1940-1940
debusad01,Adam DeBus,1917-1917
debusda01,Dave DeBusschere,1962-1963
decasyu01,Yurendell de Caster,2006-2006
decatar01,Art Decatur,1922-1927
decindo01,Doug DeCinces,1973-1987
deckeco01,Cody Decker,2015-2015
deckedu01,Dusty Decker,1932-1937
deckefr01,Frank Decker,1879-1882
deckege01,George Decker,1892-1899
deckeha01,Harry Decker,1884-1890
deckeja01,Jaff Decker,2013-2017
deckejo01,Joe Decker,1969-1979
deckema01,Marty Decker,1983-1983
deckest01,Steve Decker,1990-1999
decuili01,Lionel Decuir,1937-1940
dedear01,Artie Dede,1916-1916
dedearo01,Rod Dedeaux,1935-1935
dedearu01,Russ Dedeaux,1941-1946
dedmoje01,Jeff Dedmon,1983-1988
dedriji01,Jim Dedrick,1995-1995
dedunsa01,Sam Deduno,2010-2015
deegadu01,Bill Deegan,1901-1901
deeji01,Jim Dee,1884-1884
deerijo01,John Deering,1903-1903
deerro01,Rob Deer,1984-1996
deesch01,Charlie Dees,1963-1965
deesh01,Shorty Dee,1915-1915
deetzde01,Dean Deetz,2018-2018
defatto01,Tony DeFate,1917-1917
defraju01,Justin De Fratus,2011-2015
defrear01,Arturo DeFreites,1978-1979
degermi01,Mike DeGerick,1961-1962
degeubr01,Brett de Geus,2021-2024
degotal01,Alex De Goti,2021-2021
degroja01,Jacob deGrom,2014-2025
degroru01,Rube DeGroff,1905-1906
dehaako01,Kory DeHaan,2000-2002
deharri01,Rick DeHart,1997-2003
dehlmhe01,Herman Dehlman,1872-1877
deichgr01,Greg Deichmann,2021-2021
deideji01,Jim Deidel,1974-1974
deinipe01,Otto Deininger,1902-1909
deisepa01,Pat Deisel,1902-1903
deiso01,Deison,1943-1943
deitrbi01,Bill Deitrick,1927-1928
dejanmi01,Mike Dejan,1940-1940
dejeami01,Mike DeJean,1997-2006
dejesan01,Ángel De Jesús,2022-2022
dejesda01,David DeJesus,2003-2015
dejesen01,Enmanuel De Jesus,2023-2023
dejesiv01,Iván de Jesús,1974-1988
dejesiv02,Iván De Jesús,2011-2016
dejesjo01,José de Jesús,1988-1994
dejohma01,Mark DeJohn,1982-1982
dejonch01,Chase De Jong,2017-2023
dejonjo01,Jordan De Jong,2007-2007
dejonpa01,Paul DeJong,2017-2025
dekonbi01,Bill DeKoning,1945-1945
dela_fr01,Francisco de la Rosa,1991-1991
dela_je01,Jesus de la Rosa,1975-1975
dela_mi01,Miguel de la Hoz,1960-1969
dela_to01,Tommy de la Cruz,1944-1944
delabst01,Steve Delabar,2011-2016
delacbr01,Bryan De La Cruz,2021-2025
delacel01,Elly De La Cruz,2023-2025
delaceu01,Frankie De La Cruz,2007-2011
delacjo01,Joel De La Cruz,2016-2016
delahed01,Ed Delahanty,1888-1903
delahfr01,Frank Delahanty,1905-1915
delahji01,Jim Delahanty,1901-1915
delahjo01,Joe Delahanty,1907-1909
delahto01,Tom Delahanty,1894-1897
delamro01,Roland de la Maza,1997-1997
delanar01,Art Delaney,1924-1929
delanbi01,Bill Delaney,1890-1890
delanbi02,Bill DeLancey,1932-1940
delanro01,Rob Delaney,2010-2011
delarda01,Dane De La Rosa,2011-2014
delareu01,Eury De La Rosa,2013-2014
delarru01,Rubby De La Rosa,2011-2017
delarto01,Tomás de la Rosa,2000-2006
delatjo01,José De La Torre,2013-2013
delayja01,Jason Delay,2022-2024
delcaad01,Adrian Del Castillo,2024-2024
delcama01,Manny Delcarmen,2005-2010
deleojo01,José DeLeón,1983-1995
deleojo02,Jorge De León,2013-2014
deleojo03,José De León,2016-2023
deleolu01,Luis DeLeón,1981-1989
delgaal01,Alex Delgado,1996-1996
delgaca01,Carlos Delgado,1993-2009
delgafe01,Felle Delgado,1941-1941
delgaje01,Jesús Delgado,2008-2008
delgapu01,Luis Delgado,1977-1977
delgara01,Randall Delgado,2011-2018
delgawi01,Wilson Delgado,1996-2004
delgrbo01,Bobby Del Greco,1952-1965
delhifl01,Flame Delhi,1912-1912
delisju01,Juan Delis,1955-1955
delkeed01,Eddie Delker,1929-1933
dellaja01,Jason Dellaero,1999-1999
delluda01,David Dellucci,1997-2009
dellwh01,Wheezer Dell,1912-1917
delmabe01,Bert Delmas,1933-1933
delmoni01,Nicky Delmonico,2017-2020
deloaza01,Zach DeLoach,2024-2024
delocik01,Ike Delock,1952-1963
delosab01,Abel De Los Santos,2015-2016
delosen01,Enyel De Los Santos,2018-2025
delosfa01,Fautino De Los Santos,2011-2012
deloslu01,Luis de los Santos,1988-1991
deloslu02,Luis de los Santos,2002-2002
deloslu03,Luis De Los Santos,2024-2024
delosra01,Ramón de los Santos,1974-1974
delosva01,Valerio De Los Santos,1998-2008
delosye01,Yerry De Los Santos,2022-2023
delpomi01,Miguel Del Pozo,2019-2021
delroen01,Enerio Del Rosario,2010-2012
delsaga01,Garton Del Savio,1943-1943
delsiji01,Jim Delsing,1948-1960
deltomi01,Miguel Del Toro,1999-2000
delucjo01,Jonny DeLuca,2023-2025
delucri01,Rich DeLucia,1990-1999
deluzbe01,Ben DeLuzio,2022-2022
demaejo01,Joe DeMaestri,1951-1961
demaral01,Al Demaree,1912-1919
demarbi01,Billy DeMars,1948-1951
demarch01,Chris Demaria,2005-2006
demarfr01,Fred Demarais,1890-1890
demarfr02,Frank Demaree,1932-1944
demelsa01,Sam Demel,2010-2012
demerar01,Art Demery,1941-1941
demerjo01,John DeMerit,1957-1962
demerla01,Larry Demery,1974-1977
demertr01,Travis Demeritte,2019-2022
demetdo01,Don Demeter,1956-1967
demetst01,Steve Demeter,1959-1960
demilha01,Harry DeMiller,1892-1892
demmira01,Ray Demmitt,1909-1919
demoldo01,Don DeMola,1974-1975
demonge01,Gene DeMontreville,1894-1904
demonle01,Lee DeMontreville,1903-1903
demosbi01,Bingo DeMoss,1920-1930
demotbe01,Ben DeMott,1910-1911
dempsco01,Con Dempsey,1951-1951
dempsma01,Mark Dempsey,1982-1982
dempsri01,Rick Dempsey,1969-1992
dempsry01,Ryan Dempster,1998-2013
dendema01,Matt den Dekker,2013-2018
denehbi01,Bill Denehy,1967-1971
denketr01,Travis Denker,2008-2008
denmabr01,Brian Denman,1982-1982
denneky01,Kyle Denney,2004-2004
denneto01,Tod Dennehey,1923-1923
denni02,Dennings,1937-1937
dennido01,Don Dennis,1965-1966
dennido02,Doc Dennis,1943-1948
denniot01,Otto Denning,1942-1943
denniry01,Ryan Dennick,2014-2014
dennyje01,Jerry Denny,1881-1894
dennyjo01,John Denny,1974-1986
denorch01,Chris Denorfia,2005-2015
densodr01,Drew Denson,1989-1993
dentbu01,Bucky Dent,1973-1984
dented01,Eddie Dent,1909-1912
dentesa01,Sam Dente,1947-1955
denzero01,Roger Denzer,1897-1901
depanmi01,Mike DePangher,1884-1884
depasjo01,Joe DePastino,2003-2003
depaujo01,Jorge De Paula,2003-2005
depaujo02,José De Paula,2015-2015
depauju01,Julio De Paula,2007-2007
depause01,Sean DePaula,1999-2002
dephito01,Tony DePhillips,1943-1943
derbyge01,George Derby,1881-1883
derbyge02,Gene Derby,1885-1885
dermoma01,Matt Dermody,2016-2023
dernibo01,Bob Dernier,1980-1989
derosma01,Mark DeRosa,1998-2013
derricl01,Claud Derrick,1910-1914
derriji01,Jim Derrington,1956-1957
derrimi01,Mike Derrick,1970-1970
derripa01,Paul Derringer,1931-1945
derryru01,Russ Derry,1944-1949
desajo01,Joe DeSa,1980-1985
desalma01,Matt DeSalvo,2007-2008
desauge01,Gene Desautels,1930-1946
descada01,Daniel Descalso,2010-2019
desclan01,Anthony DeSclafani,2014-2023
deshaji01,Jim Deshaies,1984-1995
deshi03,DeShield,1948-1948
deshide01,Delino DeShields,1990-2002
deshide02,Delino DeShields,2015-2021
deshoji01,Jimmie DeShong,1932-1939
desiljo01,John DeSilva,1993-1995
desjash01,Shorty Des Jardien,1916-1916
desmoia01,Ian Desmond,2009-2019
despaod01,Odrisamer Despaigne,2014-2019
dessaru01,Rube Dessau,1907-1910
desseel01,Elmer Dessens,1996-2010
destror01,Orestes Destrade,1987-1994
dethebo01,Bob Detherage,1980-1980
detmere01,Reid Detmers,2021-2025
detorge01,George Detore,1930-1931
dettmjo01,John Dettmer,1994-1995
dettoto01,Tom Dettore,1973-1976
detwedu01,Ducky Detweiler,1942-1946
detwiro01,Ross Detwiler,2007-2022
deutsme01,Mel Deutsch,1946-1946
devarce01,César Devarez,1995-1996
devench01,Charlie Devens,1932-1934
devench02,Chris Devenski,2016-2024
deverjo01,José Devers,2021-2024
devermi01,Mike Devereaux,1987-1998
deverra01,Rafael Devers,2017-2025
devinad01,Adrian Devine,1973-1980
devinha01,Hal Deviney,1920-1920
devinji01,Frank Diven,1883-1886
devinjo01,Joey Devine,2005-2011
devinmi01,Mickey Devine,1918-1925
devivbe01,Bernie DeViveiros,1924-1927
devliar01,Art Devlin,1904-1913
devliji01,Jim Devlin,1873-1877
devliji02,Jim Devlin,1886-1889
devliji03,Jim Devlin,1944-1944
devogre01,Rex DeVogt,1913-1913
devoral01,Al DeVormer,1918-1927
devordo01,Doug DeVore,2004-2004
devorjo01,Josh Devore,1908-1914
devoywa01,Walt Devoy,1909-1909
devrico01,Cole De Vries,2012-2013
dewalch01,Charlie Dewald,1890-1890
deweyma01,Mark Dewey,1990-1996
dewilje01,Jeff DeWillis,1987-1987
dewitbl01,Blake DeWitt,2008-2013
dewitfr01,Fred Dewitt,1927-1929
dewitma01,Matt DeWitt,2000-2002
dewitsa01,Samuel Dewitt,1920-1926
dextech01,Charlie Dexter,1896-1903
dezenza01,Zach Dezenzo,2024-2025
dialke01,Kermit Dial,1932-1937
dialslo01,Lou Dials,1927-1933
diamosc01,Scott Diamond,2011-2016
diamoth01,Thomas Diamond,2010-2010
diazal01,Alex Diaz,1992-1999
diazal02,Aledmys Díaz,2016-2024
diazal03,Alexis Díaz,2022-2025
diazar01,Argenis Díaz,2010-2010
diazbo01,Bo Díaz,1977-1989
diazca01,Carlos Diaz,1982-1986
diazca02,Carlos Diaz,1990-1990
diazda01,Dayán Díaz,2016-2017
diazed01,Edgar Díaz,1986-1990
diazed02,Eddy Díaz,1997-1997
diazed03,Edwin Díaz,1998-1999
diazed04,Edwin Díaz,2016-2025
diazei01,Einar Díaz,1996-2006
diazel01,Elias Díaz,2015-2025
diazfe01,Félix Díaz,2004-2004
diazfe02,Fernando Díaz,1945-1947
diazhe01,Heliodoro Díaz,1926-1935
diazis01,Isan Díaz,2019-2023
diazja01,Jairo Díaz,2014-2020
diazjh01,Jhonathan Díaz,2021-2025
diazjo01,Jose Díaz,2006-2008
diazjo02,Jonathan Diaz,2013-2015
diazjo03,Jordan Diaz,2022-2023
diazju01,Juan Díaz,2002-2002
diazju02,Juan Díaz,2012-2012
diazju03,Jumbo Díaz,2014-2017
diazle01,Lewin Díaz,2020-2022
diazma01,Mario Díaz,1987-1995
diazma02,Matt Diaz,2003-2013
diazmi01,Mike Diaz,1983-1988
diazmi02,Miguel Díaz,2017-2024
diazpe01,Pedro Díaz,1930-1932
diazro01,Robinzon Díaz,2008-2009
diazru01,Rufino Díaz,1947-1947
diazvi01,Víctor Díaz,2004-2007
diazya01,Yandy Díaz,2017-2025
diazya02,Yainer Diaz,2022-2025
diazye01,Yennsy Díaz,2019-2021
diazyi01,Yilber Díaz,2024-2024
diazyu01,Yusniel Diaz,2022-2022
dibblro01,Rob Dibble,1988-1995
dibutpe01,Pedro Dibut,1923-1925
dickeal01,Alex Dickerson,2015-2022
dickebi01,Bill Dickey,1928-1946
dickebu01,Buttercup Dickerson,1878-1885
dickech01,Chris Dickerson,2008-2014
dickeco01,Corey Dickerson,2013-2023
dickege01,George Dickerson,1917-1917
dickege02,George Dickey,1935-1947
dickele01,Leo Dickerman,1923-1925
dickepa01,Paul Dicken,1964-1966
dickest01,Steel Arm Dickey,1922-1922
dickmem01,Emerson Dickman,1936-1941
dicksbr01,Brandon Dickson,2011-2021
dicksja01,Jason Dickson,1996-2000
dicksji01,Jim Dickson,1963-1966
dicksjo01,Johnny Dickshot,1936-1945
dicksla01,Lance Dickson,1990-1990
dicksmu01,Murry Dickson,1939-1959
dicksok01,O'Koyea Dickson,2017-2017
dickswa01,Walt Dickson,1910-1915
didiebo01,Bob Didier,1969-1974
diehler01,Ernie Diehl,1903-1909
diehlge01,George Diehl,1942-1943
diehlph01,Phillip Diehl,2019-2022
diekmja01,Jake Diekman,2012-2024
dierich01,Chuck Diering,1947-1956
dierkla01,Larry Dierker,1964-1977
dietrbi01,Bill Dietrich,1933-1948
dietrde01,Derek Dietrich,2013-2020
dietzdi01,Dick Dietz,1966-1973
dietzdu01,Lloyd Dietz,1940-1943
dietzro01,Roy Dietzel,1954-1954
difanja01,Jay Difani,1948-1949
difelma01,Mark DiFelice,2008-2011
difelmi01,Mike Difelice,1996-2008
difowi01,Wilmer Difo,2015-2022
diggibe01,Ben Diggins,2002-2002
diggsre01,Reese Diggs,1934-1934
dignast01,Steve Dignan,1880-1880
dihigma99,Martín Dihigo,1923-1945
dilauja01,Jack DiLauro,1969-1970
dilla02,Dillard,1937-1937
dillado01,Don Dillard,1959-1965
dillago01,Gordon Dillard,1988-1989
dillala01,Lamon Dillard,1927-1931
dillapa01,Pat Dillard,1900-1900
dillast01,Steve Dillard,1975-1982
dillati01,Tim Dillard,2008-2012
dillhpi01,Pickles Dillhoefer,1917-1921
dillibo01,Bob Dillinger,1946-1951
dilliha01,Harley Dillinger,1914-1914
dillmbi01,Bill Dillman,1967-1970
dillojo01,John Dillon,1875-1875
dillojo02,Joe Dillon,2005-2009
dillopa01,Packy Dillon,1875-1875
dillopo01,Frank Dillon,1899-1904
dillost01,Steve Dillon,1963-1964
dilonmi01,Miguel Diloné,1974-1985
dimagdo01,Dom DiMaggio,1940-1953
dimagjo01,Joe DiMaggio,1936-1951
dimagvi01,Vince DiMaggio,1937-1946
dimesed01,Edwin Dimes,1926-1940
dimicfr01,Frank DiMichele,1988-1988
dimmemi01,Mike Dimmel,1977-1979
dinarle01,Lenny DiNardo,2004-2009
dineeke01,Kerry Dineen,1975-1978
dingeva01,Vance Dinges,1945-1946
dingldi01,Dillon Dingler,2024-2025
dingmcr01,Craig Dingman,2000-2005
dinini01,Nick Dini,2019-2019
dinkebr01,Brian Dinkelman,2011-2011
dinnebi01,Bill Dinneen,1898-1909
dioriro01,Ron Diorio,1973-1974
dipiebo01,Bob DiPietro,1951-1951
dipinfr01,Frank DiPino,1981-1993
diplama01,Marcos Diplán,2021-2022
dipotje01,Jerry Dipoto,1993-2000
direaji01,Jimmy Direaux,1937-1938
dirksan01,Andy Dirks,2011-2013
disarga01,Gary Disarcina,1989-2000
dischge01,George Disch,1905-1905
dishmgl01,Glenn Dishman,1995-1997
dismudi01,Dizzy Dismukes,1920-1932
distaal01,Alec Distaso,1969-1969
distebe01,Benny Distefano,1984-1992
distedu01,George Distel,1918-1918
ditmaar01,Art Ditmar,1954-1962
dittmja01,Jack Dittmer,1952-1957
divismo01,Moxie Divis,1916-1916
dixon02,Dixon,1931-1931
dixon03,Dixon,1938-1938
dixonbr01,Brandon Dixon,2018-2023
dixoned01,Eddie Dixon,1938-1940
dixonge01,George Dixon,1920-1934
dixongl01,Glenn Dixon,1937-1937
dixonjo01,Johnnie Bob Dixon,1926-1934
dixonke01,Ken Dixon,1984-1987
dixonle01,Leo Dixon,1925-1929
dixonpa01,Paul Dixon,1932-1938
dixonra01,Rap Dixon,1924-1937
dixonso01,Sonny Dixon,1953-1956
dixonst01,Steve Dixon,1993-1994
dixonto01,Tom Dixon,1977-1983
dixonto02,Tom Dixon,1932-1934
dlugabr01,Brent Dlugach,2009-2009
doakbi01,Bill Doak,1912-1929
doanewa01,Walt Doan,1909-1910
dobbeda01,Dan Dobbek,1959-1961
dobbihu01,Hunter Dobbins,2025-2025
dobbjo01,John Dobb,1924-1924
dobbsgr01,Greg Dobbs,2004-2014
dobbsjo01,John Dobbs,1901-1905
dobenra01,Ray Dobens,1929-1929
doberje01,Jess Dobernic,1939-1949
dobnara01,Randy Dobnak,2019-2025
dobsoch01,Chuck Dobson,1966-1975
dobsojo01,Joe Dobson,1939-1954
dobsopa01,Pat Dobson,1967-1977
dobyla01,Larry Doby,1942-1959
dockige01,George Dockins,1945-1947
dodddy01,Dylan Dodd,2023-2024
doddon01,Ona Dodd,1912-1912
doddro01,Robert Dodd,1998-1998
doddto01,Tom Dodd,1986-1986
dodgejo01,John Dodge,1912-1913
dodgesa01,Sam Dodge,1921-1922
dodsopa01,Pat Dodson,1986-1988
doefr01,Fred Doe,1890-1890
doerrbo01,Bobby Doerr,1937-1951
dohened01,Ed Doheny,1895-1903
doherjo01,John Doherty,1974-1975
doherjo02,John Doherty,1992-1996
dohmasc01,Scott Dohmann,2004-2008
dohyky01,Kyle Dohy,2021-2021
dolanbi01,Biddy Dolan,1914-1914
dolanco01,Cozy Dolan,1895-1906
dolanco02,Cozy Dolan,1909-1922
dolanjo01,John Dolan,1890-1895
dolanjo02,Joe Dolan,1896-1901
dolanto01,Tom Dolan,1879-1888
dolele01,Lester Dole,1875-1875
dolisra01,Rafael Dolis,2011-2021
doljafr01,Frank Doljack,1930-1943
dollach01,Chase Dollander,2025-2025
dollar01,Art Doll,1935-1938
dolsifr01,Freddy Dolsi,2008-2009
dominan01,Andy Dominique,2004-2005
dominch01,Chris Dominguez,2014-2015
dominja01,Jasson Domínguez,2023-2025
dominjo01,José Domínguez,2013-2016
dominju01,Juan Domínguez,2003-2005
dominju02,Justo Domínguez,1925-1925
dominma01,Matt Dominguez,2011-2016
dominse01,Seranthony Domínguez,2018-2025
donahde01,Deacon Donahue,1943-1944
donahji01,Jim Donahue,1886-1891
donahji02,Jiggs Donahue,1900-1909
donahjo01,John Donahue,1923-1923
donahpa01,Pat Donahue,1908-1910
donahre01,Red Donahue,1893-1906
donahsh01,She Donahue,1904-1904
donahti01,Tim Donahue,1891-1902
donalat01,Atley Donald,1938-1945
donaled01,Ed Donalds,1912-1912
donalja01,Jason Donald,2010-2012
donaljo01,John Donaldson,1966-1974
donaljo02,Josh Donaldson,2010-2023
donaljo03,John Donaldson,1920-1924
dondele01,Len Dondero,1929-1929
donel01,Donelly,1938-1938
donlimi01,Mike Donlin,1899-1914
donnebl01,Blix Donnelly,1944-1951
donnebr01,Brendan Donnelly,2002-2010
donnech01,Chris Donnels,1991-2002
donneed01,Ed Donnelly,1911-1912
donneed02,Ed Donnelly,1959-1959
donnefr01,Frank Donnelly,1893-1894
donneji01,Jim Donnelly,1884-1898
donneji02,Jim Donnelly,1884-1884
donnejo01,John Donnelly,1873-1874
donnepe01,Pete Donnelly,1871-1871
donohji01,Jim Donohue,1961-1962
donohjo01,Alexander Donoghue,1891-1891
donohpe01,Pete Donohue,1921-1932
donohto01,Tom Donohue,1979-1980
donosli01,Lino Donoso,1947-1956
donovbi01,Bill Donovan,1898-1918
donovbi02,Bill Donovan,1942-1943
donovbr01,Brendan Donovan,2022-2025
donovdi01,Dick Donovan,1950-1965
donovfr01,Fred Donovan,1895-1895
donovje01,Jerry Donovan,1906-1906
donovmi01,Mike Donovan,1904-1908
donovpa01,Patsy Donovan,1890-1907
donovto01,Tom Donovan,1901-1901
dooinre01,Red Dooin,1902-1916
doolami01,Mickey Doolin,1905-1918
doolise01,Sean Doolittle,2012-2022
doomsha01,Harry Dooms,1892-1892
dopsojo01,John Dopson,1985-1994
doranbi01,Bill Doran,1922-1922
doranbi02,Bill Doran,1982-1993
doranjo01,John Doran,1891-1891
doranto01,Tom Doran,1904-1906
dorgaje01,Jerry Dorgan,1880-1885
dorgami01,Mike Dorgan,1877-1890
dorisha01,Fritz Dorish,1947-1956
dormach01,Charlie Dorman,1923-1923
dormare01,Red Dorman,1928-1928
dornda01,Danny Dorn,2015-2015
dornegu01,Gus Dorner,1902-1909
dorowry01,Ryan Dorow,2021-2021
dorrbe01,Bert Dorr,1882-1882
dorsebr01,Brian Dorsett,1987-1996
dorseca01,Cal Dorsett,1940-1947
dorseje01,Joseph Dorsey,1884-1884
dorseje02,Jerry D'Arcy,1911-1911
dorseji01,Jim Dorsey,1980-1985
dorselu01,Lucius Dorsey,1941-1942
dortame01,Melvin Dorta,2006-2006
doschhe01,Herm Doscher,1872-1882
doschja01,Jack Doscher,1903-1908
dosteda01,David Doster,1996-1999
doteloc01,Octavio Dotel,1999-2013
dotso02,Dotson,1936-1936
dotsori01,Richard Dotson,1979-1990
dottedu01,Dutch Dotterer,1957-1961
dottega01,Gary Dotter,1961-1964
dotyba01,Babe Doty,1890-1890
doubrfe01,Félix Doubront,2010-2015
doughch01,Charles Dougherty,1884-1884
doughji01,Jim Dougherty,1995-1999
doughpa01,Patsy Dougherty,1902-1911
doughto01,Tom Dougherty,1904-1904
dougl02,Douglass,1938-1938
douglas01,Astyanax Douglass,1921-1925
dougled01,Eddie Douglass,1923-1925
douglje01,Jesse Douglas,1940-1945
dougljo01,John Douglas,1945-1945
douglkl01,Klondike Douglass,1896-1904
douglla01,Larry Douglas,1915-1915
douglph01,Phil Douglas,1912-1922
douglse01,Sean Douglass,2001-2005
douglwh01,Whammy Douglas,1957-1957
doumiry01,Ryan Doumit,2005-2014
douthta01,Taylor Douthit,1923-1933
dovalca01,Camilo Doval,2021-2025
dovede01,Dennis Dove,2007-2007
dowcl01,Clarence Dow,1884-1884
dowdjo01,John Dowd,1912-1912
dowdki01,Skip Dowd,1910-1910
dowdsn01,Snooks Dowd,1919-1926
dowdto01,Tommy Dowd,1891-1901
dowdyky01,Kyle Dowdy,2019-2022
dowelke01,Ken Dowell,1987-1987
dowiejo01,Joe Dowie,1889-1889
dowlida01,Dave Dowling,1964-1966
dowlipe01,Pete Dowling,1897-1901
downere01,Red Downey,1909-1909
downeto01,Tom Downey,1909-1915
downial01,Al Downing,1961-1977
downibr01,Brian Downing,1973-1992
downsbu01,Bunny Downs,1923-1929
downsda01,Dave Downs,1972-1972
downsda02,Darin Downs,2012-2014
downsje01,Jeter Downs,2022-2023
downske01,Kelly Downs,1986-1993
downsma01,Matt Downs,2009-2012
downsre01,Red Downs,1907-1912
downssc01,Scott Downs,2000-2014
dowseto01,Tom Dowse,1890-1892
doylebr01,Brian Doyle,1978-1981
doylebr02,Brenton Doyle,2023-2025
doyleca01,Carl Doyle,1935-1940
doyleco01,Conny Doyle,1883-1884
doyleda01,Danny Doyle,1943-1943
doylede01,Denny Doyle,1970-1977
doyleja01,Jack Doyle,1889-1905
doyleje01,Jess Doyle,1925-1931
doyleje02,Jeff Doyle,1983-1983
doyleji01,Jim Doyle,1910-1911
doylejo01,Jacob Doyle,1872-1872
doylejo02,John Doyle,1882-1882
doylela01,Larry Doyle,1907-1920
doylepa01,Paul Doyle,1969-1972
doylesl01,Slow Joe Doyle,1906-1910
doyleto01,Tommy Doyle,2020-2023
doyneco01,Cory Doyne,2007-2007
doziebr01,Brian Dozier,2012-2020
doziebu01,Buzz Dozier,1947-1949
doziehu01,Hunter Dozier,2016-2023
dozieto01,Tom Dozier,1986-1986
drabedo01,Doug Drabek,1986-1998
drabeky01,Kyle Drabek,2010-2016
drabomo01,Moe Drabowsky,1956-1972
dragodi01,Dick Drago,1969-1981
drahmbr01,Brian Drahman,1991-1994
drakean01,Andy Drake,1932-1939
drakebi01,Bill Drake,1920-1930
drakede01,Delos Drake,1911-1915
drakela01,Larry Drake,1945-1948
drakelo01,Logan Drake,1922-1924
drakely01,Lyman Drake,1884-1884
drakeol01,Oliver Drake,2015-2020
drakere01,Reinaldo Drake,1945-1948
drakesa01,Sammy Drake,1960-1962
drakeso01,Solly Drake,1956-1959
draketo01,Tom Drake,1939-1941
dranske01,Kelly Dransfeldt,1999-2004
drapemi01,Mike Draper,1993-1993
draubja01,Jake Drauby,1892-1892
draveda01,Dave Dravecky,1982-1989
dreesbi01,Bill Dreesen,1931-1931
dreesto01,Tom Drees,1991-1991
dreifda01,Darren Dreifort,1994-2004
dreiscl01,Clem Dreisewerd,1944-1948
drekeva01,Valentín Dreke,1920-1927
drescbi01,Bill Drescher,1944-1946
dresery01,Ryan Drese,2001-2006
dressbo01,Bob Dresser,1902-1902
dressch01,Chuck Dressen,1925-1933
dresski01,Kirk Dressendorfer,1991-1991
dressle01,Lee Dressen,1914-1918
dressro01,Rob Dressler,1975-1980
drewca01,Cameron Drew,1988-1988
drewda01,Dave Drew,1884-1884
drewsfr01,Frank Drews,1944-1945
drewska01,Karl Drews,1946-1954
drewst01,Stephen Drew,2006-2017
drewti01,Tim Drew,2000-2004
dreyeja01,Jack Dreyer,2025-2025
dreyest01,Steve Dreyer,1993-1994
driesda01,Dan Driessen,1973-1987
drillle01,Lew Drill,1902-1905
driscde01,Denny Driscoll,1880-1884
driscde02,Dennis Driscoll,1885-1885
driscji01,Jim Driscoll,1970-1972
drisclo01,Logan Driscoll,2024-2024
driscmi01,Michael Driscoll,1916-1916
driscpa01,Paddy Driscoll,1917-1917
drisktr01,Travis Driskill,2002-2007
drissmi01,Mike Drissel,1885-1885
drohato01,Tom Drohan,1913-1913
dropowa01,Walt Dropo,1949-1961
drottdi01,Dick Drott,1957-1963
drucklo01,Louis Drucke,1909-1912
druhoca01,Carl Druhot,1906-1907
drumm02,Drummer,1944-1948
drummti01,Tim Drummond,1987-1990
drumrke01,Keith Drumright,1978-1981
drurybr01,Brandon Drury,2015-2024
drysddo01,Don Drysdale,1956-1969
duanycl01,Claro Duany,1944-1947
duartda01,Daniel Duarte,2022-2024
dubiemo01,Monk Dubiel,1944-1952
dubinsh01,Shawn Dubin,2023-2024
duboibr01,Brian Dubois,1989-1990
duboija01,Jason Dubois,2004-2005
dubonma01,Mauricio Dubón,2019-2025
duboser01,Eric DuBose,2002-2006
dubucje01,Jean Dubuc,1908-1919
duceyro01,Rob Ducey,1987-2001
duchsju01,Justin Duchscherer,2001-2010
duckema01,Mahlon Duckett,1940-1948
duckwbr01,Brandon Duckworth,2001-2008
duckwji01,Jim Duckworth,1963-1966
ducyed01,Eddie Ducy,1947-1947
ducyra01,Ralph Ducy,1926-1926
dudalu01,Lucas Duda,2010-2019
dudlecl01,Clise Dudley,1929-1933
dudledo01,Doc Dudley,1920-1923
dudleed01,Ed Dudley,1926-1932
dudrajo01,John Dudra,1941-1941
duensbr01,Brian Duensing,2009-2018
duesha01,Hal Dues,1977-1980
duffaji01,Jim Duffalo,1961-1965
duffech01,Charlie Duffee,1889-1893
duffer01,Ernest Duff,1925-1928
duffety01,Tyler Duffey,2015-2024
duffijo01,John Duffie,1967-1967
duffla01,Cecil Duff,1922-1922
duffma01,Matt Duff,2002-2002
duffpa01,Pat Duff,1906-1906
duffybe01,Bernie Duffy,1913-1913
duffybi01,Bill Duffy,1946-1947
duffych01,Chris Duffy,2005-2009
duffyda01,Danny Duffy,2011-2021
duffyed01,Ed Duffy,1871-1871
duffyfr01,Frank Duffy,1970-1979
duffyhu01,Hugh Duffy,1888-1906
duffyma01,Matt Duffy,2014-2024
duffyma02,Matt Duffy,2015-2016
duganbi01,Bill Dugan,1884-1884
duganda01,Dan Dugan,1928-1929
duganed01,Ed Dugan,1884-1884
duganjo01,Joe Dugan,1917-1931
dugasgu01,Gus Dugas,1930-1934
dugdada01,Dan Dugdale,1886-1894
dugeyos01,Oscar Dugey,1913-1920
duggaji01,Jim Duggan,1911-1911
duggast01,Steven Duggar,2018-2022
duggero01,Robert Dugger,2019-2022
dugglbi01,Bill Duggleby,1898-1907
dukema01,Martin Duke,1891-1891
dukesel01,Elijah Dukes,2007-2009
dukesja01,Jan Dukes,1969-1972
dukesto01,Tom Dukes,1967-1972
dukesto02,Tommie Dukes,1928-1945
dukeza01,Zach Duke,2005-2019
dulalo01,Louis Dula,1933-1938
dulibbo01,Bob Duliba,1959-1967
dullry01,Ryan Dull,2015-2019
dumasla01,Lafayette Dumas,1940-1941
dumatph01,Phil Dumatrait,2007-2011
dumonge01,George Dumont,1915-1919
dumouda01,Dan Dumoulin,1977-1978
dumovni01,Nick Dumovich,1923-1923
dumpsbi01,Bill Dumpson,1948-1948
dunanjo01,Joe Dunand,2022-2022
dunbama01,Matt Dunbar,1995-1995
dunbato01,Tom Dunbar,1983-1985
dunbave01,Vet Dunbar,1937-1937
duncach01,Chris Duncan,2005-2009
duncaco01,Courtney Duncan,2001-2002
duncada01,Dave Duncan,1964-1976
duncafr01,Frank Duncan,1920-1928
duncafr02,Frank Duncan,1920-1945
duncafr03,Frank Duncan,1941-1945
duncaje01,Jeff Duncan,2003-2004
duncaji01,Jim Duncan,1899-1899
duncajo01,Joe Duncan,1927-1927
duncama01,Mariano Duncan,1985-1997
duncapa01,Pat Duncan,1915-1924
duncasc01,Charles Dunklin,1937-1940
duncash01,Shelley Duncan,2007-2013
duncata01,Taylor Duncan,1977-1978
duncave01,Vern Duncan,1913-1915
dundoed01,Ed Dundon,1883-1884
dundogu01,Gus Dundon,1904-1906
dunegji01,Jim Dunegan,1970-1970
dungasa01,Sam Dungan,1892-1901
dunhale01,Lee Dunham,1926-1926
dunhawi01,Wiley Dunham,1902-1902
dunklda01,Davy Dunkle,1897-1904
dunlabi01,Bill Dunlap,1929-1930
dunlafr01,Fred Dunlap,1880-1891
dunlagr01,Grant Dunlap,1953-1953
dunlahe01,Herman Dunlap,1937-1938
dunleja01,Jack Dunleavy,1903-1905
dunloge01,George Dunlop,1913-1914
dunnad01,Adam Dunn,2001-2014
dunnal01,Alphonse Dunn,1937-1943
dunnbl01,Blake Dunn,2024-2025
dunnemi01,Mike Dunne,1987-1992
dunnian01,Andy Dunning,1889-1891
dunnida01,Dane Dunning,2020-2024
dunnija01,Jake Dunning,2013-2014
dunnist01,Steve Dunning,1970-1977
dunnja01,Jack Dunn,1897-1904
dunnja02,Jake Dunn,1930-1943
dunnji01,Jim Dunn,1952-1952
dunnjo01,Joe Dunn,1908-1909
dunnju01,Justin Dunn,2019-2022
dunnmi01,Mike Dunn,2009-2019
dunnol01,Oliver Dunn,2024-2025
dunnro01,Ron Dunn,1974-1975
dunnsc01,Scott Dunn,2004-2006
dunnst01,Steve Dunn,1884-1884
dunnst02,Steve Dunn,1994-1995
dunnto01,Todd Dunn,1996-1997
dunshpa01,Parker Dunshee,2024-2024
dunstsh01,Shawon Dunston,1985-2002
dunwoto01,Todd Dunwoody,1997-2002
dupeefr01,Frank Dupee,1901-1901
duplajo01,Jon Duplantier,2019-2021
dupremi01,Mike Dupree,1976-1976
duranda01,Dan Duran,1981-1981
duranez01,Ezequiel Duran,2022-2025
durange01,Germán Durán,2008-2008
duranja01,Jarren Duran,2021-2025
duranjh01,Jhoan Durán,2022-2025
duranlu01,Luis Durango,2009-2011
duranmi01,Mike Durant,1996-1996
duranro01,Roberto Durán,1997-1998
durapmo01,Montana DuRapau,2019-2019
durazer01,Erubiel Durazo,1999-2005
durbica01,Caleb Durbin,2025-2025
durbich01,Chad Durbin,1999-2013
durbijd01,J.D. Durbin,2004-2007
durbiki01,Blaine Durbin,1907-1909
durenry01,Ryne Duren,1954-1965
durhabu01,Bull Durham,1904-1909
durhado01,Don Durham,1972-1973
durhaed01,Ed Durham,1929-1933
durhajo01,James Durham,1902-1902
durhajo02,Joe Durham,1954-1959
durhale01,Leon Durham,1980-1989
durhara01,Ray Durham,1995-2008
durnbbo01,Bobby Durnbaugh,1957-1957
durnige01,George Durning,1925-1925
durniri01,Rich Durning,1917-1918
durocja01,Jayson Durocher,2002-2003
durocle01,Leo Durocher,1925-1945
duronni01,Nick Duron,2022-2022
durrere01,Red Durrett,1944-1945
durritr01,Trent Durrington,1999-2005
durstce01,Cedric Durst,1922-1930
duryeje01,Jesse Duryea,1889-1893
dusaker01,Erv Dusak,1941-1952
duserca01,Carl Duser,1956-1958
dustabo01,Bob Dustal,1963-1963
duvalad01,Adam Duvall,2014-2024
duvalmi01,Mike Duvall,1998-2001
duzenbi01,Bill Duzen,1890-1890
dwighal01,Al Dwight,1884-1884
dwighed01,Eddie Dwight,1925-1937
dwyerch01,Chris Dwyer,2013-2013
dwyerdo01,Joe Dwyer,1937-1937
dwyerfr01,Frank Dwyer,1888-1899
dwyerji01,Jim Dwyer,1973-1990
dwyerjo01,John Dwyer,1882-1882
dybzije01,Jerry Dybzinski,1980-1985
dyckji01,Jim Dyck,1951-1956
dyeje01,Jermaine Dye,1996-2009
dyerbe01,Ben Dyer,1914-1919
dyerdu01,Duffy Dyer,1968-1981
dyered01,Eddie Dyer,1922-1927
dyermi01,Mike Dyer,1989-1996
dygerji01,Jimmy Dygert,1905-1910
dykesaj01,A.J. Dykes,1929-1929
dykesji01,Jimmy Dykes,1918-1939
dykewi01,William Dyke,1942-1942
dykhora01,Radhames Dykhoff,1998-1998
dykstal01,Allan Dykstra,2015-2015
dykstle01,Lenny Dykstra,1985-1996
dylerjo01,John Dyler,1882-1882
dysonja01,Jarrod Dyson,2010-2021
dysonsa01,Sam Dyson,2012-2019
