player_id,name,years
haadya01,Yamid Haad,1999-2005
haasbe01,Bert Haas,1937-1951
haasbr01,Bruno Haas,1915-1915
haasda01,Dave Haas,1991-1993
haased01,Eddie Haas,1957-1960
haaseer01,Eric Haase,2018-2025
haasmo01,Moose Haas,1976-1987
haasmu01,Mule Haas,1925-1938
habenbo01,Bob Habenicht,1951-1953
haberem01,Emil Haberer,1901-1909
habyajo01,John Habyan,1985-1996
hachir01,Irv Hach,1897-1897
hackeer01,Eric Hacker,2009-2012
hackeji01,Jim Hackett,1902-1903
hackeme01,Mert Hackett,1883-1887
hackeri01,Rich Hacker,1971-1971
hackesp01,Speedball Hackett,1927-1928
hackewa01,Walter Hackett,1884-1885
hackewa02,Warren Hacker,1948-1961
hackmlu01,Luther Hackman,1999-2003
hackst01,Stan Hack,1932-1947
haddiha01,Harvey Haddix,1952-1965
haddoge01,George Haddock,1888-1894
haderjo01,Josh Hader,2017-2025
hadlebu01,Bump Hadley,1926-1941
hadleke01,Kent Hadley,1958-1960
hadlere01,Red Hadley,1938-1939
haeffbi01,Bill Haeffner,1915-1928
haefnmi01,Mickey Haefner,1943-1950
haegech01,Charlie Haeger,2006-2010
hafeybu01,Bud Hafey,1935-1939
hafeych01,Chick Hafey,1924-1937
hafeyto01,Tom Hafey,1939-1944
haffole01,Leo Hafford,1906-1906
hafnefr01,Frank Hafner,1888-1888
hafnetr01,Travis Hafner,2002-2013
hagadni01,Nick Hagadone,2011-2015
haganar01,Art Hagan,1883-1884
hagemca01,Casey Hageman,1911-1914
hagenbr01,Bradin Hagens,2014-2014
hagenju01,Justin Hagenman,2025-2025
hagenke01,Kevin Hagen,1983-1984
hagerja01,Jake Hager,2021-2022
hagerri01,Rip Hagerman,1909-1916
haggesa01,Sam Haggerty,2019-2024
haguebi01,Bill Hague,1875-1879
haguejo01,Joe Hague,1968-1973
haguema01,Matt Hague,2012-2015
hahndi01,Dick Hahn,1940-1940
hahndo01,Don Hahn,1969-1975
hahned01,Ed Hahn,1905-1910
hahnfr01,Fred Hahn,1952-1952
hahnje01,Jesse Hahn,2014-2025
hahnno01,Noodles Hahn,1899-1906
haidha01,Hal Haid,1919-1933
haighed01,Ed Haigh,1892-1892
hainehi01,Hinkey Haines,1923-1923
haineje01,Jesse Haines,1918-1937
hairsha01,Harold Hairston,1946-1947
hairsje01,Jerry Hairston,1973-1989
hairsje02,Jerry Hairston,1998-2013
hairsjo01,John Hairston,1969-1969
hairsna01,Napoleon Hairston,1938-1938
hairssa01,Sam Hairston,1944-1951
hairssc01,Scott Hairston,2004-2014
haislji01,Jim Haislip,1913-1913
hajduch01,Chet Hajduk,1941-1941
hajekda01,Dave Hajek,1995-1996
halamjo01,John Halama,1998-2006
halasge01,George Halas,1919-1919
halbred01,Ed Halbriter,1882-1882
haldejo01,John Haldeman,1877-1877
halebo01,Bob Hale,1955-1961
halech01,Chip Hale,1989-1997
haleda01,Ray Hale,1902-1902
haleda02,David Hale,2013-2021
halege01,George Hale,1914-1918
halejo01,John Hale,1974-1979
haleod01,Odell Hale,1931-1941
halere01,Red Hale,1937-1939
halesa01,Sammy Hale,1920-1930
haley02,Haley,1923-1923
haleyfr01,James Haley,1880-1880
haleyju01,Justin Haley,2017-2018
haleyra01,Raymond Haley,1915-1917
haleyre01,Red Haley,1928-1928
haliced01,Ed Halicki,1974-1980
hallabi01,Bill Hallahan,1925-1938
hallajo01,John Halla,1905-1905
hallal01,Al Hall,1879-1880
hallal02,Albert Hall,1981-1989
hallaro01,Roy Halladay,1998-2013
hallba01,Bad News Hall,1940-1944
hallbe01,Bert Hall,1911-1911
hallbi01,Bill Hall,1913-1913
hallbi02,Bill Hall,1954-1958
hallbi03,Bill Hall,2002-2012
hallbl01,Blainey Hall,1923-1925
hallbo01,Bob Hall,1904-1905
hallbo02,Bob Hall,1949-1953
hallch01,Charlie Hall,1887-1887
hallch02,Charley Hall,1906-1918
hallch03,Charley Hall,1948-1948
hallcl01,Clem Hall,1942-1942
hallco01,Cody Hall,2015-2016
hallda01,Darren Hall,1994-1998
hallda02,Darick Hall,2022-2023
halldi01,Dick Hall,1952-1971
halldl01,DL Hall,2022-2024
halldr01,Drew Hall,1986-1990
halleja01,Jack Hallett,1940-1948
halleto01,Tom Haller,1961-1972
hallge01,George Hall,1871-1877
hallhe01,Herb Hall,1918-1918
hallied01,Ed Hallinan,1911-1912
halliji01,Jimmy Hallinan,1871-1878
hallijo01,Jocko Halligan,1890-1892
halline01,Newt Halliday,1916-1916
hallir01,Irv Hall,1943-1946
hallji01,Jim Hall,1872-1874
hallji02,Jimmie Hall,1963-1970
halljo01,John Hall,1948-1948
halljo02,Joe Hall,1994-1997
halljo03,Josh Hall,2003-2003
hallma01,Marc Hall,1910-1914
hallma02,Matt Hall,2018-2020
hallmbi01,Bill Hallman,1888-1903
hallmbi02,Bill Hallman,1901-1907
hallme01,Mel Hall,1981-1996
hallpe01,Perry Hall,1921-1943
hallru01,Russ Hall,1898-1901
hallsch01,Charlie Hallstrom,1885-1885
hallto01,Tom Hall,1968-1977
hallto02,Toby Hall,2000-2008
halmagr01,Greg Halman,2010-2011
halpiji01,Jim Halpin,1882-1885
halsebr01,Brad Halsey,2004-2006
haltal01,Al Halt,1914-1918
haltesh01,Shane Halter,1997-2004
haltose01,Sean Halton,2013-2013
halvose01,Seth Halvorsen,2024-2025
hamando01,Doc Hamann,1922-1922
hambrro01,Roger Hambright,1971-1971
hambuch01,Charlie Hamburg,1890-1890
hambuma01,Mark Hamburger,2011-2011
hambyji01,Jim Hamby,1926-1927
hamelbo01,Bob Hamelin,1993-1998
hamelco01,Cole Hamels,2006-2020
hamilbi01,Billy Hamilton,1888-1901
hamilbi02,Billy Hamilton,2013-2023
hamilca01,Caleb Hamilton,2022-2023
hamilda01,Dave Hamilton,1972-1980
hamilda02,Darryl Hamilton,1988-2001
hamilda03,David Hamilton,2023-2025
hamilea01,Earl Hamilton,1911-1924
hamilep01,Eppie Hamilton,1924-1937
hamilia01,Ian Hamilton,2018-2025
hamilja01,Jack Hamilton,1962-1969
hamiljc01,J.C. Hamilton,1940-1942
hamilje01,Jeff Hamilton,1986-1991
hamiljh01,J.H. Hamilton,1924-1927
hamilji01,Jim Hamilton,1946-1946
hamiljo01,John Hamill,1884-1884
hamiljo02,Joey Hamilton,1994-2003
hamiljo03,Josh Hamilton,2007-2015
hamill01,L. Hamilton,1924-1924
hamilma01,Mark Hamilton,2010-2011
hamilst01,Steve Hamilton,1961-1972
hamilte01,Ted Hamilton,1921-1924
hamilto01,Tom Hamilton,1952-1953
hamlike01,Ken Hamlin,1957-1966
hamlilu01,Luke Hamlin,1933-1944
hammaat01,Atlee Hammaker,1981-1995
hammeja01,Jason Hammel,2006-2018
hammejd01,J.D. Hammer,2019-2021
hammoch01,Chris Hammond,1990-2006
hammodo01,Don Hammond,1924-1926
hammoja01,Jack Hammond,1915-1922
hammoje01,Jeffrey Hammonds,1993-2005
hammoro01,Robby Hammock,2003-2011
hammost01,Steve Hammond,1982-1982
hammpe01,Pete Hamm,1970-1971
hamnega01,Garvin Hamner,1945-1945
hamnegr01,Granny Hamner,1944-1962
hamnera01,Ralph Hamner,1946-1949
hampsga01,Garrett Hampson,2018-2025
hampsju01,Justin Hampson,2006-2012
hampt02,J.B. Hampton,1941-1941
hamptik01,Ike Hampton,1974-1979
hamptle01,Lewis Hampton,1921-1927
hamptmi01,Mike Hampton,1993-2010
hamra01,Ralph Ham,1871-1871
hamreer01,Erik Hamren,2011-2011
hamribe01,Bert Hamric,1955-1958
hamrira01,Ray Hamrick,1943-1944
hamulti01,Tim Hamulack,2005-2006
hanckbu01,Buddy Hancken,1940-1940
hancoar01,Art Hancock,1926-1927
hancoch01,Charlie Hancock,1921-1928
hancoem01,Emerson Hancock,2023-2025
hancofr01,Fred Hancock,1949-1949
hancoga01,Garry Hancock,1978-1984
hancojo01,Josh Hancock,2002-2007
hancoju01,Justin Hancock,2018-2018
hancole01,Lee Hancock,1995-1996
hancory01,Ryan Hancock,1996-1996
handbr01,Brad Hand,2011-2023
handdo01,Donovan Hand,2013-2015
handiji01,Jim Handiboe,1886-1886
handimi01,Al Handiboe,1911-1911
handlge01,Gene Handley,1946-1947
handlle01,Lee Handley,1936-1947
handri01,Rich Hand,1970-1973
handrve01,Vern Handrahan,1964-1966
handsbi01,Bill Hands,1965-1975
handyge01,George Handy,1947-1948
hanebha01,Harry Hanebrink,1953-1959
haneych01,Chris Haney,1991-2002
haneyfr01,Fred Haney,1922-1929
haneyla01,Larry Haney,1966-1978
haneyto01,Todd Haney,1992-1998
hanfoch01,Charlie Hanford,1914-1915
hanhoer01,Eric Hanhold,2018-2021
hanifbr01,Brenan Hanifee,2023-2025
hanigmi01,Mitch Haniger,2016-2024
hanigry01,Ryan Hanigan,2007-2017
hankido01,Don Hankins,1927-1927
hankifr01,Frank Hankinson,1878-1888
hankija01,Jay Hankins,1961-1963
hanleji01,Jim Hanley,1913-1913
hanlobi01,Bill Hanlon,1903-1903
hanlone01,Ned Hanlon,1880-1892
hannage01,Gerry Hannahs,1976-1979
hannaja01,Jack Hannahan,2006-2014
hannaji01,Jim Hannan,1962-1971
hannajo01,John Hanna,1884-1884
hannapr01,Preston Hanna,1975-1982
hannatr01,Truck Hannah,1918-1920
hanneja01,Jacob Hannemann,2017-2017
hannija01,Jack Hannifin,1906-1908
hannile01,Leo Hannibal,1932-1938
hannilo01,Loy Hanning,1939-1942
hannipa01,Jimmie Hannivan,1897-1897
hanrajo01,Joel Hanrahan,2007-2013
hansade01,Devern Hansack,2006-2008
hansean01,Andy Hansen,1944-1953
hansebo01,Bob Hansen,1974-1976
hansecr01,Craig Hansen,2005-2009
hanseda01,Dave Hansen,1990-2005
hansedo01,Doug Hansen,1951-1951
hansegr01,Greg Hansell,1995-1999
hanseje01,Jed Hansen,1997-1999
hansero01,Roy Hansen,1918-1918
hansero02,Ron Hansen,1958-1972
hansesn01,Snipe Hansen,1930-1935
hanskdo01,Don Hanski,1943-1944
hansoal01,Alen Hanson,2016-2019
hansoer01,Erik Hanson,1988-1998
hansoha01,Harry Hanson,1913-1913
hansool01,Ollie Hanson,1921-1921
hansoto01,Tommy Hanson,2009-2013
hanyzed01,Ed Hanyzewski,1942-1946
happejo01,John Happenny,1923-1923
happia01,Ian Happ,2017-2025
happja01,J.A. Happ,2007-2021
haranaa01,Aaron Harang,2002-2015
harbibi01,Bill Harbridge,1875-1884
hardelo01,Lovell Harden,1944-1945
hardeme01,Mel Harder,1928-1947
harderi01,Rich Harden,2003-2011
hardesc01,Scott Hardesty,1899-1899
hardgpa01,Pat Hardgrove,1918-1918
hardibu01,Bud Hardin,1952-1952
hardich01,Charlie Harding,1913-1913
hardiha01,Halley Harding,1926-1937
hardiji01,Jim Hardin,1967-1972
hardilo01,Lou Hardie,1884-1891
hardilo02,Jumbo Harting,1886-1886
hardiro01,Roy Harding,1938-1938
hardiwe01,Wesley Hardiman,1937-1937
hardtja01,Jason Hardtke,1996-1998
hardyal01,Alex Hardy,1902-1903
hardybl01,Blaine Hardy,2014-2021
hardyc02,C. Hardy,1937-1937
hardyca01,Carroll Hardy,1958-1967
hardyha01,Harry Hardy,1905-1906
hardyja01,Jack Hardy,1903-1910
hardyja02,Jack Hardy,1989-1989
hardyjj01,J.J. Hardy,2005-2017
hardyla01,Larry Hardy,1974-1976
hardypa01,Paul Hardy,1932-1943
hardyre01,Red Hardy,1951-1951
hardywa01,Walter Hardy,1944-1948
harenda01,Dan Haren,2003-2015
haresh01,Shawn Hare,1991-1995
hargast01,Steve Hargan,1965-1977
hargeal01,Alan Hargesheimer,1980-1986
hargiga01,Gary Hargis,1979-1979
hargrbu01,Bubbles Hargrave,1913-1930
hargrch01,Charlie Hargreaves,1923-1930
hargrmi01,Mike Hargrove,1974-1985
hargrpi01,Pinky Hargrave,1923-1933
harikti01,Tim Harikkala,1995-2007
harkemi01,Mike Harkey,1988-1997
harkijo01,John Harkins,1884-1888
harknsp01,Spec Harkness,1910-1911
harknti01,Tim Harkness,1961-1964
harledi01,Dick Harley,1897-1903
harledi02,Dick Harley,1905-1905
harlola01,Larry Harlow,1975-1981
harmabi01,Bill Harman,1941-1941
harmabr01,Brad Harman,2008-2008
harmobo01,Bob Harmon,1909-1918
harmoch01,Chuck Harmon,1954-1957
harmote01,Terry Harmon,1967-1977
harnege01,George Harney,1923-1931
harnipe01,Pete Harnisch,1988-2001
harpe04,Harper,1945-1945
harpebi01,Bill Harper,1911-1911
harpebr01,Brian Harper,1979-1995
harpebr02,Brandon Harper,2006-2006
harpebr03,Bryce Harper,2012-2025
harpech01,Chick Harper,1920-1925
harpeda01,Dave Harper,1943-1945
harpege01,George Harper,1894-1896
harpege02,George Harper,1916-1929
harpeha01,Harry Harper,1913-1923
harpeja01,Jack Harper,1899-1906
harpeja02,Jack Harper,1915-1915
harpejo01,John Harper,1923-1925
harpery01,Ryne Harper,2019-2021
harpete01,Terry Harper,1980-1987
harpeto01,Tommy Harper,1962-1976
harpetr01,Travis Harper,2000-2006
harpewa01,Walter Harper,1929-1931
harrato01,Toby Harrah,1969-1986
harrebi01,Billy Harrell,1955-1961
harrebi02,Bill Harrelson,1968-1968
harrebu01,Bud Harrelson,1965-1980
harrejo01,John Harrell,1969-1969
harreke01,Ken Harrelson,1963-1971
harrelu01,Lucas Harrell,2010-2017
harrera01,Ray Harrell,1935-1945
harresl01,Slim Harrell,1912-1912
harri11,Harrington,1944-1944
harri12,Harris,1947-1947
harrian01,Andy Harrington,1913-1913
harrian02,Andy Harrington,1925-1925
harrian03,Andy Harris,1926-1927
harribe01,Leo Harrison,1901-1901
harribe02,Ben Harris,1914-1915
harribe03,Ben Harris,1921-1921
harribi01,Bill Harris,1923-1938
harribi02,Bill Harrington,1953-1956
harribi03,Bill Harris,1957-1959
harribi04,Billy Harris,1968-1969
harribi05,Bill Harris,1929-1931
harribi06,Bill Harris,1931-1937
harribo01,Bob Harris,1938-1942
harribo02,Bob Harrison,1955-1956
harribr01,Brendan Harris,2004-2013
harribr02,Brett Harris,2024-2024
harribu01,Bucky Harris,1919-1931
harribu02,Bubba Harris,1948-1951
harribu03,Buddy Harris,1970-1971
harrica01,Alonzo Harris,1967-1967
harrich01,Charlie Harris,1899-1899
harrich02,Chuck Harrison,1965-1971
harrich03,Charlie Harris,1943-1943
harricu01,Curtis Harris,1932-1940
harrida01,Dave Harris,1925-1934
harride01,Denny Harriger,1998-1998
harrido01,Donald Harris,1991-1993
harridu01,Dustin Harris,2024-2025
harriea01,Earl Harrist,1945-1953
harriea02,Earl Harrison,1927-1930
harrifr01,James Harris,1884-1884
harriga01,Gail Harris,1955-1960
harrige01,Gene Harris,1989-1995
harrige02,George Harris,1932-1932
harrigr01,Greg Harris,1981-1995
harrigr02,Greg Harris,1988-1995
harrihe01,Herb Harris,1936-1936
harrihe02,Henry Harris,1928-1932
harriho01,Horace Harris,1932-1932
harriho02,Hobie Harris,2023-2023
harriho03,Hogan Harris,2023-2025
harrije01,Jerry Harrington,1890-1893
harrije02,Jeff Harris,2005-2006
harrijo01,Joe Harrington,1895-1896
harrijo02,Joe Harris,1905-1907
harrijo03,Joe Harris,1914-1928
harrijo04,John Harris,1979-1981
harrijo05,Josh Harrison,2011-2023
harriky01,Kyle Harrison,2023-2024
harrile01,Lenny Harris,1988-2005
harrile02,Lefty Harris,1940-1940
harrilu01,Lum Harris,1941-1947
harrima01,Matt Harrison,2008-2015
harrimi01,Mickey Harris,1940-1952
harrimi02,Mickey Harrington,1963-1963
harrimi03,Mitch Harris,2015-2015
harrimi04,Michael Harris II,2022-2025
harrimo01,Monte Harrison,2020-2022
harrimo02,Mo Harris,1929-1929
harrine01,Ned Harris,1941-1946
harripe01,Pep Harris,1996-1998
harrire01,Reggie Harris,1990-1999
harriri01,Rit Harrison,1875-1875
harriro01,Roric Harrison,1972-1978
harriro02,Roger Harris,1942-1942
harrisa01,Sammy Harris,1932-1932
harrisl01,Slim Harriss,1920-1928
harriso01,Sonny Harris,1934-1942
harrisp01,Spence Harris,1925-1930
harrito01,Tom Harrison,1965-1965
harrito02,Tommy Harris,1946-1948
harrito03,Tom Harrington,2025-2025
harrive01,Vernon Harrison,1939-1939
harrivi01,Vic Harris,1972-1980
harrivi02,Vic Harris,1922-1947
harriwi02,Willie Harris,2001-2012
harriwi10,Will Harris,2012-2021
harriwi11,Wilmer Harris,1945-1948
harshja01,Jack Harshman,1948-1960
harshsa01,Sam Harshaney,1937-1940
harstos01,Oscar Harstad,1915-1915
hartbi01,Bill Hart,1886-1901
hartbi02,Billy Hart,1890-1890
hartbi03,Bill Hart,1943-1945
hartbo01,Bo Hart,2003-2004
hartbu01,Jimmy Hart,1901-1901
hartco01,Corey Hart,2004-2015
hartdo01,Donnie Hart,2016-2019
hartech01,Chuck Hartenstein,1965-1977
hartefr01,Frank Harter,1912-1914
hartfbr01,Bruce Hartford,1914-1914
hartgde01,Dean Hartgraves,1995-1998
harthu01,Hub Hart,1905-1907
hartja01,Jason Hart,2002-2002
hartjch01,Chris Hartje,1939-1939
hartji01,Jim Ray Hart,1963-1974
hartke01,Kevin Hart,2007-2009
hartky01,Kyle Hart,2020-2025
hartlch01,Chick Hartley,1902-1902
hartlge01,Geoff Hartlieb,2019-2024
hartlgr01,Grover Hartley,1911-1934
hartlmi01,Mike Hartley,1989-1995
hartmbo01,Bob Hartman,1959-1962
hartmch01,Charlie Hartman,1908-1908
hartmfr01,Fred Hartman,1894-1902
hartmga01,Garrell Hartman,1944-1944
hartmi01,Mike Hart,1980-1980
hartmi02,Mike Hart,1984-1987
hartmj_01,J C Hartman,1962-1963
hartmry01,Ryan Hartman,2021-2021
hartnga01,Gabby Hartnett,1922-1941
hartnpa01,Pat Hartnett,1890-1890
hartrra01,Ray Hartranft,1913-1913
hartsgr01,Greg Harts,1973-1973
hartsje01,Jeff Hartsock,1992-1992
hartsro01,Roy Hartsfield,1950-1952
hartsto01,Topsy Hartsel,1898-1911
hartto01,Tom Hart,1891-1891
hartucl01,Clint Hartung,1947-1952
hartw01,Hartwell,1947-1947
hartwgr01,Grant Hartwig,2023-2024
hartzpa01,Paul Hartzell,1976-1984
hartzro01,Roy Hartzell,1906-1916
harvean01,Andy Harvey,1937-1938
harvebi01,Bill Harvey,1932-1946
harvebo01,Bob Harvey,1943-1948
harvebr01,Bryan Harvey,1987-1995
harvehu01,Hunter Harvey,2019-2025
harvejo01,Joe Harvey,2019-2020
harveke01,Ken Harvey,2001-2005
harvelu01,Luther Harvel,1928-1928
harvema01,Matt Harvey,2012-2021
harveza01,Zaza Harvey,1900-1902
harvich01,Chad Harville,1999-2006
hasbrzi01,Ziggy Hasbrook,1916-1917
hasegsh01,Shigetoshi Hasegawa,1997-2005
haselad01,Adam Haseley,2019-2023
haselbi01,Bill Haselman,1990-2003
hasendo01,Don Hasenmayer,1945-1946
hashhe01,Herb Hash,1940-1941
haslimi01,Mickey Haslin,1933-1938
hasnepe01,Pete Hasney,1890-1890
hassaal01,Alex Hassan,2014-2014
hassabi01,Bill Hassamaer,1894-1896
hassebu01,Buddy Hassett,1936-1942
hassero01,Ron Hassey,1978-1991
hasslan01,Andy Hassler,1971-1985
hassljo01,Joe Hassler,1928-1930
hassoge01,Gene Hasson,1937-1938
hasti02,Hastings,1928-1928
hastich01,Charlie Hastings,1893-1898
hastisc01,Scott Hastings,1871-1877
hastybo01,Bob Hasty,1919-1924
hatchbi01,Billy Hatcher,1984-1995
hatchch01,Chris Hatcher,1998-1998
hatchch02,Chris Hatcher,2010-2018
hatchmi01,Mickey Hatcher,1979-1990
hatchto01,Thomas Hatch,2020-2023
hatfifr01,Fred Hatfield,1950-1958
hatfigi01,Gil Hatfield,1885-1895
hatfijo01,John Hatfield,1871-1876
hathahi01,Hilly Hathaway,1992-1993
hathara01,Ray Hathaway,1945-1945
hathast01,Steve Hathaway,2016-2016
hatlema01,Marcus Hatley,2015-2015
hattecl01,Clyde Hatter,1935-1937
hattejo01,Joe Hatten,1946-1952
hatteru01,Rufus Hatten,1942-1946
hattesc01,Scott Hatteberg,1995-2008
hattijo01,John Hattig,2006-2006
hattogr01,Grady Hatton,1946-1960
haugear01,Arthur Hauger,1912-1912
haughch01,Chris Haughey,1943-1943
haughga01,Gary Haught,1997-1997
haugsph01,Phil Haugstad,1947-1952
hauscmi01,Mike Hauschild,2017-2018
hausear01,Arnold Hauser,1910-1915
hausejo01,Joe Hauser,1922-1929
hausmcl01,Clem Hausmann,1944-1949
hausmge01,George Hausmann,1944-1949
hausmto01,Tom Hausman,1975-1982
hautzch01,Charlie Hautz,1875-1884
havenbr01,Brad Havens,1981-1989
hawblry01,Ryan Hawblitzel,1996-1996
hawesbi01,Bill Hawes,1879-1884
hawesro01,Roy Hawes,1951-1951
hawkebi01,Bill Hawke,1892-1894
hawked01,Ed Hawk,1911-1911
hawketh01,Thorny Hawkes,1879-1884
hawkian01,Andy Hawkins,1982-1991
hawkijo01,John Hawkins,1940-1940
hawkila01,LaTroy Hawkins,1995-2015
hawkile01,Lemuel Hawkins,1921-1928
hawkiro01,Robert Hawkins,1938-1938
hawkiwy01,Wynn Hawkins,1960-1962
hawksbl01,Blake Hawksworth,2009-2011
hawksch01,Chicken Hawks,1921-1925
hawlepi01,Pink Hawley,1892-1901
hawlesc01,Marvin Hawley,1894-1894
haworho01,Howie Haworth,1915-1915
hawpebr01,Brad Hawpe,2004-2013
hay03,Hay,1920-1920
haydeha01,Hal Haydel,1970-1971
haydeja01,Jack Hayden,1901-1908
haydele01,Gene Hayden,1958-1958
hayes03,Hayes,1928-1928
hayes04,Hayes,1938-1938
hayesbe01,Ben Hayes,1982-1983
hayesbi01,Bill Hayes,1980-1981
hayesbr01,Brett Hayes,2009-2015
hayesbu01,Buddy Hayes,1923-1923
hayesbu02,Bun Hayes,1928-1935
hayesch01,Charlie Hayes,1988-2001
hayesch02,Charley Hayes,1938-1940
hayesdr01,Drew Hayes,2016-2016
hayesfr01,Frankie Hayes,1933-1947
hayesja01,Jackie Hayes,1882-1890
hayesja02,Jackie Hayes,1927-1940
hayesji01,Jim Hayes,1935-1935
hayesjo01,Johnny Hayes,1934-1948
hayeske01,Ke'Bryan Hayes,2020-2025
hayesmi01,John Hayes,1876-1876
hayesvo01,Von Hayes,1981-1992
hayhudi01,Dirk Hayhurst,2008-2009
hayne02,Haynes,1936-1936
haynees01,Esco Haynes,1922-1924
haynehe01,Heath Haynes,1994-1994
hayneja01,Jim Haynes,1946-1946
hayneji01,Jimmy Haynes,1995-2004
haynejo01,Joe Haynes,1939-1952
haynele01,Leroy Haynes,1939-1939
haynena01,Nathan Haynes,2007-2008
haynesa01,Sammy Haynes,1943-1945
haynewi01,Willie Haynes,1920-1932
haysau01,Austin Hays,2017-2025
hayslcl01,Claude Hayslett,1937-1941
haywara01,Ray Hayward,1986-1988
haywobi01,Bill Haywood,1968-1968
haywobu01,Buster Haywood,1940-1948
haywora01,Ray Hayworth,1926-1945
haywore01,Red Hayworth,1944-1945
hazelje01,Jeremy Hazelbaker,2016-2017
hazewdr01,Drungo Hazewood,1980-1980
hazlebo01,Bob Hazle,1955-1958
hazledo01,Doc Hazelton,1902-1902
headed01,Ed Head,1940-1946
headje01,Jerad Head,2011-2011
headlch01,Chase Headley,2007-2018
headlo01,Louis Head,2021-2022
headra01,Ralph Head,1923-1923
headrbr01,Brent Headrick,2023-2025
healeto01,Tom Healey,1878-1878
healyfr01,Francis Healy,1930-1934
healyfr02,Fran Healy,1969-1978
healyjo01,Egyptian Healy,1885-1892
healyry01,Ryon Healy,2016-2020
healyth01,Thomas Healy,1915-1916
heanean01,Andrew Heaney,2014-2025
heardch01,Charlie Heard,1890-1890
heardja01,Jay Heard,1946-1954
hearnbu01,Bunny Hearn,1910-1920
hearnbu02,Bunny Hearn,1926-1929
hearned01,Ed Hearne,1910-1910
hearned02,Ed Hearn,1986-1988
hearnhu01,Hughie Hearne,1901-1903
hearnji01,Jim Hearn,1947-1959
hearnta01,Taylor Hearn,2019-2023
hearrje01,Jeff Hearron,1985-1986
heasljo01,Jonathan Heasley,2021-2024
heath04,Heath,1922-1922
heathbi01,Bill Heath,1965-1969
heathcl01,Cliff Heathcote,1918-1932
heathde01,Deunte Heath,2012-2013
heathje01,Jeff Heath,1936-1949
heathje02,Jeff Heathcock,1983-1988
heathke01,Kelly Heath,1982-1982
heathmi01,Mickey Heath,1931-1932
heathmi02,Mike Heath,1978-1991
heathmi03,Mike Heathcott,1998-1998
heathni01,Nick Heath,2020-2021
heathsl01,Slade Heathcott,2015-2015
heathsp01,Spencer Heath,1920-1920
heathto01,Tommy Heath,1935-1938
heatone01,Neal Heaton,1982-1993
heaveda01,Dave Heaverlo,1975-1981
heberwa01,Wally Hebert,1931-1943
hebneri01,Richie Hebner,1968-1985
hebsobr01,Bryan Hebson,2003-2003
hechaad01,Adeiny Hechavarría,2012-2020
hechimi01,Mike Hechinger,1912-1913
heckegu01,Guy Hecker,1882-1890
hedgeau01,Austin Hedges,2015-2025
hedgpha01,Harry Hedgpeth,1913-1913
hedlumi01,Mike Hedlund,1965-1972
heepda01,Danny Heep,1979-1991
heffebe01,Bert Heffernan,1992-1992
heffnbo01,Bob Heffner,1963-1968
heffndo01,Don Heffner,1934-1944
heflibr01,Bronson Heflin,1996-1996
heflira01,Randy Heflin,1945-1946
hefnear01,Art Hefner,1948-1948
hefneje01,Jeremy Hefner,2012-2013
heganji01,Jim Hegan,1941-1960
heganmi01,Mike Hegan,1964-1977
hegmabo01,Bob Hegman,1985-1985
hehlja01,Jake Hehl,1918-1918
heideja01,Jack Heidemann,1969-1977
heidrem01,Emmet Heidrick,1898-1908
heifefr01,Frank Heifer,1875-1875
heilech01,John Heileman,1901-1901
heilmaa01,Aaron Heilman,2003-2011
heilmha01,Harry Heilmann,1914-1932
heimafr01,Fred Heimach,1920-1933
heimjo01,Jonah Heim,2020-2025
heimugo01,Gorman Heimueller,1983-1984
heimva01,Val Heim,1942-1942
heinebu01,Bud Heine,1921-1921
heinesc01,Scott Heineman,2019-2021
heinety01,Tyler Heineman,2019-2025
heinkdo01,Don Heinkel,1988-1989
heintch01,Chris Heintz,2005-2007
heintke01,Ken Heintzelman,1937-1952
heintto01,Tom Heintzelman,1973-1978
heinzja01,Jack Heinzman,1886-1886
heisebo01,Bob Heise,1967-1977
heisech01,Chris Heisey,2010-2017
heisecl01,Clarence Heise,1934-1934
heiseji01,Jim Heise,1957-1957
heiseri01,Rick Heiserman,1999-1999
heisero01,Roy Heiser,1961-1961
heismcr01,Crese Heismann,1901-1902
heistal01,Al Heist,1960-1962
heitmha01,Harry Heitmann,1918-1918
heitmhe01,Heinie Heitmuller,1909-1910
heldme01,Mel Held,1956-1956
heldwo01,Woodie Held,1954-1969
helfaer01,Eric Helfand,1993-1995
helfha01,Hank Helf,1938-1946
helfrty01,Ty Helfrich,1915-1915
hellebe01,Ben Heller,2016-2024
hellema01,Mack Heller,1932-1932
helli01,Hellings,1875-1875
hellije01,Jeremy Hellickson,2010-2019
helliri01,Rick Helling,1994-2006
hellmto01,Tony Hellman,1886-1886
hellwjo01,Johnny Hellweg,2013-2013
helmami01,Michael Helman,2024-2024
helmbho01,Horace Helmbold,1890-1890
helmsto01,Tommy Helms,1964-1977
helmswe01,Wes Helms,1998-2011
helslry01,Ryan Helsley,2019-2025
heltoto01,Todd Helton,1997-2013
heltzhe01,Heinie Heltzel,1943-1944
hemanru01,Russ Heman,1961-1961
hembrhe01,Heath Hembree,2013-2023
hemined01,Ed Hemingway,1914-1918
hemmige01,George Hemming,1890-1897
hemonsc01,Scott Hemond,1989-1995
hempdu01,Ducky Hemp,1887-1890
hemphbr01,Bret Hemphill,1999-1999
hemphch01,Charlie Hemphill,1899-1911
hemphfr01,Frank Hemphill,1906-1909
hemslro01,Rollie Hemsley,1928-1947
hemusso01,Solly Hemus,1949-1959
hende02,Henderson,1927-1927
hende03,Henderson,1931-1931
hende04,Henderson,1938-1938
hende05,Henderson,1947-1947
hende06,Henderson,1948-1948
hendebe01,Bernie Henderson,1921-1921
hendebe02,Ben Henderson,1937-1937
hendebi01,Bill Henderson,1930-1930
hendebu01,Bunk Henderson,1925-1925
hendecu01,Curtis Henderson,1936-1946
hendeda01,Dave Henderson,1981-1994
hendeed01,Ed Henderson,1914-1914
hendegu01,Gunnar Henderson,2022-2025
hendeha01,Hardie Henderson,1883-1888
hendehe01,Henry Henderson,1932-1932
hendeji01,Jim Henderson,2012-2016
hendejo01,Joe Henderson,1974-1977
hendeke01,Ken Henderson,1965-1980
hendele01,Leonard Henderson,1930-1932
hendele02,Les Henderson,1944-1944
hendera01,Rats Henderson,1923-1931
henderi01,Rickey Henderson,1979-2003
hendero01,Rod Henderson,1994-1998
henderu01,Rube Henderson,1921-1922
hendest01,Steve Henderson,1977-1988
hendlbo01,Bob Hendley,1961-1967
hendrbe01,Ben Hendrickson,2004-2006
hendrcl01,Claude Hendrix,1911-1920
hendrdo01,Don Hendrickson,1945-1946
hendred01,Ed Hendricks,1910-1910
hendrel01,Elrod Hendricks,1968-1979
hendrge01,George Hendrick,1971-1988
hendrha01,Harvey Hendrick,1923-1934
hendrja01,Jack Hendricks,1902-1903
hendrky01,Kyle Hendricks,2014-2025
hendrli01,Liam Hendriks,2011-2023
hendrma01,Mark Hendrickson,2002-2011
hendrry01,Ryan Hendrix,2021-2022
hendrti01,Tim Hendryx,1911-1921
hengeda01,Dave Hengel,1986-1989
henglmo01,Moxie Hengel,1884-1885
heniola01,Lafayette Henion,1919-1919
henketo01,Tom Henke,1982-1995
henlebl01,Blair Henley,2024-2024
henlebo01,Bob Henley,1998-1998
henlega01,Gail Henley,1954-1954
henlewe01,Weldon Henley,1903-1907
henlibu01,Butch Henline,1921-1931
hennebr01,Brad Hennessey,2004-2008
hennege01,George Hennessey,1937-1945
hennele01,Les Hennessy,1913-1913
hennemi01,Mike Henneman,1987-1996
hennipe01,Pete Henning,1914-1915
henniph01,Phil Hennigan,1969-1973
hennira01,Randy Hennis,1990-1990
henniri01,Rick Henninger,1973-1973
hennse01,Sean Henn,2005-2013
henribo01,Bobby Henrich,1957-1959
henried01,Edgardo Henriquez,2024-2024
henrifr01,Fritz Henrich,1924-1924
henriol01,Olaf Henriksen,1911-1917
henrios01,Óscar Henríquez,1997-2002
henriro01,Ronny Henriquez,2022-2025
henrito01,Tommy Henrich,1937-1950
henrybi01,Bill Henry,1952-1969
henrybi02,Bill Henry,1966-1966
henrybu01,Butch Henry,1992-1999
henrych01,Charlie Henry,1924-1929
henryco01,Cole Henry,2025-2025
henrydo01,Doug Henry,1991-2001
henrydu01,Dutch Henry,1921-1930
henrydw01,Dwayne Henry,1984-1995
henryea01,Earl Henry,1944-1945
henryge01,George Henry,1893-1893
henryji01,Jim Henry,1936-1939
henryjo01,John Henry,1884-1890
henryjo02,John Henry,1910-1918
henryot01,Otis Henry,1932-1937
henrypa01,Payton Henry,2021-2022
henrypr01,Preacher Henry,1938-1948
henryro01,Ron Henry,1961-1964
henrysn01,Snake Henry,1922-1923
henryto01,Tommy Henry,2022-2024
henshro01,Roy Henshaw,1933-1944
hensiph01,Phil Hensiek,1935-1935
henslch01,Chuck Hensley,1986-1986
henslcl01,Clay Hensley,2005-2012
henslda01,David Hensley,2022-2024
hensllo01,Logan Hensley,1922-1939
henslma01,Matt Hensley,2004-2004
hensodr01,Drew Henson,2002-2003
hentgpa01,Pat Hentgen,1991-2004
hentgsa01,Sam Hentges,2021-2024
heplebi01,Bill Hepler,1966-1966
herbeer01,Ernie Herbert,1913-1915
herbefr01,Fred Herbert,1915-1915
herbera01,Ray Herbert,1950-1966
herbero01,Ron Herbel,1963-1971
heredfe01,Félix Heredia,1996-2005
heredgi01,Gil Heredia,1991-2001
heredgu01,Guillermo Heredia,2016-2022
heredra01,Ramón Heredía,1939-1941
heredub01,Ubaldo Heredia,1987-1987
heredwi01,Wilson Heredia,1995-1997
hergeji01,Jimmy Herget,2019-2025
hergeke01,Kevin Herget,2022-2024
hergema01,Matt Herges,1999-2009
hermaal01,Al Hermann,1923-1924
hermaal02,Alex Herman,1932-1932
hermaar01,Art Herman,1896-1897
hermaba01,Babe Herman,1926-1945
hermabi01,Billy Herman,1931-1947
hermach01,Chad Hermansen,1999-2004
hermadu01,Dustin Hermanson,1995-2006
hermage01,Gene Hermanski,1943-1953
hermije01,Jeremy Hermida,2005-2012
hermomi01,Michael Hermosillo,2018-2022
hermore01,Remy Hermoso,1967-1974
hernaad01,Adrián Hernández,2001-2004
hernaal01,Alex Hernández,2000-2001
hernaal02,Alberto Hernández,1941-1941
hernaan01,Anderson Hernández,2005-2010
hernaar01,Ariel Hernández,2017-2017
hernaca01,Carlos Hernández,1990-2000
hernaca02,Carlos Hernández,1999-2000
hernaca03,Carlos Hernández,2001-2004
hernaca04,Carlos Hernández,2020-2025
hernace01,César Hernández,1992-1993
hernace02,César Hernández,2013-2022
hernach01,Chico Hernández,1942-1943
hernach02,Cheo Hernández,1920-1920
hernada01,David Hernandez,2009-2019
hernada02,Darwinzon Hernández,2019-2022
hernada03,Daysbel Hernández,2023-2025
hernada04,Darell Hernaiz,2024-2024
hernadi01,Diory Hernández,2009-2011
hernael01,Elieser Hernández,2018-2024
hernael02,Elier Hernandez,2022-2022
hernaen01,Enzo Hernández,1971-1978
hernaen02,Enrique Hernández,2014-2025
hernaev01,Evelio Hernández,1956-1957
hernafe01,Fernando Hernández,1997-1997
hernafe02,Félix Hernández,2005-2019
hernafe03,Fernando Hernández,2008-2008
hernago01,Gorkys Hernández,2012-2019
hernaja01,Jackie Hernández,1965-1973
hernaje01,Jesús Hernáiz,1974-1974
hernaje02,Jeremy Hernandez,1991-1995
hernajo01,José Hernández,1991-2006
hernajo02,Jonathan Hernández,2019-2024
hernajo03,Jose Hernandez,2023-2024
hernake01,Keith Hernandez,1974-1990
hernale01,Leo Hernández,1982-1986
hernali01,Liván Hernández,1996-2012
hernalu01,Luis Hernández,2007-2012
hernama01,Manny Hernández,1986-1989
hernama02,Marco Hernández,2016-2019
hernami01,Michel Hernández,2003-2009
hernani01,Nick Hernandez,2023-2024
hernaor01,Orlando Hernández,1998-2007
hernaos01,Óscar Hernández,2015-2020
hernape01,Pete Hernández,1979-1982
hernape02,Pedro Hernández,2012-2014
hernara01,Ramón Hernández,1967-1977
hernara02,Ramón Hernández,1999-2013
hernara03,Ramón Hernández,1929-1930
hernaro01,Roberto Hernández,1991-2007
hernaru01,Rudy Hernández,1960-1961
hernaru02,Rudy Hernández,1972-1972
hernaru03,Runelvys Hernández,2002-2008
hernate01,Teoscar Hernández,2016-2025
hernato01,Toby Hernández,1984-1984
hernawi01,Willie Hernández,1977-1989
hernaxa01,Xavier Hernandez,1989-1998
hernaya01,Yadiel Hernández,2020-2022
hernayo01,Yoel Hernández,2007-2007
hernayo02,Yonny Hernández,2021-2023
herndda01,David Herndon,2010-2012
herndju01,Junior Herndon,2001-2001
herndla01,Larry Herndon,1974-1988
hernoto01,Tom Hernon,1897-1897
herreal01,Alex Herrera,2002-2003
herrebo01,Bobby Herrera,1951-1951
herred01,Joseph Herr,1887-1890
herreda01,Danny Herrera,2008-2011
herredi01,Dilson Herrera,2014-2020
herreel01,Elián Herrera,2012-2015
herreiv01,Iván Herrera,2022-2025
herrejo01,José Herrera,1967-1970
herrejo02,José Herrera,1995-1996
herrejo03,Jonathan Herrera,2008-2015
herrejo04,José Herrera,2022-2025
herreke01,Kelvin Herrera,2011-2020
herremi01,Mike Herrera,1920-1928
herreod01,Odúbel Herrera,2015-2022
herrepa01,Pancho Herrera,1958-1961
herrero01,Ronald Herrera,2017-2017
herrero02,Rosell Herrera,2018-2019
herrewa01,Walt Herrell,1911-1911
herreyo01,Yoslán Herrera,2008-2014
herriar01,Art Herring,1929-1947
herribi01,Bill Herring,1915-1915
herrihe01,Herb Herring,1912-1912
herrile01,Lefty Herring,1899-1904
herrimo01,Mose Herring,1920-1920
herriti01,Tim Herrin,2023-2025
herrito01,Tom Herrin,1954-1954
herritr01,Troy Herriage,1956-1956
herrmch01,Chris Herrmann,2012-2019
herrmed01,Ed Herrmann,1967-1978
herrmfr01,Frank Herrmann,2010-2016
herrmle01,Leroy Herrmann,1932-1935
herrmma01,Marty Herrmann,1918-1918
herrnjo01,John Herrnstein,1962-1966
herrsri01,Rick Herrscher,1962-1962
herrto01,Tom Herr,1979-1991
hershea01,Earl Hersh,1956-1956
hershfr01,Frank Hershey,1905-1905
hershmi01,Mike Hershberger,1961-1971
hershor01,Orel Hershiser,1983-2000
hershwi01,Willard Hershberger,1938-1940
hertwne01,Neal Hertweck,1952-1952
hertzst01,Steve Hertz,1964-1964
herzdj01,DJ Herz,2024-2024
herzobu01,Buck Herzog,1908-1920
herzowh01,Whitey Herzog,1956-1963
heskejo01,Joe Hesketh,1984-1994
hessda01,David Hess,2018-2021
hessege01,George Hesselbacher,1916-1916
hesslke01,Keith Hessler,2015-2016
hessmmi01,Mike Hessman,2003-2010
hessot01,Otto Hess,1902-1915
hessto01,Tom Hess,1892-1892
hestejo01,John Hester,2009-2013
hestela01,Larry Hesterfer,1901-1901
hestoch01,Chris Heston,2014-2017
hetkijo01,Johnny Hetki,1945-1954
hetligu01,Gus Hetling,1906-1906
hetzeer01,Eric Hetzel,1989-1990
heubege01,George Heubel,1871-1876
heuerco01,Codi Heuer,2020-2021
heussed01,Ed Heusser,1935-1948
hevinjo01,Johnnie Heving,1920-1932
hevinjo02,Joe Heving,1930-1945
hewitja01,Jake Hewitt,1895-1895
hewitjo01,Joe Hewitt,1920-1932
heydegr01,Greg Heydeman,1973-1973
heydomi01,Mike Heydon,1898-1907
heynejo01,Fred Hayner,1890-1890
heywaja01,Jason Heyward,2010-2025
heywoch01,Charles Heywood,1925-1926
hiattja01,Jack Hiatt,1964-1972
hiattph01,Phil Hiatt,1993-2001
hibbagr01,Greg Hibbard,1989-1994
hibbajo01,John Hibbard,1884-1884
hibbsji01,Jim Hibbs,1967-1967
hickebr01,Bryan Hickerson,1991-1995
hickeed01,Eddie Hickey,1901-1901
hickeja01,Jack Hickey,1904-1904
hickeji01,Jim Hickey,1942-1944
hickeke01,Kevin Hickey,1981-1991
hickemi01,Mike Hickey,1899-1899
hicklbr01,Brewer Hicklen,2022-2024
hickmch01,Charlie Hickman,1897-1908
hickmer01,Ernie Hickman,1884-1884
hickmje01,Jesse Hickman,1965-1966
hickmji01,Jim Hickman,1915-1919
hickmji02,Jim Hickman,1962-1974
hicksaa01,Aaron Hicks,2013-2024
hicksal01,Alonzo Hicks,1947-1947
hicksbr01,Brandon Hicks,2010-2014
hicksbu01,Buddy Hicks,1956-1956
hicksfr01,Fred Hicks,1920-1920
hicksji01,Jim Hicks,1964-1970
hicksji02,Jimmy Hicks,1940-1941
hicksjo01,Joe Hicks,1959-1963
hicksjo02,John Hicks,2015-2021
hicksjo03,Jordan Hicks,2018-2025
hicksli01,Liam Hicks,2025-2025
hicksna01,Nat Hicks,1872-1877
hickswe01,Wesley Hicks,1927-1928
hidalri01,Richard Hidalgo,1997-2005
hietpjo01,Joe Hietpas,2004-2004
higasky01,Kyle Higashioka,2017-2025
higbeki01,Kirby Higbe,1937-1950
higbema01,Mahlon Higbee,1922-1922
higby01,Higby,1872-1872
higdoba01,Barney Higdon,1943-1943
higdobi01,Bill Higdon,1949-1949
higgibi01,Bill Higgins,1888-1890
higgibo01,Bob Higgins,1909-1912
higgibo02,Bobby Higginson,1995-2005
higgide01,Dennis Higgins,1966-1972
higgied01,Eddie Higgins,1909-1910
higgiir01,Irv Higginbotham,1906-1909
higgike01,Kevin Higgins,1993-1993
higgima01,Mark Higgins,1989-1989
higgipi01,Pinky Higgins,1930-1946
higgipj01,P.J. Higgins,2021-2022
highadi01,Dick Higham,1871-1880
highan01,Andy High,1922-1934
highch01,Charlie High,1919-1920
highed01,Ed High,1901-1901
highhu01,Hugh High,1913-1918
higuete01,Teddy Higuera,1985-1994
hilanjo01,John Hiland,1885-1885
hilchwh01,Walter Hilcher,1931-1936
hilde01,Hillebrand,1902-1902
hildege01,George Hildebrand,1902-1902
hildeor01,Oral Hildebrand,1931-1940
hildepa01,Palmer Hildebrand,1913-1913
hildetr01,Trevor Hildenberger,2017-2021
hilgeto01,Tom Hilgendorf,1969-1975
hiljuer01,Erik Hiljus,1999-2002
hill03,Hill,1920-1920
hillaa01,Aaron Hill,2005-2017
hillbe01,Belden Hill,1890-1890
hillbe02,Ben Hill,1939-1944
hillbi01,Bill Hill,1896-1899
hillbo01,Bobby Hill,2002-2005
hillca01,Carmen Hill,1915-1930
hillca02,Cam Hill,2020-2020
hillch01,Charley Hill,1920-1924
hillda01,Dave Hill,1957-1957
hillde01,Derek Hill,2020-2025
hilldo01,Donnie Hill,1983-1992
hillech01,Chuck Hiller,1961-1968
hilleed01,Ed Hilley,1903-1903
hillefr01,Frank Hiller,1946-1953
hilleho01,Homer Hillebrand,1905-1908
hilleho02,Hob Hiller,1920-1921
hillejo01,John Hiller,1965-1980
hillesh01,Shawn Hillegas,1987-1993
hillesh02,Shea Hillenbrand,2001-2007
hillfr01,Fred Hill,1923-1923
hillga01,Garry Hill,1969-1969
hillga02,Garrett Hill,2022-2023
hillgl01,Glenallen Hill,1989-2001
hillhe01,Herbert Hill,1915-1915
hillhe02,Herman Hill,1969-1970
hillhu01,Hunter Hill,1903-1905
hillhu02,Hugh Hill,1903-1904
hillima01,Mack Hillis,1924-1928
hillisa01,Sam Hilliard,2019-2024
hillja01,Jaden Hill,2024-2024
hillje01,Jesse Hill,1935-1937
hillje02,Jeremy Hill,2002-2003
hillji01,Jimmy Hill,1938-1945
hilljo01,Johnson Hill,1921-1927
hilljo02,Jonathan Hill,1937-1937
hillke01,Ken Hill,1988-2001
hillko01,Koyie Hill,2003-2014
hillle01,Lee Hill,1920-1920
hillma01,Marc Hill,1973-1986
hillmda01,Dave Hillman,1955-1962
hillmer01,Eric Hillman,1992-1994
hillmi01,Milt Hill,1991-1994
hillol01,Oliver Hill,1939-1939
hillpe99,Pete Hill,1920-1925
hillre01,Cliff Hill,1917-1917
hillri01,Rich Hill,2005-2024
hillsa01,Sam Hill,1946-1948
hillsh01,Shawn Hill,2004-2012
hillst01,Steven Hill,2010-2012
hillta01,Taylor Hill,2014-2015
hillti01,Tim Hill,2018-2025
hillypa01,Pat Hilly,1914-1914
hilsech01,Charlie Hilsey,1883-1884
hiltoda01,Dave Hilton,1972-1975
hiltoho01,Howard Hilton,1990-1990
himesja01,Jack Himes,1905-1906
hinchbi01,Bill Hinchman,1905-1920
hinchbr01,Brett Hinchliffe,1999-2001
hinchha01,Harry Hinchman,1907-1907
hinckmi01,Mike Hinckley,2008-2009
hindsre01,Rece Hinds,2024-2024
hindssa01,Sam Hinds,1977-1977
hineshu01,Hunkey Hines,1895-1895
hinesjo01,John Hines,1924-1934
hinesmi01,Mike Hines,1883-1888
hinespa01,Paul Hines,1872-1891
hinklgo01,Gordie Hinkle,1934-1934
hinojda01,Dalier Hinojosa,2015-2016
hinridu01,Dutch Hinrichs,1910-1910
hinripa01,Paul Hinrichs,1951-1951
hinshal01,Alex Hinshaw,2008-2012
hinshge01,George Hinshaw,1982-1983
hinsker01,Eric Hinske,2002-2013
hinslje01,Jerry Hinsley,1964-1967
hinsopa01,Paul Hinson,1928-1928
hintoar01,Archie Hinton,1945-1946
hintoch01,Chuck Hinton,1961-1971
hintojo01,John Hinton,1901-1901
hintori01,Rich Hinton,1971-1979
hinzoto01,Tommy Hinzo,1987-1989
hippahe01,Herb Hippauf,1966-1966
hiranyo01,Yoshihisa Hirano,2018-2020
hirshja01,Jason Hirsh,2006-2008
hiserge01,Gene Hiser,1971-1975
hislela01,Larry Hisle,1968-1982
hisneha01,Harley Hisner,1951-1951
hitchbi01,Billy Hitchcock,1942-1953
hitchji01,Jim Hitchcock,1938-1938
hitchst01,Sterling Hitchcock,1992-2004
hittbr01,Bruce Hitt,1917-1917
hittlll01,Lloyd Hittle,1949-1950
hittro01,Roy Hitt,1907-1907
hiurake01,Keston Hiura,2019-2024
hjellse01,Sean Hjelle,2022-2024
hoagmy01,Myril Hoag,1931-1945
hoakdo01,Don Hoak,1954-1964
hoard01,Hoard,1921-1921
hobaued01,Ed Hobaugh,1961-1963
hobbigl01,Glen Hobbie,1957-1964
hobbsbi01,Bill Hobbs,1913-1916
hobbsjo01,John Hobbs,1981-1981
hobgofr01,Fred Hobgood,1941-1946
hoblidi01,Dick Hoblitzell,1908-1918
hobsoba01,Baby Hobson,1923-1923
hobsobu01,Butch Hobson,1975-1982
hochelu01,Luke Hochevar,2007-2016
hochha01,Harry Hoch,1908-1915
hockebr01,Bruce Hocker,1920-1920
hockech01,Chuck Hockenbery,1975-1975
hocked01,Ed Hock,1920-1924
hockege01,George Hockette,1934-1935
hockeor01,Oris Hockett,1938-1945
hockide01,Denny Hocking,1993-2005
hodapjo01,Johnny Hodapp,1925-1933
hoderme01,Mel Hoderlein,1951-1954
hodesch01,Charlie Hodes,1871-1874
hodge02,Hodges,1943-1943
hodgebe01,Bert Hodges,1942-1942
hodgebi01,Bill Hodge,1925-1925
hodgeed01,Ed Hodge,1984-1984
hodgegi01,Gil Hodges,1943-1963
hodgego01,Gomer Hodge,1971-1971
hodgeke01,Kevin Hodges,2000-2000
hodgepo01,Porter Hodge,2024-2025
hodgero01,Ron Hodges,1973-1984
hodgesh01,Shovel Hodge,1920-1922
hodgetr01,Trey Hodges,2002-2003
hodgira01,Ralph Hodgin,1939-1948
hodgspa01,Paul Hodgson,1980-1980
hodkeel01,Eli Hodkey,1946-1946
hodnech01,Charlie Hodnett,1883-1884
hodsoge01,George Hodson,1894-1895
hoeftbi01,Billy Hoeft,1952-1966
hoeinbr01,Bryan Hoeing,2022-2024
hoelsar01,Art Hoelskoetter,1905-1908
hoernjo01,Joe Hoerner,1963-1977
hoernni01,Nico Hoerner,2019-2025
hoersle01,Lefty Hoerst,1940-1947
hoeslj01,L.J. Hoes,2012-2015
hoeyja01,Jack Hoey,1906-1908
hoeyja02,Jim Hoey,2006-2011
hoffebi01,Bill Hoffer,1895-1901
hoffest01,Stew Hofferth,1944-1946
hoffmbi01,Bill Hoffman,1939-1939
hoffmda01,Danny Hoffman,1903-1911
hoffmdu01,Clarence Hoffman,1929-1929
hoffmfr01,Frank Hoffman,1888-1888
hoffmgl01,Glenn Hoffman,1980-1989
hoffmgu01,Guy Hoffman,1979-1988
hoffmhi01,Sonny Hoffman,1879-1879
hoffmiz01,Izzy Hoffman,1904-1907
hoffmja01,Jamie Hoffmann,2009-2011
hoffmje01,Jesse Hoffmeister,1897-1897
hoffmje02,Jeff Hoffman,2016-2025
hoffmjo01,John Hoffman,1964-1965
hoffmla01,Larry Hoffman,1901-1901
hoffmra01,Ray Hoffman,1942-1942
hoffmte01,Tex Hoffman,1915-1915
hoffmtr01,Trevor Hoffman,1993-2010
hoffojo01,John Hofford,1885-1886
hoffpja01,Jarrett Hoffpauir,2009-2010
hoffpmi01,Micah Hoffpauir,2008-2010
hoffre01,Red Hoff,1911-1915
hofmabo01,Bobby Hofman,1949-1957
hofmafr01,Fred Hofmann,1919-1928
hofmaso01,Solly Hofman,1903-1916
hogan03,Hogan,1947-1947
hoganed01,Bob Hogan,1882-1882
hoganed02,Mortimer Hogan,1884-1888
hogange01,George Hogan,1914-1914
hoganha01,Malachi Hogan,1901-1901
hoganke01,Kenny Hogan,1921-1924
hoganma01,Marty Hogan,1894-1895
hogansh01,Shanty Hogan,1925-1937
hoganwi01,Willie Hogan,1911-1912
hoggbe01,Bert Hogg,1934-1934
hoggbi01,Bill Hogg,1905-1908
hoggbr01,Brad Hogg,1911-1919
hogrige01,George Hogreiver,1895-1901
hogsech01,Elon Hogsett,1929-1944
hoguebo01,Bobby Hogue,1948-1952
hogueca01,Cal Hogue,1952-1954
hohmabi01,Bill Hohman,1927-1927
hohnhed01,Eddie Hohnhorst,1910-1912
hoilech01,Chris Hoiles,1989-1998
holadbr01,Bryan Holaday,2012-2021
holbeaa01,Aaron Holbert,1996-2005
holbebi01,Bill Holbert,1876-1888
holbera01,Ray Holbert,1994-2000
holbowa01,Wally Holborow,1944-1948
holbrsa01,Sammy Holbrook,1935-1935
holcoge01,George Holcomb,1923-1923
holcoke01,Ken Holcombe,1945-1953
holde03,Holder,1944-1944
holdebi01,Bill Holden,1913-1914
holdeco01,Colin Holderman,2022-2025
holdejo01,Joe Holden,1934-1936
holdejo02,Jonathan Holder,2016-2020
holdrda01,David Holdridge,1998-1998
holdsfr01,Fred Holdsworth,1972-1980
holdsji01,Jim Holdsworth,1872-1884
holdzjo01,John Holdzkom,2014-2014
holkewa01,Walter Holke,1914-1925
hollaal01,Al Holland,1977-1987
hollabi01,Bill Hollahan,1920-1920
hollabi02,Bill Holland,1939-1939
hollabi03,Bill Holland,1920-1941
hollade01,Derek Holland,2009-2021
holladu01,Dutch Holland,1932-1934
hollagr01,Greg Holland,2010-2022
hollale01,Lew Holland,1923-1923
hollama01,Mario Hollands,2014-2014
hollamu01,Mul Holland,1926-1929
hollato01,Todd Hollandsworth,1995-2006
hollawi01,Will Holland,1889-1889
holleed01,Ed Holley,1928-1934
hollega01,Gary Holle,1979-1979
hollial01,Al Hollingsworth,1935-1946
hollibo01,Bonnie Hollingsworth,1922-1928
hollibu01,Bug Holliday,1889-1898
hollica01,Carl Holling,1921-1922
hollicu01,Curtis Hollingsworth,1946-1947
hollida01,Dave Hollins,1990-2002
hollida02,Damon Hollins,1998-2006
hollifl01,Flit Holliday,1938-1938
holliho01,Holly Hollingshead,1872-1875
hollija01,Jackson Holliday,2024-2025
hollije01,Jessie Hollins,1992-1992
hollijo01,John Hollison,1892-1892
hollima01,Matt Holliday,2004-2018
hollimi01,Michael Hollimon,2008-2008
hollmst01,Stan Hollmig,1949-1951
hollobo01,Bobo Holloman,1953-1953
holloch01,Charlie Hollocher,1918-1924
hollocr01,Crush Holloway,1921-1939
holloga01,Gavin Hollowell,2022-2024
holloji01,Jim Holloway,1929-1929
hollojo01,Jordan Holloway,2020-2022
holloke01,Ken Holloway,1922-1930
hollyed01,Ed Holly,1906-1915
hollyje01,Jeff Holly,1977-1979
hollyst01,Stamp Holly,1946-1946
holmabr01,Brian Holman,1988-1991
holmabr02,Brad Holman,1993-1993
holmaga01,Gary Holman,1968-1969
holmagr01,Grant Holman,2024-2024
holmasc01,Scott Holman,1980-1983
holmash01,Shawn Holman,1989-1989
holmbda01,David Holmberg,2013-2017
holmbi01,Billy Holm,1943-1945
holmech01,Chick Holmes,1918-1918
holmecl01,Clay Holmes,2018-2025
holmeda01,Darren Holmes,1990-2003
holmedu01,Ducky Holmes,1895-1905
holmedu02,Ducky Holmes,1906-1906
holmefr01,Fred Holmes,1903-1904
holmegr01,Grant Holmes,2024-2025
holmeji01,Jim Holmes,1906-1908
holmejo01,Johnny Holmes,1942-1942
holmele01,Lefty Holmes,1929-1940
holmeph01,Philly Holmes,1938-1945
holmeto01,Tommy Holmes,1942-1952
holmst01,Steve Holm,2008-2011
holmwa01,Wattie Holm,1924-1932
holsefr01,Frog Holsey,1928-1932
holshhe01,Herm Holshouser,1930-1930
holstfl01,Floyd Holston,1937-1937
holtbr01,Brock Holt,2012-2021
holtch01,Chris Holt,1996-2001
holtda01,Dana Holt,1922-1923
holtgve01,Vern Holtgrave,1965-1965
holtji01,Jim Holt,1968-1976
holtobr01,Brian Holton,1985-1990
holtoty01,Tyler Holton,2022-2025
holtre01,Red Holt,1925-1925
holtro01,Roger Holt,1980-1980
holtty01,Tyler Holt,2014-2016
holtzed01,Eddie Holtz,1920-1924
holtzke01,Ken Holtzman,1965-1979
holtzmi01,Mike Holtz,1996-2006
holzema01,Mark Holzemer,1993-2000
honanma01,Marty Honan,1890-1891
honeybr01,Brent Honeywell Jr.,2021-2024
honeyri01,Rick Honeycutt,1977-1997
hoodab01,Abie Hood,1925-1925
hoodde01,Destin Hood,2016-2016
hooddo01,Don Hood,1973-1983
hooddo02,Dozier Hood,1944-1945
hoodwa01,Wally Hood,1920-1922
hoodwa02,Wally Hood,1949-1949
hookch01,Chris Hook,1995-1996
hookebu01,Buck Hooker,1902-1903
hookele01,Leniel Hooker,1940-1948
hookja01,Jay Hook,1957-1964
hooksal01,Alex Hooks,1935-1935
hoopebo01,Bob Hooper,1950-1955
hoopeha01,Harry Hooper,1909-1925
hoopeke01,Kevin Hooper,2005-2006
hoopemi01,Mike Hooper,1873-1873
hootele01,Leon Hooten,1974-1974
hootobu01,Burt Hooton,1971-1985
hoovebu01,William Hoover,1884-1892
hoovech01,Charlie Hoover,1888-1889
hoovedi01,Dick Hoover,1952-1952
hoovejj01,J.J. Hoover,2012-2018
hoovejo01,Joe Hoover,1943-1945
hoovejo02,John Hoover,1990-1990
hoovepa01,Paul Hoover,2001-2010
hopejo01,John Hope,1993-1996
hopesa01,Sam Hope,1907-1907
hopkibu01,Buck Hopkins,1907-1907
hopkido01,Don Hopkins,1975-1976
hopkiem01,Emmett Hopkins,1945-1945
hopkiga01,Gail Hopkins,1968-1974
hopkima01,Marty Hopkins,1934-1935
hopkimi01,Mike Hopkins,1902-1902
hopkipa01,Paul Hopkins,1927-1929
hopkitj01,TJ Hopkins,2023-2023
hopli01,Hoplins,1937-1937
hoppebi01,Bill Hopper,1913-1915
hoppeji01,Jim Hopper,1946-1946
hoppele01,Lefty Hopper,1898-1898
hoppeno01,Norris Hopper,2006-2008
hoppjo01,Johnny Hopp,1939-1952
hopwore01,Reginald Hopwood,1928-1928
horanjo01,Patrick Horan,1884-1884
horansh01,Shags Horan,1924-1924
horgajo01,Joe Horgan,2004-2005
horlejo01,Joe Horlen,1961-1972
hornba01,Bailey Horn,2024-2024
horne02,Horner,1923-1923
hornebi01,Billy Horne,1938-1946
hornebo01,Bob Horner,1978-1988
hornecl01,Clyde Horne,1925-1925
horneja01,Jack Horner,1894-1894
hornetr01,Trader Horne,1929-1929
hornsa01,Sam Horn,1987-1995
hornsro01,Rogers Hornsby,1915-1937
hornujo01,Joe Hornung,1879-1890
horseha01,Hanson Horsey,1912-1912
horsmvi01,Vince Horsman,1991-1995
horstje01,Jeremy Horst,2011-2013
horstos01,Oscar Horstmann,1917-1919
hortoel01,Elmer Horton,1896-1898
hortori01,Ricky Horton,1984-1990
hortoto01,Tony Horton,1964-1970
hortowi01,Willie Horton,1963-1980
horwibr01,Brian Horwitz,2008-2008
horwisp01,Spencer Horwitz,2023-2024
hoseydw01,Dwayne Hosey,1995-1996
hoseyst01,Steve Hosey,1992-1993
hoskibi01,Bill Hoskins,1937-1946
hoskida01,Dave Hoskins,1942-1954
hoskirh01,Rhys Hoskins,2017-2025
hosleti01,Tim Hosley,1970-1981
hosmeer01,Eric Hosmer,2011-2023
hostech01,Chuck Hostetler,1944-1945
hosteda01,Dave Hostetler,1981-1988
hostge01,Gene Host,1956-1957
hotalpe01,Pete Hotaling,1879-1888
hottmke01,Ken Hottman,1971-1971
hottoto01,Tommy Hottovy,2011-2012
houckby01,Byron Houck,1912-1918
houcksa01,Sadie Houck,1879-1887
houckta01,Tanner Houck,2020-2025
houghch01,Charlie Hough,1970-1994
houkra01,Ralph Houk,1947-1954
houltdj01,D.J. Houlton,2005-2007
housead01,Adrian Houser,2015-2024
housebe01,Ben Houser,1910-1912
housech01,Charlie Householder,1884-1884
housech02,Charlie Householder,1882-1884
housech03,Charley House,1937-1945
housecr01,Craig House,2000-2000
houseed01,Ed Householder,1903-1903
housefr01,William Houseman,1886-1886
housefr02,Willard House,1913-1913
housefr03,Frank House,1950-1961
houseja01,James Houser,2010-2010
housejo01,John Houseman,1894-1897
housejo02,Joe Houser,1914-1914
housejr01,J.R. House,2003-2008
housepa01,Pat House,1967-1968
housepa02,Paul Householder,1980-1987
housetj01,T.J. House,2014-2017
houseto01,Tom House,1971-1978
housiwa01,Wayne Housie,1991-1993
houstje01,Jesse Houston,1937-1941
houstti01,Tick Houston,1920-1920
houstty01,Tyler Houston,1996-2003
houttar01,Art Houtteman,1945-1957
houtzle01,Lefty Houtz,1899-1899
hovlest01,Steve Hovley,1969-1973
hovlied01,Ed Hovlik,1918-1919
hovlijo01,Joe Hovlik,1909-1911
howar03,Howard,1921-1926
howar04,Howard,1927-1927
howar05,Howard,1937-1937
howar06,Howard,1946-1946
howarbe01,Ben Howard,2002-2004
howarbi01,Bill Howard,1932-1937
howarbr01,Bruce Howard,1963-1968
howarca01,Carl Howard,1935-1935
howarca02,Carrenza Howard,1940-1947
howarch01,Chris Howard,1991-1994
howarch02,Chris Howard,1993-1995
howarda01,Dave Howard,1912-1915
howarda02,David Howard,1991-1999
howarde01,Del Howard,1905-1909
howardo01,Doug Howard,1972-1976
howarea01,Earl Howard,1918-1918
howarel01,Elston Howard,1948-1968
howarfr01,Frank Howard,1958-1973
howarfr02,Fred Howard,1979-1979
howariv01,Ivan Howard,1914-1917
howarji01,Jim Howarth,1971-1974
howarla01,Larry Howard,1970-1973
howarle01,Lee Howard,1946-1947
howarma01,Matt Howard,1996-1996
howarmi01,Mike Howard,1981-1983
howarna01,Nat Howard,1929-1929
howarpa01,Paul Howard,1909-1909
howarpe01,Percy Howard,1942-1942
howarre01,Red Howard,1937-1946
howarry01,Ryan Howard,2004-2016
howarsa01,Sam Howard,2018-2022
howarsp01,Spencer Howard,2020-2024
howarst01,Steve Howard,1990-1990
howarte01,Telosh Howard,1932-1939
howarth01,Thomas Howard,1990-2000
howarwi01,Wilbur Howard,1973-1978
howear01,Art Howe,1974-1985
howeca01,Cal Howe,1952-1952
howeldi01,Dixie Howell,1940-1958
howeldi02,Dixie Howell,1947-1956
howele01,Les Howe,1923-1924
howelha01,Harry Howell,1898-1910
howelja01,Jay Howell,1980-1994
howelja02,Jack Howell,1985-1999
howeljp01,J.P. Howell,2005-2017
howelke01,Ken Howell,1984-1990
howelpa01,Pat Howell,1992-1992
howelre01,Red Howell,1941-1941
howelro01,Roland Howell,1912-1912
howelro02,Roy Howell,1974-1984
howerbi01,Bill Howerton,1949-1952
howesh01,Shorty Howe,1890-1893
howest01,Steve Howe,1980-1996
howitda01,Dann Howitt,1989-1994
howleda01,Dan Howley,1913-1913
howrybo01,Bob Howry,1998-2010
howsedi01,Dick Howser,1961-1968
hoydu01,Billy Hoy,1888-1902
hoyinja01,Jared Hoying,2016-2021
hoylete01,Tex Hoyle,1952-1952
hoype01,Peter Hoy,1992-1992
hoytja01,James Hoyt,2016-2021
hoytla01,LaMarr Hoyt,1979-1986
hoytwa01,Waite Hoyt,1918-1938
hraboal01,Al Hrabosky,1970-1982
hrbekke01,Kent Hrbek,1981-1994
hriniwa01,Walt Hriniak,1968-1969
huangwe01,Wei-Chieh Huang,2019-2019
hubbaal01,Al Hubbard,1883-1883
hubbagl01,Glenn Hubbard,1978-1989
hubbaje01,Jesse Hubbard,1923-1934
hubbala01,Larry Hubbard,1946-1946
hubbami01,Mike Hubbard,1995-2001
hubbatr01,Trent Hubbard,1994-2003
hubbebi01,Bill Hubbell,1919-1925
hubbeca01,Carl Hubbell,1928-1943
hubbske01,Ken Hubbs,1961-1963
huberc02,C. Hubert,1930-1930
hubercl01,Clarence Huber,1920-1926
huberjo01,Jon Huber,2006-2007
huberjo02,John Huber,1941-1947
huberju01,Justin Huber,2005-2009
huberot01,Otto Huber,1939-1939
huberwi01,Willie Hubert,1939-1946
huch01,Chin-lung Hu,2007-2011
huch02,Chih-Wei Hu,2017-2018
huckake01,Ken Huckaby,2001-2006
hucklea01,Earl Huckleberry,1935-1935
hudekjo01,John Hudek,1994-1999
hudgeda01,Dave Hudgens,1983-1983
hudgeji01,Jimmy Hudgens,1923-1926
hudlere01,Rex Hudler,1984-1998
hudliwi01,Willis Hudlin,1926-1944
hudsobr01,Bryan Hudson,2023-2025
hudsoch01,Charlie Hudson,1972-1975
hudsoch02,Charles Hudson,1983-1989
hudsoch03,Charles Hudson,1923-1930
hudsoda01,Daniel Hudson,2009-2024
hudsoda02,Dakota Hudson,2018-2024
hudsofr01,Willie Hudson,1939-1942
hudsoha01,Hal Hudson,1952-1953
hudsoje01,Jesse Hudson,1969-1969
hudsojo01,Johnny Hudson,1936-1945
hudsojo02,Joe Hudson,1995-1998
hudsojo03,Joe Hudson,2018-2024
hudsoky01,Kyle Hudson,2011-2011
hudsolu01,Luke Hudson,2002-2007
hudsona01,Nat Hudson,1886-1889
hudsoor01,Orlando Hudson,2002-2012
hudsore01,Rex Hudson,1974-1974
hudsosi01,Sid Hudson,1940-1954
hudsoti01,Tim Hudson,1999-2015
hudsowi01,William Hudson,1930-1930
hudspro01,Robert Hudspeth,1920-1929
huelsfr01,Frank Huelsman,1897-1905
huenkal01,Al Huenke,1914-1914
huffau01,Aubrey Huff,2000-2012
huffda01,David Huff,2009-2016
huffed01,Eddie Huff,1922-1926
huffmbe01,Ben Huffman,1937-1937
huffmch01,Chad Huffman,2010-2017
huffmi01,Mike Huff,1989-1996
huffmph01,Phil Huffman,1979-1985
huffsa01,Sam Huff,2020-2025
huged01,Ed Hug,1903-1903
huggimi01,Miller Huggins,1904-1916
hughe06,Hughes,1940-1940
hughebi01,Bill Hughes,1884-1885
hughebi02,Bill Hughes,1921-1921
hughebo01,Bobby Hughes,1998-1999
hughebr01,Brandon Hughes,2022-2024
hughech01,Charlie Hughes,1933-1938
hughedi01,Dick Hughes,1966-1968
hughedu01,Dusty Hughes,2009-2011
hugheed01,Ed Hughes,1902-1906
hugheja01,Jay Hughes,1898-1902
hugheja02,Jared Hughes,2011-2020
hugheji01,Jim Hughey,1891-1900
hugheji02,Jim Hughes,1952-1957
hugheji03,Jim Hughes,1974-1977
hughejo01,Joe Hughes,1902-1902
hugheke01,Keith Hughes,1987-1993
hughelu01,Luke Hughes,2010-2012
hughemi01,Mickey Hughes,1888-1890
hugheph01,Phil Hughes,2007-2018
hugherh01,Rhyne Hughes,2010-2010
hughero01,Roy Hughes,1935-1946
hughero02,Robert Hughes,1931-1937
hughesa01,Sammy Hughes,1930-1946
hughete01,Terry Hughes,1970-1974
hugheto01,Tom Hughes,1900-1913
hugheto02,Tom Hughes,1906-1918
hugheto03,Tom Hughes,1930-1930
hugheto04,Tommy Hughes,1941-1948
hugheto05,Tom Hughes,1959-1959
hughetr01,Travis Hughes,2004-2006
hugheve01,Vern Hughes,1914-1914
hughste01,Tex Hughson,1941-1949
huhnem01,Emil Huhn,1915-1917
huismju01,Justin Huisman,2004-2004
huismma01,Mark Huismann,1983-1991
huismri01,Rick Huisman,1995-1996
hulenbi01,Billy Hulen,1896-1899
huletti01,Tim Hulett,1983-1995
hulettu01,Tug Hulett,2008-2009
hulihha01,Harry Hulihan,1922-1922
huller01,Eric Hull,2007-2007
hulseda01,David Hulse,1992-1996
hulswru01,Rudy Hulswitt,1899-1910
hultzda01,Danny Hultzen,2019-2019
hulveha01,Hank Hulvey,1923-1923
humbech01,Charlie Humber,1943-1945
humbeph01,Philip Humber,2006-2013
humeto01,Tom Hume,1977-1987
hummeco01,Cooper Hummel,2022-2024
hummejo01,John Hummel,1905-1918
hummeti01,Tim Hummel,2003-2004
humph03,Humphreys,1944-1944
humphal01,Al Humphrey,1911-1911
humphbe01,Bert Humphries,1910-1915
humphbi01,Byron Humphrey,1938-1938
humphbo01,Bob Humphreys,1962-1970
humphjo01,John Humphries,1883-1884
humphjo02,Johnny Humphries,1938-1946
humphmi01,Mike Humphreys,1991-1993
humphte01,Terry Humphrey,1971-1979
hundljo01,Johnny Hundley,1943-1946
hundlni01,Nick Hundley,2008-2019
hundlra01,Randy Hundley,1964-1977
hundlto01,Todd Hundley,1990-2003
hunglbe01,Bernie Hungling,1922-1930
hunnebi01,Bill Hunnefield,1926-1931
huntbe01,Ben Hunt,1910-1913
huntdi01,Dick Hunt,1872-1872
huntebe01,Bert Hunter,1931-1936
huntebi01,Bill Hunter,1884-1884
huntebi02,Bill Hunter,1912-1912
huntebi03,Billy Hunter,1953-1958
huntebr01,Brian Hunter,1991-2000
huntebr02,Brian Hunter,1994-2003
huntebu01,Buddy Hunter,1971-1975
hunteca01,Catfish Hunter,1965-1979
huntece01,Cedric Hunter,2011-2016
huntecl01,Tom Hunter,1944-1944
hunteed01,Eddie Hunter,1933-1933
hunteeu01,Eugene Hunter,1924-1924
huntege01,George Hunter,1909-1910
huntehe01,Herb Hunter,1916-1921
hunteji01,Jim Hunter,1991-1991
huntele01,Lem Hunter,1883-1883
huntene01,Newt Hunter,1911-1911
hunteri01,Rich Hunter,1996-1996
hunteto01,Torii Hunter,1997-2015
hunteto02,Tommy Hunter,2008-2023
huntewi01,Willard Hunter,1962-1964
huntgr01,Grover Hunt,1946-1946
huntjo01,Joel Hunt,1931-1932
huntke01,Ken Hunt,1959-1964
huntke02,Ken Hunt,1961-1961
huntra01,Randy Hunt,1985-1986
huntro01,Ron Hunt,1963-1974
huntzst01,Steve Huntz,1967-1975
huntzwa01,Walt Huntzinger,1923-1926
huppeda01,Dave Huppert,1983-1985
hurdlcl01,Clint Hurdle,1977-1987
hurdto01,Tom Hurd,1954-1956
hurledi01,Dick Hurley,1872-1872
hurleer01,Eric Hurley,2008-2008
hurleje01,Jerry Hurley,1889-1891
hurleje02,Jerry Hurley,1901-1907
hurshja01,Jason Hursh,2016-2017
hurstbi01,Bill Hurst,1996-1996
hurstbr01,Bruce Hurst,1980-1994
hurstdo01,Don Hurst,1928-1934
hurstja01,James Hurst,1994-1994
hurstji01,Jimmy Hurst,1997-1997
hurstjo01,Jonathan Hurst,1992-1994
hurstsc01,Scott Hurst,2021-2021
hurtaed01,Edwin Hurtado,1995-1997
hurtebr01,Brant Hurter,2024-2025
hurtky01,Kyle Hurt,2023-2024
hurtuja01,Jacob Hurtubise,2024-2025
huskebu01,Butch Huskey,1993-2000
husonje01,Jeff Huson,1988-2000
hustaca01,Carl Husta,1925-1925
hustebi01,Bill Husted,1890-1890
hustibe01,Bert Husting,1900-1902
hustoha01,Harry Huston,1906-1906
hustowa01,Warren Huston,1937-1944
hutchbi01,Bill Hutchison,1884-1897
hutchch01,Chad Hutchinson,2001-2001
hutchdr01,Drew Hutchison,2012-2022
hutched01,Ed Hutchinson,1890-1890
hutchfr01,Fred Hutchinson,1939-1953
hutchfr02,Fred Hutchinson,1925-1925
hutchir01,Ira Hutchinson,1933-1945
hutchjo01,Joe Hutcheson,1933-1933
hutchjo02,Johnny Hutchings,1940-1946
hutchwi01,Willie Hutchinson,1939-1946
hutsohe01,Herb Hutson,1974-1974
hutsoro01,Roy Hutson,1925-1925
huttoji01,Jim Hutto,1970-1975
huttoma01,Mark Hutton,1993-1998
huttos01,Oscar Hutt,1920-1926
huttoto01,Tom Hutton,1966-1981
hwangja01,Jae-gyun Hwang,2017-2017
hyattha01,Ham Hyatt,1909-1918
hydeco01,Cowan Hyde,1927-1948
hydedi01,Dick Hyde,1955-1961
hyersti01,Tim Hyers,1994-1999
hyndmji01,William Hyndman,1886-1886
hynesco01,Colt Hynes,2013-2015
hynespa01,Pat Hynes,1903-1904
hyzduad01,Adam Hyzdu,2000-2006
