player_id,name,years
yabuke01,Keiichi Yabu,2005-2008
yabutya01,Yasuhiko Yabuta,2008-2009
yacabji01,Jimmy Yacabonis,2017-2023
yaikhe01,Henry Yaik,1888-1888
yajurmi01,Miguel Yajure,2020-2022
yalead01,Ad Yale,1905-1905
yamagsh01,Shun Yamaguchi,2020-2020
yamamjo01,Jordan Yamamoto,2019-2021
yamamyo01,Yoshinobu Yamamoto,2024-2025
yancebi01,Bill Yancey,1927-1936
yancyhu01,Hugh Yancy,1972-1976
yanes01,Esteban Yan,1996-2006
yanger01,Eric Yang,2024-2024
yanghy01,Hyeon-jong Yang,2021-2021
yankoge01,George Yankowski,1942-1949
yann01,Yann,1944-1944
yantzge01,George Yantz,1912-1912
yarbo02,Yarborough,1940-1940
yarboge01,Geech Yarborough,1932-1932
yarbrry01,Ryan Yarbrough,2018-2025
yardler01,Eric Yardley,2019-2021
yarnaed01,Ed Yarnall,1999-2000
yarnaru01,Rusty Yarnall,1926-1926
yarriru01,Rube Yarrison,1922-1924
yaryaya01,Yam Yaryan,1921-1922
yastrca01,Carl Yastrzemski,1961-1983
yastrmi01,Mike Yastrzemski,2019-2025
yatesal01,Al Yates,1971-1971
yateski01,Kirby Yates,2014-2025
yatesty01,Tyler Yates,2004-2009
ydeem01,Emil Yde,1924-1929
yeabsbe01,Bert Yeabsley,1919-1919
yeagege01,George Yeager,1896-1902
yeagejo01,Joe Yeager,1898-1908
yeagest01,Steve Yeager,1972-1986
yeargal01,Al Yeargin,1922-1924
yeatmbi01,Samuel Yeatman,1872-1872
yeldier01,Eric Yelding,1989-1993
yelicch01,Christian Yelich,2013-2025
yellear01,Archie Yelle,1917-1919
yellela01,Larry Yellen,1963-1964
yelloch01,Moses Yellow Horse,1921-1922
yepezju01,Juan Yepez,2022-2024
yerkeca01,Carroll Yerkes,1927-1933
yerkest01,Stan Yerkes,1901-1903
yerkest02,Steve Yerkes,1909-1916
yettri01,Rich Yett,1985-1990
yewcito01,Tom Yewcic,1957-1957
yeweled01,Ed Yewell,1884-1884
yinglch01,Charles Yingling,1894-1894
yinglea01,Earl Yingling,1911-1918
yingljo01,Joe Yingling,1886-1886
ynoaga01,Gabriel Ynoa,2016-2019
ynoahu01,Huascar Ynoa,2019-2022
ynoami01,Michael Ynoa,2016-2017
ynoara01,Rafael Ynoa,2014-2016
yochile01,Len Yochim,1951-1954
yochira01,Ray Yochim,1948-1949
yohebi01,Bill Yohe,1909-1909
yokella01,Laymon Yokely,1926-1944
yorkeni01,Nick Yorke,2024-2024
yorkji01,Jim York,1970-1976
yorkji02,Jim York,1923-1923
yorkle01,James York,1919-1921
yorkmi01,Mike York,1990-1991
yorkru01,Rudy York,1934-1948
yorkto01,Tom York,1871-1885
yorkto02,Tony York,1944-1944
yoshima01,Masato Yoshii,1998-2002
yoshima02,Masataka Yoshida,2023-2024
yosted01,Eddie Yost,1944-1962
yostgu01,Gus Yost,1893-1893
yostne01,Ned Yost,1980-1985
yoterel01,Elmer Yoter,1921-1928
youklke01,Kevin Youkilis,2004-2013
youmafl01,Floyd Youmans,1985-1989
youmash01,Shane Youman,2006-2007
young05,Young,1936-1936
youngad01,A.D. Young,1925-1925
youngad02,Adam Young,1941-1941
youngal01,Alex Young,2019-2024
youngan01,Anthony Young,1991-1996
youngan02,Andrew Young,2020-2021
youngba01,Babe Young,1936-1948
youngbo01,Bobby Young,1948-1958
youngbu01,Burdell Young,1925-1928
youngch01,Charlie Young,1915-1915
youngch02,Albert Youngblood,1922-1922
youngch03,Chris Young,2004-2017
youngch04,Chris Young,2006-2018
youngcl01,Cliff Young,1990-1993
youngcu01,Curt Young,1983-1993
youngcy01,Cy Young,1890-1911
youngda01,Danny Young,2000-2000
youngda02,Danny Young,2022-2025
youngde01,Del Young,1909-1915
youngde02,Del Young,1937-1940
youngde03,Delmon Young,2006-2015
youngde04,Delwyn Young,2006-2010
youngdi01,Dick Young,1951-1952
youngdm01,Dmitri Young,1996-2008
youngdo01,Don Young,1965-1969
younged01,Ed Young,1938-1947
younger01,Eric Young Sr.,1992-2006
younger02,Ernie Young,1994-2004
younger03,Eric Young Jr.,2009-2018
youngge01,George Young,1913-1913
youngge02,Gerald Young,1987-1994
youngha01,Harley Young,1908-1908
youngha02,Harvey Young,1943-1943
younghe01,Henry Youngman,1890-1890
younghe02,Herman Young,1911-1911
youngir01,Irv Young,1905-1911
youngja01,Jason Young,2003-2004
youngja02,Jared Young,2022-2023
youngja03,Jacob Young,2023-2025
youngjo01,John Young,1971-1971
youngjo02,Joel Youngblood,1976-1989
youngjo03,John Young,1923-1924
youngke01,Kevin Young,1992-2003
youngki01,Kip Young,1978-1979
youngle01,Leandy Young,1940-1945
youngle02,Leroy Young,1946-1946
youngma01,Matt Young,1983-1993
youngma02,Matt Young,2011-2012
youngma03,Madison Younginer,2016-2016
youngma04,Maurice Young,1927-1927
youngmi01,Mike Young,1982-1989
youngmi02,Michael Young,2000-2013
youngno01,Norman Young,1944-1944
youngpe01,Pep Young,1933-1945
youngpe02,Pete Young,1992-1993
youngra01,Ralph Young,1913-1922
youngro01,Ross Youngs,1917-1926
youngru01,Russ Young,1931-1931
youngti01,Tim Young,1998-2000
youngto01,Tom Young,1926-1941
youngto02,Tommy Young,1932-1932
youngwa01,Walter Young,2005-2005
youngwi01,Willie Young,1945-1945
yountdu01,Ducky Yount,1914-1914
younted01,Eddie Yount,1937-1939
yountla01,Larry Yount,1971-1971
yountro01,Robin Yount,1974-1993
yowelca01,Carl Yowell,1924-1925
yuhased01,Eddie Yuhas,1952-1953
yurakje01,Jeff Yurak,1978-1978
yvarssa01,Sal Yvars,1947-1954
