player_id,name,years
cabaljo01,José Caballero,2023-2025
cabalpu01,Putsy Caballero,1944-1952
cabbatr01,Trey Cabbage,2023-2024
cabelen01,Enos Cabell,1972-1986
cable01,Cable,1930-1930
cabrace01,César Cabral,2013-2015
cabreal01,Alfredo Cabrera,1913-1913
cabreal02,Alex Cabrera,2000-2000
cabreal03,Alberto Cabrera,2012-2013
cabreas01,Asdrúbal Cabrera,2007-2021
cabreda01,Daniel Cabrera,2004-2009
cabreed01,Edwar Cabrera,2012-2012
cabreed02,Edward Cabrera,2021-2025
cabreev01,Everth Cabrera,2009-2015
cabrefe01,Fernando Cabrera,2004-2010
cabrefr01,Francisco Cabrera,1989-1993
cabrege01,Génesis Cabrera,2019-2024
cabrejo01,José Cabrera,1997-2002
cabrejo02,Jolbert Cabrera,1998-2008
cabrelo01,Lorenzo Cabrera,1947-1948
cabrelu01,Luis Cabrera,1948-1948
cabrema01,Mauricio Cabrera,2016-2016
cabreme01,Melky Cabrera,2005-2019
cabremi01,Miguel Cabrera,2003-2023
cabreor01,Orlando Cabrera,1997-2011
cabreos01,Oswaldo Cabrera,2022-2025
cabrera01,Ramón Cabrera,2015-2016
cabrera02,Rafael Cabrera,1944-1948
cacekcr01,Craig Cacek,1977-1977
cacered01,Edgar Cáceres,1995-1995
cacerke01,Kelvin Cáceres,2023-2023
cadargr01,Greg Cadaret,1987-1998
cadejo01,Joe Cade,1929-1929
cadorle01,Leon Cadore,1915-1924
cadych01,Charlie Cady,1883-1884
cadyhi01,Forrest Cady,1912-1919
cafegto01,Tom Cafego,1937-1937
caffijo01,Joe Caffie,1956-1957
caffybe01,Ben Caffyn,1906-1906
cagewa01,Wayne Cage,1978-1979
cahiljo01,John Cahill,1884-1887
cahilto01,Tommy Cahill,1891-1891
cahiltr01,Trevor Cahill,2009-2021
cainbo01,Bob Cain,1949-1954
cainle01,Les Cain,1968-1972
cainlo01,Lorenzo Cain,2010-2022
cainma01,Matt Cain,2005-2017
cainma02,Marion Cain,1937-1938
cainsu01,Sugar Cain,1932-1938
cairnca01,Cameron Cairncross,2000-2000
cairomi01,Miguel Cairo,1996-2012
caithge01,George Caithamer,1934-1934
caldebe01,Benito Calderón,1926-1927
caldeev01,Evelio Calderín,1924-1924
caldeiv01,Iván Calderón,1984-1993
caldesa01,Sam Calderone,1950-1954
caldwbr01,Bruce Caldwell,1928-1932
caldwch01,Charlie Caldwell,1925-1925
caldwea01,Earl Caldwell,1928-1948
caldwmi01,Mike Caldwell,1971-1984
caldwra01,Ralph Caldwell,1904-1905
caldwra02,Ray Caldwell,1910-1921
calerki01,Kiko Calero,2003-2009
calhobi01,Bill Calhoun,1913-1913
calhoja01,Jack Calhoun,1902-1902
calhoje01,Jeff Calhoun,1984-1988
calhoko01,Kole Calhoun,2012-2023
calhole01,Lefty Calhoun,1932-1946
calhoro01,Roland Calhoun,1938-1938
calhowi01,Willie Calhoun,2017-2024
calica01,Carmen Cali,2004-2007
caligfr01,Fred Caligiuri,1941-1942
calihwi01,Will Calihan,1890-1891
calixor01,Orlando Calixte,2015-2017
callaal01,Alberto Callaspo,2006-2015
callabe01,Ben Callahan,1983-1983
callada01,Dave Callahan,1910-1911
callaed01,Ed Callahan,1884-1884
callafr01,Frank Callaway,1921-1922
callaja01,Jamie Callahan,2017-2017
callaji01,John Callahan,1898-1898
callaji02,Jim Callahan,1902-1902
callajo01,Joe Callahan,1939-1940
callal02,Alex Call,2022-2025
callale01,Leo Callahan,1913-1919
callama01,Marty Callaghan,1922-1930
callami01,Mickey Callaway,1999-2004
callani01,Jimmy Callahan,1894-1913
callapa01,Pat Callaghan,1884-1884
callara01,Ray Callahan,1915-1915
callawe01,Wese Callahan,1913-1913
callijo01,Johnny Callison,1958-1973
calloro01,Ron Calloway,2003-2004
calmudi01,Dick Calmus,1963-1967
calvema01,Mark Calvert,1983-1984
calvepa01,Paul Calvert,1942-1951
calvobl01,Blair Calvo,2023-2023
calvoja01,Jack Calvo,1913-1920
calzana01,Napoleon Calzado,2005-2005
camacer01,Ernie Camacho,1980-1990
camarda01,Daniel Camarena,2021-2021
camarja01,Jair Camargo,2024-2024
camarjo01,Johan Camargo,2017-2023
cambrfr01,Fred Cambria,1970-1970
camelha01,Hank Camelli,1943-1947
camerda01,Daz Cameron,2020-2024
camerja01,Jack Cameron,1906-1906
camerke01,Kevin Cameron,2007-2009
camermi01,Mike Cameron,1995-2011
camildo01,Dolph Camilli,1933-1945
camildo02,Doug Camilli,1960-1969
camillo01,Lou Camilli,1969-1972
caminar01,Arquimedes Caminero,2013-2016
caminju01,Junior Caminero,2023-2025
caminke01,Ken Caminiti,1987-2001
cammaer01,Eric Cammack,2000-2000
camniha01,Harry Camnitz,1909-1911
camniho01,Howie Camnitz,1904-1915
campaal01,Al Campanis,1943-1943
campabe01,Bert Campaneris,1964-1983
campaco01,Count Campau,1888-1894
campaji01,Jim Campanis,1966-1973
camparo01,Roy Campanella,1937-1957
campato01,Tony Campana,2011-2014
campbar01,Archie Campbell,1928-1930
campbbi01,Billy Campbell,1905-1909
campbbi02,Bill Campbell,1973-1987
campbbo01,Bobby Campbell,1932-1932
campbbr01,Bruce Campbell,1930-1942
campbbr02,Brett Campbell,2006-2006
campbbu01,Bullet Campbell,1924-1929
campbda01,Dave Campbell,1967-1974
campbda02,Dave Campbell,1977-1978
campbda03,David Campbell,1938-1942
campbem01,Emmet Campbell,1922-1922
campber01,Eric Campbell,2014-2021
campbgi01,Gilly Campbell,1933-1938
campbhu01,Hugh Campbell,1873-1873
campbis01,Isaiah Campbell,2023-2024
campbji01,Jim Campbell,1962-1963
campbji02,Jim Campbell,1970-1970
campbji03,Jim Campbell,1990-1990
campbjo01,John Campbell,1933-1933
campbjo02,Joe Campbell,1967-1967
campbjo03,Joe Campbell,1930-1930
campbke01,Kevin Campbell,1991-1995
campbkr01,Kristian Campbell,2025-2025
campbma01,Michael Campbell,1873-1873
campbma02,Marc Campbell,1907-1907
campbmi01,Mike Campbell,1987-1996
campbpa01,Paul Campbell,1941-1950
campbpa02,Paul Campbell,2021-2021
campbro01,Ron Campbell,1964-1966
campbsa01,Sam Campbell,1890-1890
campbso01,Soup Campbell,1940-1941
campbvi01,Vin Campbell,1908-1915
campeca01,Cardell Camper,1977-1977
campegu01,Gustavo Campero,2024-2024
campfsa01,Sal Campfield,1896-1896
campho01,Howie Camp,1917-1917
campijo01,Jorge Campillo,2005-2009
campijo02,Joe Campini,1948-1948
campisa01,Sal Campisi,1969-1971
campki01,Kid Camp,1892-1894
cample01,Lew Camp,1892-1894
campofr01,Frank Campos,1951-1953
campole01,Leonel Campos,2014-2017
camporo01,Roberto Campos,1923-1923
campovi01,Jose Campos,2016-2016
campri01,Rick Camp,1976-1985
campsh01,Shawn Camp,2004-2014
campulu01,Luis Campusano,2020-2024
campusi01,Sil Campusano,1988-1991
canadji01,Jim Canada,1937-1945
canalge01,George Canale,1989-1991
canaral01,Alexander Canario,2023-2025
canatwi01,Willie Cañate,1993-1993
canavhu01,Hugh Canavan,1918-1918
canavji01,Jim Canavan,1891-1897
cancero01,Robinson Cancel,1999-2011
candaca01,Casey Candaele,1986-1997
candeje01,Jeimer Candelario,2016-2025
candejo01,John Candelaria,1975-1993
candimi01,Milo Candini,1943-1951
candito01,Tom Candiotti,1983-1999
caneijo01,John Caneira,1977-1978
cangejo01,John Cangelosi,1985-1999
canhama01,Mark Canha,2015-2025
canizav01,Avelino Cañizares,1945-1945
canizba01,Bárbaro Cañizares,2009-2009
canizja01,Jay Canizaro,1996-2002
cannawa01,Walter Cannady,1922-1945
canneri01,Wirt Cannell,1904-1905
cannian01,Andy Cannizaro,2006-2008
cannich01,Chris Cannizzaro,1960-1974
cannigr01,Griffin Canning,2019-2025
cannojo01,Joe Cannon,1977-1980
cannojo02,Jonathan Cannon,2024-2025
cannori01,Richard Cannon,1928-1932
canojo01,José Canó,1989-1989
canoro01,Robinson Canó,2005-2022
canoye01,Yennier Cano,2022-2025
cansejo01,José Canseco,1985-2001
canseoz01,Ozzie Canseco,1990-1993
cantijo01,Joey Cantillo,2024-2025
cantode01,Denio Canton,1941-1941
cantrgu01,Guy Cantrell,1925-1930
cantujo01,Jorge Cantú,2004-2011
cantwbe01,Ben Cantwell,1927-1937
cantwmi01,Mike Cantwell,1916-1920
cantwto01,Tom Cantwell,1909-1910
cantzba01,Bart Cantz,1888-1890
canzlru01,Russ Canzler,2011-2012
canzodo01,Dominic Canzone,2023-2025
capelco01,Conner Capel,2022-2024
capeljo01,José Capellán,2004-2008
capelmi01,Mike Capel,1988-1991
caperle01,Lefty Capers,1930-1931
capildo01,Doug Capilla,1976-1981
cappsca01,Carter Capps,2012-2017
cappsma01,Matt Capps,2005-2012
cappuge01,George Cappuzzello,1981-1982
caprabu01,Buzz Capra,1971-1977
caprani01,Nick Capra,1982-1991
capravi01,Vinny Capra,2022-2025
capripa01,Pat Capri,1944-1944
caprora01,Ralph Capron,1912-1913
capuach01,Chris Capuano,2003-2016
carabes01,Esterio Caraballo,1939-1939
carabra01,Ramon Caraballo,1993-1995
carasma01,Matt Carasiti,2016-2024
caratvi01,Victor Caratini,2017-2025
carawpa01,Pat Caraway,1930-1932
carbijo01,John Carbine,1875-1876
carbobe01,Bernie Carbo,1969-1980
cardead01,Adrian Cardenas,2012-2012
cardefr01,Francisco Cárdenas,1924-1927
cardejo01,John Carden,1946-1946
cardejo02,José Cardenal,1963-1980
cardele01,Leo Cárdenas,1960-1975
cardico01,Randy Cardinal,1963-1963
cardobe01,Ben Cardoni,1943-1945
cardoja01,Javier Cardona,2000-2002
cardust01,Stephen Cardullo,2016-2017
cardwdo01,Don Cardwell,1957-1970
carewro01,Rod Carew,1967-1985
careyan01,Andy Carey,1952-1962
careyma01,Max Carey,1910-1929
careypa01,Paul Carey,1993-1993
careyro01,Roger Carey,1887-1887
careysc01,George Carey,1895-1903
careyto01,Tom Carey,1871-1879
careyto02,Tom Carey,1935-1946
carfred01,Ed Carfrey,1890-1890
cargobo01,Bobby Cargo,1892-1892
carides01,Esmailin Caridad,2009-2010
carigan01,Andrew Carignan,2011-2012
carisfr01,Fred Carisch,1903-1923
carleji01,Jim Carleton,1871-1872
carlesh01,Shane Carle,2017-2019
carlete01,Tex Carleton,1932-1940
carlfr01,Fred Carl,1889-1889
carliji01,Jim Carlin,1941-1941
carlilu01,Luke Carlin,2008-2012
carlima01,Matt Carlisle,1932-1948
carlisy01,Sylvester Carlisle,1945-1947
carliwa01,Walter Carlisle,1908-1908
carlle01,John Carl,1874-1874
carloci01,Cisco Carlos,1967-1970
carlsda01,Dan Carlson,1996-1999
carlsdo01,Don Carlsen,1948-1952
carlsdy01,Dylan Carlson,2020-2025
carlsha01,Hal Carlson,1917-1930
carlsje01,Jesse Carlson,2008-2010
carlsle01,Leon Carlson,1920-1920
carlssw01,Albin Carlstrom,1911-1911
carltdr01,Drew Carlton,2021-2023
carltst01,Steve Carlton,1965-1988
carlybu01,Buddy Carlyle,1999-2015
carlycl01,Cleo Carlyle,1927-1927
carlyro01,Roy Carlyle,1925-1926
carmado01,Don Carman,1983-1992
carmage01,George Carman,1890-1890
carmedu01,Duke Carmel,1959-1965
carmich01,Chet Carmichael,1909-1909
carmora01,Rafael Carmona,1995-1999
carnebi01,Bill Carney,1904-1904
carneed01,Eddie Carnett,1941-1945
carnejo01,Jack Carney,1889-1891
carnepa01,Pat Carney,1901-1904
carpe03,Carpenter,1944-1944
carpean01,Drew Carpenter,2008-2012
carpebo01,Bob Carpenter,1940-1947
carpebu01,Bubba Carpenter,2000-2000
carpech01,Chris Carpenter,1997-2012
carpech02,Chris Carpenter,2011-2012
carpecr01,Cris Carpenter,1988-1996
carpeda01,David Carpenter,2011-2019
carpeda02,David Carpenter,2012-2015
carpehi01,Hick Carpenter,1879-1892
carpeke01,Kerry Carpenter,2022-2025
carpele01,Lew Carpenter,1943-1943
carpema01,Matt Carpenter,2011-2024
carpepa01,Paul Carpenter,1916-1916
carpery01,Ryan Carpenter,2018-2019
carpifr01,Frank Carpin,1965-1966
carpmi01,Mike Carp,2009-2014
carraal01,Alex Carrasquel,1939-1949
carraca01,Carlos Carrasco,2009-2025
carrach01,Chico Carrasquel,1950-1959
carradj01,D.J. Carrasco,2003-2012
carragi01,Giovanni Carrara,1995-2006
carrahe01,Héctor Carrasco,1994-2007
carrch01,Charlie Carr,1898-1914
carrch02,Chuck Carr,1990-1997
carrcl01,Cliff Carr,1932-1932
carream01,Amalio Carreño,1991-1991
carreca01,Cam Carreon,1959-1966
carrecl01,Clemente Carreras,1940-1941
carreez01,Ezequiel Carrera,2011-2017
carrejo01,Joel Carreño,2011-2012
carrema01,Mark Carreon,1987-1996
carrge01,George Carr,1920-1934
carribi01,Bill Carrick,1898-1902
carribi02,Bill Carrigan,1906-1916
carrice01,Cesar Carrillo,2009-2009
carrido01,Don Carrithers,1970-1977
carrima01,Matías Carrillo,1991-1994
carrjo01,Johnny Carr,1920-1920
carrle01,Lew Carr,1901-1901
carrobr01,Brett Carroll,2007-2012
carroch01,Carroll,1884-1884
carrocl01,Cliff Carroll,1882-1893
carrocl02,Clay Carroll,1964-1978
carroco01,Cody Carroll,2018-2020
carroco02,Corbin Carroll,2022-2025
carrodi01,Dick Carroll,1909-1909
carrodi02,Dixie Carroll,1919-1919
carrodo01,Ralph Carroll,1916-1916
carroed01,Ed Carroll,1929-1929
carrofr01,Fred Carroll,1884-1891
carroja01,Jamey Carroll,2002-2013
carroow01,Ownie Carroll,1925-1934
carropa01,Pat Carroll,1884-1884
carrosc01,John Carroll,1884-1887
carrosc02,Scott Carroll,2014-2016
carroto01,Tom Carroll,1955-1959
carroto02,Tom Carroll,1974-1975
carrwa01,Wayne Carr,1920-1928
carseki01,Kid Carsey,1891-1901
carsoal01,Al Carson,1910-1910
carsoki01,Kit Carson,1934-1935
carsoma01,Matt Carson,2009-2013
carsoro01,Robert Carson,2012-2013
carswfr01,Frank Carswell,1953-1953
carswfr02,Frank Carswell,1944-1948
carte03,Carter,1932-1932
carte04,Carter,1938-1938
carte05,Carter,1944-1944
carteal01,Alfred Carter,1934-1934
cartean01,Andy Carter,1994-1995
cartear01,Arnold Carter,1944-1945
cartebi01,Bill Carter,1930-1938
cartebl01,Otis Carter,1925-1926
cartech01,Chris Carter,2008-2010
cartech02,Chris Carter,2010-2017
cartech03,Charley Carter,1943-1943
cartecl01,Cliff Carter,1923-1934
carteev01,Evan Carter,2023-2024
cartega01,Gary Carter,1974-1992
carteho01,Howie Carter,1926-1926
carteje01,Jeff Carter,1991-1991
carteji01,Jim Carter,1948-1948
cartejo01,Joe Carter,1983-1998
cartela01,Larry Carter,1992-1992
cartela02,Lance Carter,1999-2006
cartele01,Lee Carter,1940-1940
cartema01,Marlin Carter,1932-1948
carteni01,Nick Carter,1908-1908
cartepa01,Paul Carter,1914-1920
cartepa02,Paul Carter,1932-1936
carteso01,Sol Carter,1931-1931
cartesp01,Spoon Carter,1932-1948
cartest01,Steve Carter,1989-1990
cartewi01,William Carter,1920-1920
cartwed01,Ed Cartwright,1890-1897
cartyri01,Rico Carty,1963-1979
carusmi01,Mike Caruso,1998-2002
carutbo01,Bob Caruthers,1884-1893
carvama01,Marcos Carvajal,2005-2007
carych01,Chuck Cary,1985-1993
carysc01,Scott Cary,1947-1947
casalcu01,Curt Casali,2014-2024
casalje01,Jerry Casale,1958-1962
casanpa01,Paul Casanova,1965-1974
casanra01,Raúl Casanova,1996-2008
casastr01,Triston Casas,2022-2025
cascajo01,Joe Cascarella,1934-1938
case02,Case,1932-1932
casech01,Charlie Case,1901-1906
casege01,George Case,1937-1947
caseybi01,Tommy Casey,1887-1887
caseybo01,Bob Casey,1882-1882
caseyda01,Dan Casey,1884-1890
caseyde01,Dennis Casey,1884-1885
caseydo01,James Casey,1898-1907
caseyhu01,Hugh Casey,1935-1949
caseyjo01,Joe Casey,1909-1918
caseyjo02,Joe Casey,1920-1920
caseymi01,Mickey Casey,1932-1942
caseyse01,Sean Casey,1997-2008
cashbi01,Bill Cash,1943-1948
cashda01,Dave Cash,1969-1980
cashica01,Carl Cashion,1911-1914
cashke01,Kevin Cash,2002-2010
cashnan01,Andrew Cashner,2010-2019
cashno01,Norm Cash,1958-1974
cashro01,Ron Cash,1973-1974
casiala01,Larry Casian,1990-1998
casilal01,Alexi Casilla,2006-2014
casimca01,Carlos Casimiro,2000-2000
caskecr01,Craig Caskey,1973-1973
caskied01,Ed Caskin,1879-1886
casonjo01,John Cason,1923-1928
caspabe01,Ben Casparius,2024-2025
cassaha01,Harry Cassady,1904-1905
cassebo01,Bobby Cassevah,2010-2012
casseja01,Jack Cassel,2007-2008
cassied01,Ed Cassian,1891-1891
cassija01,Jack Cassini,1949-1949
cassijo01,John Cassidy,1875-1885
cassijo02,Joe Cassidy,1904-1905
cassipe01,Pete Cassidy,1896-1899
cassisc01,Scott Cassidy,2002-2006
castada01,Daniel Castano,2020-2023
casteal01,Alex Castellanos,2012-2013
castege01,George Caster,1934-1946
castehu01,Humberto Castellanos,2020-2024
casteni01,Nick Castellanos,2013-2025
castepe01,Pedro Castellano,1993-1996
castery01,Ryan Castellani,2020-2022
castial01,Alberto Castillo,1995-2007
castial02,Alberto Castillo,2008-2011
castibo01,Bobby Castillo,1977-1985
castibr01,Braulio Castillo,1991-1992
castica01,Carmelo Castillo,1982-1991
castica02,Carlos Castillo,1997-2001
castidi01,Diego Castillo,2018-2024
castidi02,Diego Castillo,2022-2024
castier01,Erick Castillo,2021-2021
castifa01,Fabio Castillo,2017-2017
castifr01,Frank Castillo,1991-2005
castiiv01,Ivan Castillo,2021-2021
castiji01,Jim Castiglia,1942-1942
castijo01,John Castino,1979-1984
castijo02,José Castillo,2004-2008
castijo03,José Castillo,2018-2023
castiju01,Juan Castillo,1986-1989
castiju02,Juan Castillo,1994-1994
castile01,Lendy Castillo,2012-2012
castilu01,Luis Castillo,1996-2010
castilu02,Luis Castillo,2017-2025
castilu03,Luis Castillo,2022-2025
castima01,Manny Castillo,1980-1983
castima02,Marty Castillo,1981-1985
castima03,Max Castillo,2022-2023
castipe01,Pete Castiglione,1947-1954
castiru02,Rusney Castillo,2014-2016
castito01,Tony Castillo,1978-1978
castito02,Tony Castillo,1988-1998
castivi01,Vince Castino,1943-1945
castivi02,Vinny Castilla,1991-2006
castiwe01,Welington Castillo,2010-2019
castiwi01,Wilkin Castillo,2008-2019
castldo01,Don Castle,1973-1973
castlfo01,Foster Castleman,1954-1958
castljo01,John Castle,1910-1910
castlro01,Roy Castleton,1907-1910
castlsl01,Slick Castleman,1934-1939
castnpa01,Paul Castner,1923-1923
castoko01,Kory Casto,2007-2008
castran01,Ángel Castro,2015-2015
castran02,Anthony Castro,2020-2022
castrbe01,Bernie Castro,2005-2006
castrbi01,Bill Castro,1974-1983
castrda01,Daniel Castro,2015-2018
castrfa01,Fabio Castro,2006-2007
castrha01,Harold Castro,2018-2023
castrja01,Jason Castro,2010-2022
castrju01,Juan Castro,1995-2011
castrke01,Kervin Castro,2021-2022
castrlu01,Lou Castro,1902-1902
castrlu02,Luis Castro,1929-1929
castrmi01,Miguel Castro,2015-2024
castrra01,Ramón Castro,1999-2011
castrra02,Ramón Castro,2004-2004
castrro01,Rodolfo Castro,2021-2023
castrsi01,Simón Castro,2013-2017
castrst01,Starlin Castro,2010-2021
castrwi01,Willi Castro,2019-2025
catalfr01,Frank Catalanotto,1997-2010
caterda01,Danny Cater,1964-1975
catesel01,Eli Cates,1908-1908
catesjo01,Joe Cates,1931-1931
catetr01,Troy Cate,2007-2007
catheha01,Hardin Cathey,1942-1942
cathemi01,Mike Cather,1997-1999
cathete01,Ted Cather,1912-1915
cathewi01,Willie Cathey,1948-1948
catoke01,Keefe Cato,1983-1984
catonho01,Howdy Caton,1917-1920
cattajo01,John Cattanach,1884-1884
catteto01,Tom Catterson,1908-1909
caudibi01,Bill Caudill,1979-1987
caulfja01,Jake Caulfield,1946-1946
causere01,Red Causey,1918-1922
causewa01,Wayne Causey,1955-1968
cavalca01,Cade Cavalli,2022-2022
cavanjo01,John Cavanaugh,1919-1919
cavarph01,Phil Cavarretta,1934-1955
cavazan01,Andy Cavazos,2007-2007
caveja01,Jake Cave,2018-2024
cavenik01,Ike Caveney,1922-1925
cavetpu01,Pug Cavet,1911-1915
ceasedy01,Dylan Cease,2019-2025
ceccaar01,Art Ceccarelli,1955-1960
cecchga01,Garin Cecchini,2014-2015
cecchga02,Gavin Cecchini,2016-2017
ceccosl01,Slade Cecconi,2023-2024
cecenjo01,José Cecena,1988-1988
cecilbr01,Brett Cecil,2009-2018
cecilda01,Darrell Ceciliani,2015-2017
cecilre01,Rex Cecil,1944-1945
cedajo01,José Ceda,2010-2011
cedenan01,Andújar Cedeño,1990-1996
cedence01,César Cedeño,1970-1986
cedendo01,Domingo Cedeño,1993-1999
cedenro01,Roger Cedeño,1995-2005
cedenro02,Ronny Cedeño,2005-2014
cedenxa01,Xavier Cedeño,2011-2019
cederbl01,Blake Cederlind,2020-2020
celadar01,Armando Celada,1929-1929
celesgi01,Gilberto Celestino,2021-2022
centeju01,Juan Centeno,2013-2019
centepe01,Pete Center,1942-1946
cepedor01,Orlando Cepeda,1958-1974
cephugo01,Goldie Cephus,1934-1934
cepicma01,Matthew Cepicky,2002-2006
cerdaja01,Jaime Cerda,2002-2005
cermaed01,Ed Cermak,1901-1901
ceronri01,Rick Cerone,1975-1992
cerroju01,Juan Cerros,2003-2003
cerutjo01,John Cerutti,1985-1991
cervbo01,Bob Cerv,1951-1962
cervefr01,Francisco Cervelli,2008-2020
cervehu01,Hunter Cervenka,2016-2017
cervemi01,Mike Cervenak,2008-2008
cespeyo01,Yoenis Céspedes,2012-2020
cessalu01,Luis Cessa,2016-2023
ceyro01,Ron Cey,1971-1987
chacial01,Alejandro Chacín,2017-2017
chacigu01,Gustavo Chacín,2004-2010
chacijh01,Jhoulys Chacín,2009-2022
chacoel01,Elio Chacón,1960-1962
chacope01,Pelayo Chacón,1923-1927
chacosh01,Shawn Chacón,2001-2008
chadbch01,Chet Chadbourne,1906-1918
chadwra01,Ray Chadwick,1986-1986
chafian01,Andrew Chafin,2014-2024
chagnle01,Leon Chagnon,1929-1935
chakabo01,Bob Chakales,1951-1957
chalkda01,Dave Chalk,1973-1981
chalmge01,George Chalmers,1910-1916
chambad01,Adron Chambers,2011-2013
chambal01,Al Chambers,1983-1985
chambbi01,Bill Chambers,1910-1910
chambbi02,Bill Chamberlain,1932-1932
chambch01,Chris Chambliss,1971-1988
chambcl01,Cliff Chambers,1948-1953
chambcr01,Craig Chamberlain,1979-1980
chambel01,Ice Box Chamberlain,1886-1896
chambji01,Jim Chamblee,2003-2003
chambjo01,Joe Chamberlain,1934-1934
chambjo02,Johnnie Chambers,1937-1937
chambjo03,Joba Chamberlain,2007-2016
chambro01,Rome Chambers,1900-1900
chambru01,Rube Chambers,1925-1927
chambwe01,Wes Chamberlain,1990-1995
champbi01,Bill Champion,1969-1976
champmi01,Mike Champion,1976-1978
chancbo01,Bob Chance,1963-1969
chancde01,Dean Chance,1961-1971
chancfr01,Frank Chance,1898-1914
chanded01,Ed Chandler,1947-1947
chandsp01,Spud Chandler,1937-1947
chaneda01,Darrel Chaney,1969-1979
chanees01,Esty Chaney,1913-1914
changyu01,Yu Chang,2019-2023
channle01,Les Channell,1910-1914
chantch01,Charlie Chant,1975-1976
chapaan01,Andrés Chaparro,2024-2024
chape01,Chapel,1939-1939
chapida01,Darrin Chapin,1991-1992
chapl02,Chaplin,1946-1946
chapled01,Ed Chaplin,1920-1922
chaplti01,Tiny Chaplin,1928-1936
chapmar01,Aroldis Chapman,2010-2025
chapmbe01,Ben Chapman,1930-1946
chapmca01,Calvin Chapman,1935-1936
chapmed01,Ed Chapman,1933-1933
chapmed02,Edward Chapman,1927-1931
chapmfr01,Frank Chapman,1887-1887
chapmfr02,Fred Chapman,1939-1941
chapmgl01,Glenn Chapman,1934-1934
chapmha01,Harry Chapman,1912-1916
chapmja01,Jack Chapman,1874-1876
chapmja02,Jaye Chapman,2012-2012
chapmjo01,John Chapman,1924-1924
chapmke01,Kelvin Chapman,1979-1985
chapmke02,Kevin Chapman,2013-2016
chapmle01,Leonardo Chapman,1944-1944
chapmma01,Matt Chapman,2017-2025
chapmra01,Ray Chapman,1912-1920
chapmsa01,Sam Chapman,1938-1951
chapmtr01,Travis Chapman,2003-2003
chappbi01,Bill Chappelle,1908-1914
chappha01,Harry Chappas,1978-1980
chappla01,Larry Chappell,1913-1917
charbjo01,Joe Charboneau,1980-1982
chargjt01,JT Chargois,2016-2024
charlbe01,Bennie Charleston,1931-1931
charlch01,Raymond Charles,1908-1910
charled01,Ed Charles,1962-1969
charlfr01,Frank Charles,2000-2000
charlno01,Norm Charlton,1988-2001
charlos99,Oscar Charleston,1920-1941
charlpo01,Porter Charleston,1927-1935
charlre01,Red Charleston,1924-1932
chartbi01,Babe Charter,1943-1946
chartmi01,Mike Chartak,1940-1944
chartpe01,Pete Charton,1964-1964
chase02,Chase,1920-1920
chaseha01,Hal Chase,1905-1919
chaseke01,Ken Chase,1936-1943
chathbu01,Buster Chatham,1930-1931
chatm01,Chatman,1922-1922
chatmed01,Edgar Chatman,1944-1945
chattji01,Jim Chatterton,1884-1884
chatwty01,Tyler Chatwood,2011-2021
chavaos01,Ossie Chavarria,1966-1967
chavean01,Anthony Chavez,1997-1997
chavean02,Ángel Chávez,2005-2005
chaveen01,Endy Chávez,2001-2014
chaveer01,Eric Chavez,1998-2014
chaveje01,Jesse Chavez,2008-2025
chavene01,Néstor Chávez,1967-1967
chavera01,Raúl Chávez,1996-2009
chavimi01,Michael Chavis,2019-2023
cheadda01,Dave Cheadle,1973-1973
chechch01,Charlie Chech,1905-1909
checoro01,Robinson Checo,1997-1999
cheekha01,Harry Cheek,1910-1910
cheevvi01,Virgil Cheeves,1920-1927
cheliit01,Italo Chelini,1935-1937
chenbr01,Bruce Chen,1998-2015
chench01,Chin-Feng Chen,2002-2005
chenela01,Larry Cheney,1911-1919
cheneto01,Tom Cheney,1957-1966
chengts01,Tsung-Che Cheng,2025-2025
chenwe02,Wei-Yin Chen,2012-2019
cherrro01,Rocky Cherry,2007-2008
chervpa01,Paul Chervinko,1937-1938
chesbja01,Jack Chesbro,1899-1909
chesnbo01,Bob Chesnes,1948-1950
chestda01,David Chester,1926-1926
chetkmi01,Mitch Chetkovich,1945-1945
cheveto01,Tony Chevez,1977-1977
chiamsc01,Scott Chiamparino,1990-1992
chiassc01,Scott Chiasson,2001-2002
chicktr01,Travis Chick,2006-2006
chicoma01,Matt Chico,2007-2010
chifffl01,Floyd Chiffer,1982-1984
childan01,Andy Childs,1937-1938
childbi01,Bill Childress,1895-1895
childcu01,Cupid Childs,1888-1901
childha01,Harry Child,1930-1930
childja01,Jason Childers,2006-2006
childma01,Matt Childers,2002-2005
childos01,Oscar Childs,1945-1945
childpe01,Pete Childs,1901-1902
childro01,Rocky Childress,1985-1988
childsa01,Sam Childs,1883-1883
childso01,Son Childs,1929-1929
chilepe01,Pearce Chiles,1899-1900
chileri01,Rich Chiles,1971-1978
chiozdi01,Dino Chiozza,1935-1935
chiozlo01,Lou Chiozza,1934-1939
chipmbo01,Bob Chipman,1941-1952
chippwa01,Walt Chipple,1945-1945
chiriro01,Robinson Chirinos,2011-2022
chiriyo01,Yonny Chirinos,2018-2024
chiselo01,Lonnie Chisenhall,2011-2018
chishja01,Jazz Chisholm Jr.,2020-2025
chismel01,Eli Chism,1946-1947
chismto01,Tom Chism,1979-1979
chisujo01,John Chisum,1937-1937
chitiha01,Harry Chiti,1950-1962
chitrst01,Steve Chitren,1990-1991
chittne01,Nelson Chittum,1958-1960
chivian01,Angel Chivilli,2024-2025
chlupbo01,Bob Chlupsa,1970-1971
choatdo01,Don Choate,1960-1960
choatra01,Randy Choate,2000-2015
choicmi01,Michael Choice,2013-2015
choihe01,Hee-Seop Choi,2002-2005
choiji01,Jiman Choi,2016-2023
choji01,Jin Ho Cho,1998-1999
choosh01,Shin-Soo Choo,2005-2020
chouibo01,Bobby Chouinard,1996-2001
chouife01,Felix Chouinard,1910-1915
chounch01,Bill Chouneau,1910-1910
chourja01,Jackson Chourio,2024-2025
chozeha01,Harry Chozen,1937-1937
chrisbo01,Bob Christian,1968-1970
chrisbr01,Bruce Christensen,1971-1971
chriscl01,Clay Christiansen,1984-1984
chriscu01,Walter Christensen,1926-1927
chrisga01,Gary Christenson,1979-1980
chrisja01,Jason Christiansen,1995-2005
chrisjo01,Joe Christopher,1959-1966
chrisjo02,John Christensen,1984-1988
chrisju01,Justin Christian,2008-2012
chrisla01,Larry Christenson,1973-1983
chrisll01,Lloyd Christenbury,1919-1922
chrislo01,Loyd Christopher,1945-1947
chrisma01,Mark Christman,1938-1949
chrismc01,McKay Christensen,1999-2002
chrismi01,Mike Chris,1979-1983
chrismi02,Mike Christopher,1991-1996
chrisne01,Neil Chrisley,1957-1961
chrisni01,Nick Christiani,2013-2014
chrisru01,Russ Christopher,1942-1948
chrisry01,Ryan Christenson,1998-2003
chrisst01,Steve Christmas,1983-1986
christh01,Thad Christopher,1936-1945
christi01,Tim Christman,2001-2001
chulkvi01,Vinnie Chulk,2003-2012
churcbu01,Bubba Church,1950-1955
churchi01,Hi Church,1890-1890
churcle01,Len Church,1966-1966
churcma01,Marc Church,2024-2025
churcry01,Ryan Church,2004-2010
churnch01,Chuck Churn,1957-1959
churrjo01,John Churry,1924-1927
ciaffla01,Larry Ciaffone,1951-1951
cianfar01,Archi Cianfrocco,1992-1998
ciardma01,Mark Ciardi,1987-1987
ciasda01,Darryl Cias,1983-1983
cicerjo01,Joe Cicero,1929-1945
cicotal01,Al Cicotte,1957-1962
cicoted01,Eddie Cicotte,1905-1920
cieslte01,Ted Cieslak,1944-1944
cihocal01,Al Cihocki,1945-1945
cihoced01,Ed Cihocki,1932-1933
cimbead01,Adam Cimber,2018-2024
ciminpe01,Pete Cimino,1965-1968
cimolgi01,Gino Cimoli,1956-1965
cimorfr01,Frank Cimorelli,1994-1994
cingrto01,Tony Cingrani,2012-2018
cintral01,Alex Cintrón,2001-2009
ciolalo01,Lou Ciola,1943-1943
ciprifr01,Frank Cipriani,1961-1961
ciriape01,Pedro Ciriaco,2010-2015
cirilje01,Jeff Cirillo,1994-2007
cisarge01,George Cisar,1937-1937
cisco02,Cisco,1940-1940
ciscoga01,Galen Cisco,1961-1969
cishest01,Steve Cishek,2010-2022
cisnejo01,José Cisnero,2013-2024
cissebi01,Bill Cissell,1928-1938
citarra01,Ralph Citarella,1983-1987
ciuffni01,Nick Ciuffo,2018-2021
civalaa01,Aaron Civale,2019-2025
clabamo01,Moose Clabaugh,1926-1926
clackbo01,Bobby Clack,1874-1876
claggan01,Anthony Claggett,2009-2009
claibpr01,Preston Claiborne,2013-2017
clairda01,Davey Claire,1920-1920
clancal01,Al Clancy,1911-1911
clancbi01,Bill Clancy,1905-1905
clancbu01,Bud Clancy,1924-1934
clancji01,Jim Clancy,1977-1991
clantuk01,Eucal Clanton,1922-1922
clapich01,Chris Clapinski,1999-2000
clappaa01,Aaron Clapp,1879-1879
clappjo01,John Clapp,1872-1883
clappst01,Stubby Clapp,2001-2001
clarede01,Denny Clare,1872-1872
claredo01,Doug Clarey,1976-1976
clark07,Clark,1928-1928
clark08,Clark,1931-1931
clark09,Clark,1932-1932
clark10,Clark,1944-1944
clarkal01,Allie Clark,1947-1953
clarkal02,Albert Clark,1930-1930
clarkal03,Alex Clark,1931-1931
clarkar01,Artie Clarke,1890-1891
clarkbi01,Win Clark,1897-1897
clarkbi02,Bill Clarkson,1927-1929
clarkbo01,Bob Clark,1886-1893
clarkbo02,William Clarke,1893-1905
clarkbo03,Bob Clark,1920-1921
clarkbo04,Bobby Clark,1979-1985
clarkbo05,Bob Clarke,1923-1948
clarkbr01,Bryan Clark,1981-1990
clarkbr02,Brady Clark,2000-2008
clarkbu01,Buster Clarkson,1938-1952
clarkca01,Cap Clark,1938-1938
clarkca02,Calvin Clarke,1938-1938
clarkcl01,Cleveland Clark,1945-1948
clarkco01,Cody Clark,2013-2013
clarkda01,Dad Clarke,1888-1898
clarkda02,Dad Clarkson,1891-1896
clarkda03,Dad Clark,1902-1902
clarkda04,Danny Clark,1922-1927
clarkda05,Dave Clark,1986-1998
clarkda06,Darren Clarke,2007-2007
clarkde01,Dell Clark,1921-1921
clarkdo01,Doug Clark,2005-2006
clarkea01,Earl Clark,1927-1934
clarked01,Ed Clark,1886-1886
clarkfr01,Fred Clarke,1894-1915
clarkge01,George Clark,1913-1913
clarkgi01,Ginger Clark,1902-1902
clarkgl01,Glen Clark,1967-1967
clarkgr01,Grey Clarke,1944-1944
clarkha01,Harry Clarke,1889-1889
clarkhe01,Henry Clarke,1897-1898
clarkho01,Horace Clarke,1965-1974
clarkho02,Howie Clark,2002-2008
clarkja01,Jack Clark,1975-1992
clarkje01,Jerald Clark,1988-1995
clarkje02,Jermaine Clark,2001-2005
clarkji01,Jim Clark,1911-1912
clarkji02,Jim Clark,1948-1948
clarkji03,Jim Clark,1971-1971
clarkjo01,John Clarkson,1882-1894
clarkjo02,Josh Clarke,1898-1911
clarkle01,Lefty Clarke,1921-1921
clarkma01,Mark Clark,1991-2000
clarkma02,Matt Clark,2014-2014
clarkma03,Maceo Clark,1924-1925
clarkme01,Mel Clark,1951-1957
clarkmi01,Mike Clark,1952-1953
clarkmo01,Morten Clark,1920-1923
clarkni01,Jay Clarke,1905-1920
clarkot01,Otey Clark,1945-1945
clarkpe01,Harry Clark,1903-1903
clarkph01,Phil Clark,1958-1959
clarkph02,Phil Clark,1992-1996
clarkra01,Ray Clark,1934-1935
clarkri01,Rickey Clark,1967-1972
clarkro01,Roy Clark,1902-1902
clarkro02,Ron Clark,1966-1975
clarkru01,Rufe Clarke,1923-1924
clarkse01,Sensation Clark,1922-1924
clarksp01,Spider Clark,1889-1890
clarkst01,Stu Clarke,1929-1930
clarkst02,Stan Clarke,1983-1990
clarksu01,Sumpter Clarke,1920-1924
clarkta01,Taylor Clarke,2019-2023
clarkte01,Terry Clark,1988-1997
clarkto01,Tommy Clarke,1909-1918
clarkto02,Tony Clark,1995-2009
clarkwa01,Walter Clarkson,1904-1908
clarkwa02,Watson Clark,1924-1937
clarkwe01,Webbo Clarke,1946-1955
clarkwi01,Willie Clark,1895-1899
clarkwi02,Will Clark,1986-2000
clarkza01,Zach Clark,2013-2013
claryel01,Ellis Clary,1942-1945
claryma01,Marty Clary,1987-1990
claseem01,Emmanuel Clase,2019-2025
clasego01,Gowell Claset,1933-1933
clasejo01,Jonatan Clase,2024-2024
claudal01,Alex Claudio,2014-2023
clausal01,Al Clauss,1913-1913
clausbr01,Brandon Claussen,2003-2006
clausfr01,Fritz Clausen,1892-1896
claxtji01,Jimmy Claxton,1932-1932
clay03,Clay,1945-1945
clay04,Clay,1947-1947
claybi01,Bill Clay,1902-1902
clayda01,Dain Clay,1943-1946
clayda02,Danny Clay,1988-1988
clayke01,Ken Clay,1977-1981
claysa01,Sam Clay,2021-2022
claytro01,Royce Clayton,1991-2007
claytza01,Zack Clayton,1934-1945
cleagra01,Ralph Cleage,1924-1924
clearjo01,Joe Cleary,1945-1945
clearma01,Mark Clear,1979-1990
cleavga01,Garrett Cleavinger,2020-2025
clemebi01,Bill Clemensen,1939-1946
clemebo01,Bob Clemens,1914-1914
clemech01,Chet Clemens,1939-1944
clemecl01,Clem Clemens,1914-1916
clemedo01,Doug Clemens,1960-1968
clemeed01,Fred Clement,1890-1890
clemeed02,Edgard Clemente,1998-2000
clemeer01,Ernie Clement,2021-2025
clemeja01,Jack Clements,1884-1900
clemeje01,Jeff Clement,2007-2012
clemeko01,Kody Clemens,2022-2025
clemema01,Matt Clement,1998-2006
clemepa01,Pat Clements,1985-1992
clemepa02,Paul Clemens,2013-2016
clemero01,Roberto Clemente,1955-1972
clemero02,Roger Clemens,1984-2007
clemewa01,Wally Clement,1908-1909
clemoch01,Chris Clemons,1997-1997
clemola01,Lance Clemons,1971-1974
clemove01,Verne Clemons,1916-1924
clenddo01,Donn Clendenon,1961-1972
cletoma01,Maikel Cleto,2011-2014
clevedu01,Duke Cleveland,1938-1947
cleveel01,Elmer Cleveland,1884-1891
clevere01,Reggie Cleveland,1969-1981
clevest01,Steve Clevenger,2011-2016
clevete01,Tex Clevenger,1954-1962
clevimi01,Mike Clevinger,2016-2025
clevlbr01,Brent Clevlen,2006-2010
clibust01,Stan Cliburn,1980-1980
clibust02,Stew Cliburn,1984-1988
clifflu01,Luther Clifford,1948-1948
cliftfl01,Flea Clifton,1934-1937
cliftha01,Harlond Clift,1934-1945
clinege01,Gene Clines,1970-1979
clinemo01,Monk Cline,1882-1891
clinety01,Ty Cline,1960-1971
clingbi01,Billy Clingman,1890-1903
clintji01,Jim Clinton,1872-1886
clintlo01,Lou Clinton,1960-1967
clippty01,Tyler Clippard,2007-2022
clonito01,Tony Cloninger,1961-1972
clontbr01,Brad Clontz,1995-2000
clossjd01,JD Closser,2004-2006
clostal01,Al Closter,1966-1973
cloudke01,Ken Cloude,1997-1999
clouged01,Ed Clough,1924-1926
clowebi01,Bill Clowers,1926-1926
cloydty01,Tyler Cloyd,2012-2018
cluttbr01,Bryan Clutterbuck,1986-1989
clybuda01,Danny Clyburn,1997-1999
clydeda01,David Clyde,1973-1979
clydeto01,Tom Clyde,1943-1943
clymebi01,Bill Clymer,1891-1891
clymeot01,Otis Clymer,1905-1913
coachja01,James Coachman,1945-1945
coachpe01,Pete Coachman,1990-1990
coaklan01,Andy Coakley,1902-1911
coangi01,Gil Coan,1946-1956
coateji01,Jim Coates,1956-1967
coatsbu01,Buck Coats,2006-2008
coatsja01,Jason Coats,2016-2016
cobbal01,Alex Cobb,2011-2024
cobbge01,George Cobb,1892-1892
cobbhe01,Herb Cobb,1929-1929
cobbjo01,Joe Cobb,1918-1918
cobblo01,Lorenza Cobb,1920-1920
cobbty01,Ty Cobb,1905-1928
cobbw01,W. Cobb,1928-1932
cobleda01,Dave Coble,1939-1939
cocanja01,Jaime Cocanower,1983-1986
cochrda01,Dave Cochrane,1986-1992
cochrge01,George Cochran,1918-1918
cochrgo01,Goat Cochran,1915-1915
cochrmi01,Mickey Cochrane,1925-1937
cockeji01,Jimmy Cockerham,1937-1944
cockmji01,Jim Cockman,1905-1905
cockral01,Alan Cockrell,1996-1996
cockrph01,Phil Cockrell,1923-1934
cocopa01,Pasqual Coco,2000-2002
cocrege01,Gene Cocreham,1913-1915
codirch01,Chris Codiroli,1982-1990
codyky01,Kyle Cody,2020-2021
coellro01,Robert Coello,2010-2013
coffeja01,Jack Coffey,1909-1918
coffeto01,Todd Coffey,2005-2012
coffiiv01,Ivanon Coffie,2000-2000
coffmdi01,Dick Coffman,1927-1945
coffmke01,Kevin Coffman,1987-1990
coffmsl01,George Coffman,1937-1940
cogandi01,Dick Cogan,1897-1900
coganto01,Tony Cogan,2001-2001
coggida01,Dave Coggin,2000-2002
coggifr01,Frank Coggins,1967-1972
coggiri01,Rich Coggins,1972-1976
coghlch01,Chris Coghlan,2009-2017
cogswed01,Ed Cogswell,1879-1882
cohenal01,Alta Cohen,1931-1933
cohenan01,Andy Cohen,1926-1929
cohenhy01,Hy Cohen,1955-1955
cohenji01,Jim Cohen,1948-1948
cohensy01,Syd Cohen,1934-1937
coimbpa01,Pancho Coimbre,1940-1944
cokeph01,Phil Coke,2008-2016
cokerji01,Jimmie Coker,1958-1967
colabch01,Chris Colabello,2013-2016
colanmi01,Mike Colangelo,1999-2002
colasca01,Carlos Colás,1941-1941
colasjo01,José Colás,1947-1948
colasos01,Oscar Colás,2023-2024
colavro01,Rocky Colavito,1955-1968
colbecr01,Craig Colbert,1992-1993
colbemi01,Mike Colbern,1978-1979
colbena01,Nate Colbert,1966-1976
colbevi01,Vince Colbert,1970-1972
colboji01,Jim Colborn,1969-1978
colbrgr01,Greg Colbrunn,1992-2004
colcoto01,Tom Colcolough,1893-1899
coleaj01,A.J. Cole,2015-2021
coleal01,Alex Cole,1990-1996
colear01,Archie Cole,1923-1924
colebe01,Bert Cole,1921-1927
colece01,Cecil Cole,1946-1946
coleda01,Dave Cole,1950-1955
coledi01,Dick Cole,1951-1957
coleed01,Ed Cole,1938-1939
colege01,Gerrit Cole,2013-2024
coleki01,King Cole,1909-1915
colemar01,Arthur Coleman,1920-1921
colembo01,Bob Coleman,1913-1916
colemca01,Casey Coleman,2010-2014
colemch01,Choo-Choo Coleman,1961-1966
colemcu01,Curt Coleman,1912-1912
colemda01,Dave Coleman,1977-1977
colemdu01,Dusty Coleman,2015-2017
colemdy01,Dylan Coleman,2021-2024
colemed01,Ed Coleman,1932-1936
colemgi01,Gilbert Coleman,1929-1932
colemgo01,Gordy Coleman,1959-1967
colemje01,Jerry Coleman,1949-1957
colemjo01,John Coleman,1883-1890
colemjo02,John Coleman,1890-1890
colemjo03,Walter Coleman,1895-1895
colemjo04,Joe Coleman,1942-1955
colemjo05,Joe Coleman,1965-1979
colemlo01,Louis Coleman,2011-2018
colemme01,Melvin Coleman,1937-1937
colemmi01,Michael Coleman,1997-2001
colempe01,Percy Coleman,1897-1898
colemra01,Ray Coleman,1947-1952
colemri01,Rip Coleman,1955-1960
colemvi01,Vince Coleman,1985-1997
colesca01,Cad Coles,1914-1914
colesch01,Chuck Coles,1958-1958
colesda01,Darnell Coles,1983-1997
colesra01,Ralph Coles,1939-1941
colest01,Stu Cole,1991-1991
coleta01,Taylor Cole,2017-2019
coletch01,Chris Coletta,1972-1972
colevi01,Victor Cole,1992-1992
colewi01,Willis Cole,1909-1910
colgaed01,Billy Colgan,1884-1884
colinal01,Alvin Colina,2006-2006
colined01,Edwar Colina,2020-2020
collaal01,Allan Collamore,1911-1915
collaha01,Hap Collard,1927-1930
collawi01,Willie Collazo,2007-2007
colli04,Collins,1928-1928
colli05,Collins,1948-1948
colliat01,Atkins Collins,1932-1932
collibi01,Bill Collins,1887-1892
collibi02,Bill Collins,1910-1914
collibo01,Bob Collier,1928-1928
collich01,Chub Collins,1884-1885
collida01,Dan Collins,1874-1876
collida02,Dave Collins,1975-1990
collido01,Don Collins,1977-1980
collied01,Eddie Collins,1906-1930
collied02,Eddie Collins,1939-1942
collige01,George Collins,1923-1925
collige02,Gene Collins,1947-1948
colliha01,Harry Colliflower,1899-1899
collihu01,Hub Collins,1886-1892
colliis01,Isaac Collins,2024-2025
colliji01,Jimmy Collins,1895-1908
collijo01,Joe Collins,1948-1957
collike01,Kevin Collins,1965-1971
collilo01,Lou Collier,1997-2004
collior01,Orth Collins,1904-1909
collior02,Orlin Collier,1931-1931
collipa01,Pat Collins,1919-1929
colliph01,Phil Collins,1923-1935
collira01,Ray Collins,1909-1915
colliri01,Rip Collins,1920-1931
colliri02,Ripper Collins,1931-1941
colliri03,Bob Collins,1940-1944
collish01,Shano Collins,1910-1925
colliso01,Sonny Collins,1934-1934
colliti01,Tim Collins,2011-2019
collity01,Tyler Collins,2014-2017
colliwi01,Wilson Collins,1913-1914
colliza01,Zack Collins,2019-2023
collizi01,Zip Collins,1914-1921
collmjo01,Josh Collmenter,2011-2017
colluja01,Jackie Collum,1951-1962
collvbi01,Bill Collver,1885-1885
colmafr01,Frank Colman,1942-1947
colomal01,Alex Colomé,2013-2023
colomje01,Jesús Colomé,2001-2010
colonba01,Bartolo Colón,1997-2018
colonch01,Christian Colón,2014-2020
coloncr01,Cris Colón,1992-1992
colonjo01,Joe Colón,2016-2016
colonro01,Román Colón,2004-2012
colpadi01,Dick Colpaert,1970-1970
colsolo01,Loyd Colson,1970-1970
colthal01,Alex Colthirst,1948-1948
coltola01,Larry Colton,1968-1968
colucbo01,Bob Coluccio,1973-1978
colvity01,Tyler Colvin,2009-2014
colyest01,Steve Colyer,2003-2007
colziji01,Jim Colzie,1946-1947
combege01,Geoff Combe,1980-1981
combsea01,Earle Combs,1924-1935
combsja01,Jack Combs,1923-1926
combsme01,Merrill Combs,1947-1952
combspa01,Pat Combs,1989-1992
comeljo01,Jorge Comellas,1945-1945
comerst01,Steve Comer,1978-1984
comerwa01,Wayne Comer,1967-1972
comisch01,Charlie Comiskey,1882-1894
commaji01,Jim Command,1954-1955
comorad01,Adam Comorosky,1926-1935
comptcl01,Clint Compton,1972-1972
comptja01,Jack Compton,1911-1911
comptmi01,Mike Compton,1970-1970
comptpe01,Pete Compton,1911-1918
comstke01,Keith Comstock,1984-1991
comstra01,Ralph Comstock,1913-1918
conatcl01,Clint Conatser,1948-1949
conceda01,Dave Concepción,1970-1988
concege01,Gerardo Concepción,2016-2016
concemo01,Monchile Concepción,1934-1934
conceon01,Onix Concepción,1980-1987
condera01,Ramón Conde,1962-1962
condrcl01,Clay Condrey,2002-2009
conebo01,Bob Cone,1915-1915
coneda01,David Cone,1986-2003
conefr01,Fred Cone,1871-1871
confomi01,Michael Conforto,2015-2025
congabu01,Bunk Congalton,1902-1907
congedi01,Dick Conger,1940-1943
congeha01,Hank Conger,2010-2016
conigbi01,Billy Conigliaro,1969-1973
conigto01,Tony Conigliaro,1964-1975
coningr01,Griffin Conine,2024-2025
coninje01,Jeff Conine,1990-2007
conkwal01,Allen Conkwright,1920-1920
conlajo01,Jocko Conlan,1934-1935
conlead01,Adam Conley,2015-2021
conlebo01,Bob Conley,1958-1958
conleed01,Ed Conley,1884-1884
conlege01,Gene Conley,1952-1963
conlesn01,Snipe Conley,1914-1918
conlojo01,Jocko Conlon,1923-1923
conlopj01,P.J. Conlon,2018-2018
connabr01,Bruce Connatser,1931-1932
connafr01,Frank Connaughton,1894-1906
connafr02,Fritzie Connally,1983-1985
connasa01,Sarge Connally,1921-1934
connbe01,Bert Conn,1898-1901
connebi01,Bill Connelly,1945-1953
connege01,Gene Connell,1931-1931
connejo01,Joe Connell,1926-1926
connepe01,Peter Connell,1886-1890
connest01,Steve Connelly,1998-1998
connete01,Terry Connell,1874-1874
conneto01,Tom Connelly,1920-1921
connobi01,Bill Connors,1966-1968
connobu01,Bud Connolly,1925-1925
connoch01,Chuck Connors,1949-1951
connoed01,Ed Connolly,1929-1932
connoed02,Ed Connolly,1964-1967
connoje01,Jerry Connors,1892-1892
connoji01,Jim Connor,1892-1899
connojo01,Joe Connors,1884-1884
connojo02,John Connor,1884-1885
connojo03,Joe Connor,1895-1905
connojo04,Joe Connolly,1913-1916
connojo05,Joe Connolly,1921-1924
connome01,Merv Connors,1937-1938
connone01,Ned Connor,1871-1871
connore01,Red Connally,1886-1886
connoro01,Roger Connor,1880-1897
connoto01,Tom Connolly,1915-1915
conovte01,Theodore Conover,1889-1889
conrabr01,Brooks Conrad,2008-2014
conrobe01,Ben Conroy,1890-1890
conrobi01,Bill Conroy,1923-1923
conrobi02,Bill Conroy,1935-1944
conroti01,Tim Conroy,1978-1987
conrowi01,Wid Conroy,1901-1911
consobi01,Billy Consolo,1953-1962
constji01,Jim Constable,1956-1963
constjo01,José Constanza,2011-2014
consusa01,Sandy Consuegra,1950-1957
contija01,Jason Conti,2000-2004
contrca01,Carlos Contreras,2014-2015
contrjo01,José Contreras,2003-2013
contrlu01,Luis Contreras,2024-2025
contrma01,Mark Contreras,2022-2022
contrna01,Nardi Contreras,1980-1980
contrro01,Roansy Contreras,2021-2024
contrwi01,Willson Contreras,2016-2025
contrwi02,William Contreras,2020-2025
conveji01,Jim Converse,1993-1997
conwabi01,Bill Conway,1884-1886
conwach01,Charles Conway,1911-1911
conwadi01,Dick Conway,1886-1888
conwaja01,Jack Conway,1941-1948
conwaje01,Jerry Conway,1920-1920
conwaji01,Jim Conway,1884-1889
conwaow01,Owen Conway,1915-1915
conwape01,Pete Conway,1885-1889
conwari01,Rip Conway,1918-1918
conweed01,Ed Conwell,1911-1911
conyehe01,Herb Conyers,1950-1950
conzejo01,Joe Conzelman,1913-1915
coogada01,Dan Coogan,1895-1895
coogada02,Dale Coogan,1950-1950
cookaa01,Aaron Cook,2002-2012
cookan01,Andy Cook,1993-1993
cookbi01,Billy Cook,2024-2024
cookcl01,Cliff Cook,1959-1963
cookco01,Cornelius Cook,1937-1944
cookde01,Dennis Cook,1988-2002
cookdo01,Doc Cook,1913-1916
cookea01,Earl Cook,1941-1941
cookedu01,Dusty Cooke,1930-1938
cookefr01,Fred Cooke,1897-1897
cookeji01,Jimmy Cooke,1932-1932
cookest01,Steve Cooke,1992-1998
cookgl01,Glen Cook,1985-1985
cookji01,Jim Cook,1903-1903
cookmi01,Mike Cook,1986-1993
cookpa01,Paul Cook,1884-1891
cookro01,Rollin Cook,1915-1915
cookro02,Ron Cook,1970-1971
cookry01,Ryan Cook,2011-2018
cooksbr01,Brent Cookson,1995-1999
coolbmi01,Mike Coolbaugh,2001-2002
coolbsc01,Scott Coolbaugh,1989-1994
cooledu01,Duff Cooley,1893-1905
coombbo01,Bobby Coombs,1933-1943
coombce01,Cecil Coombs,1914-1914
coombda01,Danny Coombs,1963-1971
coombja01,Jack Coombs,1906-1920
coomero01,Ron Coomer,1995-2003
coonebi01,Bill Cooney,1909-1910
coonebo01,Bob Cooney,1931-1932
cooneji01,Jimmy Cooney,1890-1892
cooneji02,Jimmy Cooney,1917-1928
coonejo01,Johnny Cooney,1921-1944
cooneph01,Phil Cooney,1905-1905
cooneti01,Tim Cooney,2015-2015
coonrsa01,Sam Coonrod,2019-2023
coonwi01,William Coon,1875-1876
coope04,Cooper,1943-1943
coopeal01,Alex Cooper,1928-1928
coopean01,Anthony Cooper,1928-1941
coopean99,Andy Cooper,1920-1939
coopear01,Army Cooper,1928-1932
coopebi01,Bill Cooper,1938-1946
coopebr01,Brian Cooper,1999-2005
coopeca01,Cal Cooper,1948-1948
coopece01,Cecil Cooper,1971-1987
coopecl01,Claude Cooper,1913-1917
coopeda01,David Cooper,2011-2012
coopeda02,Darltie Cooper,1923-1940
coopedo01,Don Cooper,1981-1985
coopega01,Gary Cooper,1980-1980
coopega02,Gary Cooper,1991-1991
coopega03,Garrett Cooper,2017-2024
coopegu01,Guy Cooper,1914-1915
coopeja01,James Cooper,1942-1942
coopemo01,Mort Cooper,1938-1949
coopepa01,Pat Cooper,1946-1947
coopesa01,Sam Cooper,1923-1929
coopesc01,Scott Cooper,1990-1997
coopeto01,Tom Cooper,1947-1948
coopewa01,Walker Cooper,1940-1957
coopewi01,Wilbur Cooper,1912-1926
copelma01,Mays Copeland,1935-1935
copelsc01,Scott Copeland,2015-2018
coppiro01,Rocky Coppinger,1996-2001
coppohe01,Henry Coppola,1935-1936
coquitr01,Trace Coquillette,1999-2000
coraal01,Alex Cora,1998-2011
corajo01,Joey Cora,1987-1998
corbech01,Charles Corbett,1922-1927
corbedo01,Doug Corbett,1980-1987
corbege01,Gene Corbett,1936-1938
corbejo01,Joe Corbett,1895-1904
corbesh01,Sherman Corbett,1988-1990
corbiar01,Archie Corbin,1991-1999
corbicl01,Claude Corbitt,1945-1949
corbipa01,Patrick Corbin,2012-2025
corbira01,Ray Corbin,1971-1975
corcida01,Daniel Corcino,2014-2018
corcoar01,Art Corcoran,1915-1915
corcoja01,Jack Corcoran,1884-1884
corcojo01,John Corcoran,1895-1895
corcola01,Larry Corcoran,1880-1887
corcomi01,Mike Corcoran,1884-1884
corcomi02,Mickey Corcoran,1910-1910
corcoro01,Roy Corcoran,2003-2009
corcoti01,Tim Corcoran,1977-1986
corcoti02,Tim Corcoran,2005-2007
corcoto01,Tommy Corcoran,1890-1907
cordech01,Chad Cordero,2003-2010
cordefr01,Francisco Cordero,1999-2012
cordefr02,Franchy Cordero,2017-2023
cordeji01,Jimmy Cordero,2018-2023
cordery01,Ryan Cordell,2018-2020
cordewi01,Wil Cordero,1992-2005
cordier01,Erik Cordier,2014-2015
cordoal01,Allen Córdoba,2017-2017
cordofr01,Francisco Córdova,1996-2000
cordoma01,Marty Cordova,1995-2003
cordope01,Pete Córdova,1921-1921
coreybr01,Bryan Corey,1998-2008
coreyed01,Ed Corey,1918-1918
coreyfr01,Fred Corey,1878-1885
coreyma01,Mark Corey,1979-1981
coreyma02,Mark Corey,2001-2004
corgach01,Chuck Corgan,1925-1927
corharo01,Roy Corhan,1911-1916
corkhpo01,John Corkhill,1883-1892
corkimi01,Mike Corkins,1969-1974
cormila01,Lance Cormier,2004-2011
cormirh01,Rheal Cormier,1991-2007
cornebr01,Brad Cornett,1994-1995
corneje01,Jeff Cornell,1984-1984
cornejo01,John Cornely,2015-2015
cornema01,Mardie Cornejo,1978-1978
cornena01,Nate Cornejo,2001-2004
cornere01,Reid Cornelius,1995-2000
cornewi01,Willie Cornelius,1929-1946
cornute01,Terry Cornutt,1977-1978
corpama01,Manny Corpas,2006-2013
corpoca01,Carlos Corporán,2009-2015
corrapa01,Pat Corrales,1964-1973
correca01,Carlos Correa,2015-2025
correed01,Ed Correa,1985-1987
correfr01,Francisco Correa,1926-1936
correke01,Kevin Correia,2003-2015
correro01,Rod Correia,1993-1995
correvi01,Vic Correll,1972-1980
corrifr01,Frank Corridon,1904-1910
corrijo01,John Corriden,1946-1946
corriph01,Phil Coridan,1884-1884
corrire01,Red Corriden,1910-1915
corsiji01,Jim Corsi,1988-1999
cortaje01,Jess Cortazzo,1923-1923
cortba01,Barry Cort,1977-1977
corte03,Cortez,1928-1928
corteau01,Aurelio Cortés,1928-1930
corteda01,David Cortés,1999-2006
corteda02,Dan Cortes,2010-2011
cortefe01,Fernando Cortez,2005-2007
cortene01,Nestor Cortes,2018-2025
corwial01,Al Corwin,1951-1955
cosarja01,Jarred Cosart,2013-2017
coscajo01,Joe Coscarart,1935-1936
coscape01,Pete Coscarart,1938-1946
coseyra01,Ray Cosey,1980-1980
cosgrmi01,Mike Cosgrove,1972-1976
cosgrto01,Tom Cosgrove,2023-2024
cosmaji01,Jim Cosman,1966-1970
costami01,Mike Costanzo,2012-2012
costash01,Shane Costa,2005-2007
costech01,Chris Coste,2006-2009
costeda01,Dan Costello,1913-1916
costejo01,John Costello,1988-1991
costoti01,Tim Costo,1992-1993
cotahu01,Humberto Cota,2001-2007
cotehe01,Henry Cote,1894-1895
cotepe01,Pete Cote,1926-1926
cothaca01,Caleb Cotham,2015-2016
cotteda01,Dan Cotter,1890-1890
cottedi01,Dick Cotter,1911-1912
cotteed01,Ed Cotter,1926-1926
cotteho01,Hooks Cotter,1922-1924
cotteto01,Tom Cotter,1891-1891
cottich01,Chuck Cottier,1959-1969
cottohe01,Henry Cotto,1984-1993
cottojh01,Jharel Cotton,2016-2022
cottren01,Ensign Cottrell,1911-1915
cottsne01,Neal Cotts,2003-2015
couchjo01,Johnny Couch,1917-1925
couchmi01,Mike Couchee,1983-1983
coughbi01,Bill Coughlin,1899-1908
coughde01,Dennis Coughlin,1872-1872
coughed01,Ed Coughlin,1884-1884
coughma01,Marlan Coughtry,1960-1962
coughro01,Roscoe Coughlin,1890-1891
couloda01,Danny Coulombe,2014-2025
coulsbo01,Bob Coulson,1908-1914
coultch01,Chip Coulter,1969-1969
coumbfr01,Fritz Coumbe,1914-1921
counscr01,Craig Counsell,1995-2011
courtcl01,Clint Courtney,1951-1961
courter01,Ernie Courtney,1902-1908
courtha01,Harry Courtney,1919-1922
courtjo01,John Courtright,1995-1995
courtry01,Ryan Court,2019-2019
couside01,Dee Cousineau,1923-1925
cousija01,Jake Cousins,2021-2024
cousisc01,Scott Cousins,2010-2013
coutljo01,Jon Coutlangus,2007-2007
covelha01,Harry Coveleski,1907-1918
covelst01,Stan Coveleski,1912-1928
covenja01,Jack Coveney,1903-1903
coveydy01,Dylan Covey,2017-2023
covinch01,Chet Covington,1944-1944
covinsa01,Sam Covington,1913-1918
covinte01,Tex Covington,1911-1912
covinwe01,Wes Covington,1956-1966
cowanbi01,Billy Cowan,1963-1972
cowanjo01,Johnnie Cowan,1940-1948
cowarka01,Kaleb Cowart,2015-2019
cowenal01,Al Cowens,1974-1986
cowgico01,Collin Cowgill,2011-2016
cowlejo01,Joe Cowley,1982-1987
cowseco01,Colton Cowser,2023-2025
coxal01,Alphonso Cox,1938-1945
coxau01,Austin Cox,2023-2023
coxbi01,Bill Cox,1936-1940
coxbi02,Billy Cox,1941-1955
coxbo01,Bobby Cox,1968-1969
coxca01,Casey Cox,1966-1973
coxco01,Comer Cox,1930-1931
coxda01,Danny Cox,1983-1995
coxda02,Darron Cox,1999-1999
coxdi01,Dick Cox,1925-1926
coxer01,Ernie Cox,1922-1922
coxfr01,Frank Cox,1884-1884
coxge01,George Cox,1928-1928
coxgl01,Glenn Cox,1955-1958
coxja01,James Cox,1947-1947
coxje01,Jeff Cox,1980-1981
coxji01,Jim Cox,1973-1976
coxla01,Larry Cox,1973-1982
coxle01,Les Cox,1926-1926
coxre01,Red Cox,1920-1920
coxro01,Roosevelt Cox,1937-1944
coxst01,Steve Cox,1999-2002
coxte01,Terry Cox,1970-1970
coxte02,Ted Cox,1977-1981
coxto01,Tom Cox,1928-1928
coylebi01,Bill Coyle,1893-1893
coyneto01,Toots Coyne,1914-1914
cozarch01,Charlie Cozart,1945-1945
cozarha01,Harry Cozart,1939-1944
cozarza01,Zack Cozart,2011-2019
cozendy01,Dylan Cozens,2018-2019
crabbca01,Callix Crabbe,2008-2008
crabbro01,Roy Crabb,1912-1912
crablge01,George Crable,1910-1910
crabtes01,Estel Crabtree,1929-1944
crabtti01,Tim Crabtree,1995-2001
craddwa01,Walt Craddock,1955-1958
craddwi01,William Craddock,1929-1929
cradlri01,Rickey Cradle,1998-1998
craftha01,Harry Craft,1937-1942
craftmo01,Molly Craft,1916-1919
craghho01,Howard Craghead,1931-1933
craigal01,Allen Craig,2010-2015
craigch01,Charlie Craig,1926-1927
craigge01,George Craig,1907-1907
craigho01,Homer Craig,1934-1935
craigjo01,Joe Craig,1945-1946
craigpe01,Pete Craig,1964-1966
craigro01,Roger Craig,1955-1966
craigro02,Rod Craig,1979-1986
craigwi01,Will Craig,2020-2021
crainje01,Jesse Crain,2004-2013
cramebi01,Bill Cramer,1912-1912
cramebo01,Bobby Cramer,2010-2011
cramedi01,Edward Cramer,1883-1883
cramedo01,Doc Cramer,1929-1948
cramje01,Jerry Cram,1969-1976
crandde01,Del Crandall,1949-1966
cranddo01,Doc Crandall,1908-1918
craneed01,Ed Crane,1884-1893
cranefr01,Fred Crane,1873-1875
cranesa01,Sam Crane,1880-1890
cranesa02,Sam Crane,1914-1922
cravaga01,Gavy Cravath,1908-1920
cravebi01,Bill Craver,1871-1877
cravyty01,Tyler Cravy,2015-2016
crawfbr01,Brandon Crawford,2011-2024
crawfca01,Carlos Crawford,1996-1996
crawfca02,Carl Crawford,2002-2016
crawfev01,Evan Crawford,2012-2012
crawffo01,Forrest Crawford,1906-1907
crawfge01,George Crawford,1890-1890
crawfgl01,Glenn Crawford,1945-1946
crawfhu01,Hubert Crawford,1936-1936
crawfja01,Jake Crawford,1952-1952
crawfji01,Jim Crawford,1973-1978
crawfjo01,Joe Crawford,1997-1997
crawfjp01,J.P. Crawford,2017-2025
crawfke01,Ken Crawford,1915-1915
crawfku01,Kutter Crawford,2021-2024
crawfla01,Larry Crawford,1937-1937
crawfpa01,Pat Crawford,1929-1934
crawfpa02,Paxton Crawford,2000-2001
crawfsa01,Sam Crawford,1899-1917
crawfsa02,Sam Crawford,1920-1931
crawfst01,Steve Crawford,1980-1991
crawfwi01,Willie Crawford,1964-1977
creacde01,Dewey Creacy,1924-1938
creamge01,George Creamer,1878-1884
credejo01,Joe Crede,2000-2009
creebi01,Birdie Cree,1908-1915
creedco01,Connie Creeden,1943-1943
creedpa01,Pat Creeden,1931-1931
creegma01,Mark Creegan,1884-1884
creekdo01,Doug Creek,1995-2005
creekwi01,Willie Creek,1924-1924
creelgu01,Gus Creely,1890-1890
creelja01,Jack Creel,1945-1945
creelke01,Keith Creel,1982-1987
cregape01,Pete Cregan,1899-1903
cregebe01,Bernie Creger,1947-1947
cremibo01,Bob Cremins,1927-1927
crespal01,Alejandro Crespo,1940-1946
crespce01,César Crespo,2001-2004
crespcr01,Frank Crespi,1938-1942
crespfe01,Felipe Crespo,1996-2001
crespro01,Rogelio Crespo,1926-1927
cressja01,Jack Cressend,2000-2004
cresswa01,Walker Cress,1948-1949
crewsdy01,Dylan Crews,2024-2025
crewsti01,Tim Crews,1987-1992
crichst01,Stefan Crichton,2017-2021
crickky01,Kyle Crick,2017-2022
crideje01,Jerry Crider,1969-1970
crigelo01,Lou Criger,1896-1912
crigl01,Crigler,1948-1948
crimch01,Chuck Crim,1987-1994
crimija01,Jack Crimian,1951-1957
cripeda01,Dave Cripe,1978-1978
criscda01,Dave Criscione,1977-1977
criscto01,Tony Criscola,1942-1944
crishpa01,Pat Crisham,1899-1899
crismna01,Nabil Crismatt,2020-2024
crispco01,Coco Crisp,2002-2016
crispjo01,Joe Crisp,1910-1911
crissdo01,Dode Criss,1908-1911
cristbi01,Bill Cristall,1901-1901
cristch01,Ches Crist,1906-1906
cristle01,Leo Cristante,1951-1955
criswco01,Cooper Criswell,2021-2025
criswje01,Jeff Criswell,2024-2024
critcmo01,Morrie Critchley,1882-1882
critzhu01,Hughie Critz,1924-1935
crochga01,Garrett Crochet,2020-2025
crockcl01,Claude Crocker,1944-1945
crockda01,Davey Crockett,1901-1901
crockfr01,Frank Crockett,1923-1923
crockky01,Kyle Crockett,2014-2018
croftar01,Art Croft,1875-1878
croftha01,Harry Croft,1899-1901
crolifr01,Fred Crolius,1901-1902
cromale01,Leroy Cromartie,1945-1945
cromawa01,Warren Cromartie,1974-1991
crometr01,Tripp Cromer,1993-2003
cromphe01,Herb Crompton,1937-1945
crompne01,Ned Crompton,1909-1910
cronch01,Chris Cron,1991-1992
croncj01,C.J. Cron,2014-2023
croneja01,Jake Cronenworth,2020-2025
cronera01,Ray Crone,1954-1958
cronibi01,Bill Cronin,1928-1931
cronida01,Dan Cronin,1884-1884
cronide01,Declan Cronin,2023-2024
cronija01,Jack Cronin,1895-1904
croniji01,Jim Cronin,1929-1929
cronijo01,Joe Cronin,1926-1945
cronke01,Kevin Cron,2019-2020
crookja01,Jack Crooks,1889-1898
crookna01,Narciso Crook,2022-2022
crookto01,Tom Crooke,1909-1910
croplty01,Tyler Cropley,2023-2023
crosbbo01,Bobby Crosby,2003-2010
crosbbu01,Bubba Crosby,2003-2006
crosbca01,Casey Crosby,2012-2012
crosbed01,Ed Crosby,1970-1976
crosbge01,George Crosby,1884-1884
crosbke01,Ken Crosby,1975-1976
crosbwa01,Walter Crosby,1944-1944
crosefr01,Frankie Crosetti,1932-1948
cross03,Cross,1932-1932
crossam01,Amos Cross,1885-1887
crosscl01,Clarence Cross,1884-1887
crossfr01,Frank Cross,1901-1901
crossfr02,Frank Crossin,1912-1914
crossje01,Jeff Cross,1942-1948
crossjo01,Joe Cross,1888-1888
crossla01,Lave Cross,1887-1907
crossle01,Lem Cross,1893-1894
crossmo01,Monte Cross,1892-1907
crossno01,Norman Cross,1932-1937
crothdo01,Doug Crothers,1884-1885
crottjo01,Joe Crotty,1882-1886
crottmi01,Michael Crotta,2011-2011
croucbi01,Bill Crouch,1910-1910
croucbi02,Bill Crouch,1939-1945
croucfr01,Frank Croucher,1939-1942
croucja01,Jack Crouch,1930-1933
croucza01,Zach Crouch,1988-1988
crousbu01,Buck Crouse,1923-1930
crousha01,Hans Crouse,2021-2024
crousri01,Rich Croushore,1998-2000
crowaa01,Aaron Crow,2011-2014
crowape01,Pete Crow-Armstrong,2023-2025
crowdal01,General Crowder,1926-1936
crowde01,Dean Crow,1998-1998
crowdo01,Don Crow,1982-1982
crowebi01,Billy Crowell,1887-1888
croweca01,Cap Crowell,1915-1916
crowege01,George Crowe,1947-1961
croweji01,Jim Crowell,1997-2005
crowetr01,Trevor Crowe,2009-2013
crowewi01,Wil Crowe,2020-2023
crowlbi01,Bill Crowley,1875-1885
crowled01,Ed Crowley,1928-1928
crowljo01,John Crowley,1884-1884
crowlte01,Terry Crowley,1969-1983
crowswo01,Woody Crowson,1945-1945
crozier01,Eric Crozier,2004-2004
crucefr01,Francisco Cruceta,2004-2008
crudami01,Mike Crudale,2002-2003
cruema01,Martin Crue,1942-1948
cruiswa01,Walton Cruise,1914-1924
crumbal01,Alex Crumbley,1937-1938
crumca01,Cal Crum,1917-1918
crumlge01,Gene Crumling,1945-1945
crumpbu01,Buddy Crump,1924-1924
crumpja01,James Crump,1923-1923
crumpro01,Roy Crumpler,1920-1925
crutcdi01,Dick Crutcher,1914-1915
crutcji01,Jimmie Crutchfield,1930-1945
cruthpr01,Press Cruthers,1913-1914
cruzde01,Deivi Cruz,1997-2005
cruzen01,Enrique Cruz,2003-2007
cruzfa01,Fausto Cruz,1994-1996
cruzfe01,Fernando Cruz,2022-2025
cruzhe01,Héctor Cruz,1973-1982
cruzhe02,Henry Cruz,1975-1978
cruziv01,Iván Cruz,1997-2002
cruzja01,Jacob Cruz,1996-2005
cruzje01,Jesus Cruz,2020-2022
cruzjo01,José Cruz,1970-1988
cruzjo02,José Cruz,1997-2008
cruzju01,Julio Cruz,1977-1986
cruzju02,Juan Cruz,2001-2012
cruzlu01,Luis Cruz,2008-2013
cruzne01,Nelson Cruz,1997-2003
cruzne02,Nelson Cruz,2005-2023
cruzom01,Omar Cruz,2025-2025
cruzon01,Oneil Cruz,2021-2025
cruzrh01,Rhiner Cruz,2012-2018
cruzst01,Steven Cruz,2023-2025
cruzto01,Tommy Cruz,1973-1977
cruzto02,Todd Cruz,1978-1984
cruzto03,Tony Cruz,2011-2018
cruzvi01,Víctor Cruz,1978-1983
cuasjo01,José Cuas,2022-2024
cubbami01,Mike Cubbage,1974-1981
cubilda01,Darwin Cubillán,2000-2004
cuccial01,Al Cuccinello,1935-1935
cuccito01,Tony Cuccinello,1930-1945
cuccuco01,Arthur Cuccurullo,1943-1945
cuddymi01,Michael Cuddyer,2001-2015
cudwoji01,Jim Cudworth,1884-1884
cuellbo01,Bobby Cuellar,1977-1977
cuellch01,Charlie Cuellar,1950-1950
cuellmi01,Mike Cuellar,1959-1977
cueriba01,Basilio Cueria,1922-1922
cuetobe01,Bert Cueto,1961-1961
cuetojo01,Johnny Cueto,2008-2024
cuetoma01,Manuel Cueto,1914-1919
cuevano01,Noel Cuevas,2018-2019
cuevawi01,William Cuevas,2016-2018
cuffjo01,John Cuff,1884-1884
culbech01,Charlie Culberson,2012-2023
culbele01,Leon Culberson,1943-1948
culledi01,Dick Culler,1936-1949
culleja01,Jack Cullen,1962-1966
cullejo01,John Cullen,1884-1884
cullero01,Roy Cullenbine,1938-1947
culleti01,Tim Cullen,1966-1972
cullobu01,Bernard Culloton,1925-1926
culloni01,Nick Cullop,1913-1921
culloni02,Nick Cullop,1926-1931
culmewi01,Wil Culmer,1983-1983
culp02,Culp,1942-1942
culpbe01,Benny Culp,1942-1944
culpbi01,Bill Culp,1910-1910
culpra01,Ray Culp,1963-1973
culvege01,George Culver,1966-1974
cumbejo01,John Cumberland,1968-1974
cummi02,Cummings,1932-1932
cummica01,Candy Cummings,1872-1877
cummich01,Chance Cummings,1923-1928
cummija01,Jack Cummings,1926-1929
cummijo01,John Cummings,1993-1997
cummimi01,Midre Cummings,1993-2005
cummist01,Steve Cummings,1989-1990
cumptbr01,Brandon Cumpton,2013-2018
cunnawi01,Will Cunnane,1997-2004
cunni03,Cunningham,1932-1932
cunni04,Cunningham,1932-1932
cunniaa01,Aaron Cunningham,2008-2012
cunnibe01,Bert Cunningham,1887-1901
cunnibi01,Bill Cunningham,1910-1912
cunnibi02,Bill Cunningham,1921-1924
cunnibr01,Bruce Cunningham,1929-1932
cunnibr02,Brandon Cunniff,2015-2016
cunnige01,George Cunningham,1916-1921
cunniha01,Harry Cunningham,1930-1937
cunnijo01,Joe Cunningham,1954-1966
cunnijo02,John Cunningham,1920-1920
cunnima01,Marion Cunningham,1924-1925
cunnimi01,Mike Cunningham,1906-1906
cunnira01,Ray Cunningham,1931-1932
cunnito01,Todd Cunningham,2013-2016
cunnive01,Vernon Cunningham,1934-1934
cuppyni01,George Cuppy,1892-1901
curledo01,Walter Curley,1899-1899
currasa01,Sammy Curran,1902-1902
currela01,Lafayette Currence,1975-1975
currepe01,John Curran,1876-1876
curribi01,Bill Currie,1955-1955
curricl01,Clarence Currie,1902-1903
currimu01,Murphy Currie,1916-1916
curripe01,Perry Currin,1947-1947
curryge01,George Curry,1911-1911
currygo01,Homer Curry,1928-1947
curryji01,Jim Curry,1909-1918
curryru01,Rube Curry,1920-1928
curryst01,Steve Curry,1988-1988
curryto01,Tony Curry,1960-1966
currywe01,Wes Curry,1884-1884
curryxz01,Xzavion Curry,2022-2025
curti03,Curtis,1932-1932
curtich01,Chad Curtis,1992-2001
curticl01,Cliff Curtis,1909-1913
curtico01,Colin Curtis,2010-2010
curtier01,Jim Curtiss,1891-1891
curtifr01,Fred Curtis,1905-1905
curtige01,Gene Curtis,1903-1903
curtiha01,Harry Curtis,1907-1907
curtija01,Jack Curtis,1961-1963
curtije01,Jermaine Curtis,2013-2013
curtijo01,John Curtis,1970-1984
curtijo02,John Curtiss,2017-2024
curtive01,Vern Curtis,1943-1946
curtiwi01,Willie Curtis,1924-1924
curtiza01,Zac Curtis,2016-2018
curtrgu01,Guy Curtright,1943-1946
cushmed01,Ed Cushman,1883-1890
cushmha01,Harvey Cushman,1902-1902
cusicja01,Jack Cusick,1951-1952
cusicto01,Andy Cusick,1884-1887
custja01,Jack Cust,2001-2011
cuthbch01,Cheslor Cuthbert,2015-2020
cuthbne01,Ned Cuthbert,1871-1884
cutshge01,George Cutshaw,1912-1923
cuyleki01,Kiki Cuyler,1921-1938
cuylemi01,Milt Cuyler,1990-1998
cvengmi01,Mike Cvengros,1922-1929
cyperal01,Al Cypert,1914-1914
cyrer01,Éric Cyr,2002-2002
cyrty01,Tyler Cyr,2022-2023
czajkji01,Jim Czajkowski,1994-1994
