player_id,name,years
faatzja01,Jay Faatz,1884-1890
fabelju01,Julián Fabelo,1923-1923
faberre01,Red Faber,1914-1933
fabiasa01,Sandro Fabian,2024-2024
fabreis01,Isidro Fabré,1923-1939
fabrejo01,Jorge Fábregas,1994-2002
fabribu01,Bunny Fabrique,1916-1917
face02,Face,1924-1924
facero01,Roy Face,1953-1969
faedoal01,Alex Faedo,2022-2024
faedole01,Lenny Faedo,1980-1984
faethto01,Tony Faeth,1919-1920
faganbi01,Bill Fagan,1887-1888
faganbo01,Bob Fagan,1921-1923
faganev01,Everett Fagan,1943-1946
fagange01,Gerves Fagan,1942-1943
faginfr01,Joe Fagin,1895-1895
faheybi01,Bill Fahey,1971-1983
faheybr01,Brandon Fahey,2006-2008
faheyfr01,Frank Fahey,1918-1918
faheyho01,Howard Fahey,1912-1912
fahrepe01,Pete Fahrer,1914-1914
fahrje01,Jerry Fahr,1951-1951
fainfe01,Ferris Fain,1947-1955
fairbji01,Jim Fairbank,1903-1904
fairbpe01,Pete Fairbanks,2019-2025
faircra01,Rags Faircloth,1919-1919
faircst01,Stuart Fairchild,2021-2025
faireji01,Jim Fairey,1968-1973
fairge01,George Fair,1876-1876
fairlro01,Ron Fairly,1958-1978
faiso01,Faison,1932-1932
fajarhe01,Héctor Fajardo,1991-1995
falchan01,Anton Falch,1884-1884
falcope01,Pete Falcone,1975-1984
falkbi01,Bibb Falk,1920-1931
falkch01,Chet Falk,1925-1927
falkebr01,Brian Falkenborg,1999-2008
falkecy01,Cy Falkenberg,1903-1917
falleed01,Ed Fallenstein,1931-1933
fallijo01,John Fallings,1947-1947
fallobo01,Bob Fallon,1984-1985
falloch01,Charlie Fallon,1905-1905
falloge01,George Fallon,1937-1945
falsepe01,Pete Falsey,1914-1914
falteba01,Bailey Falter,2021-2025
faltest01,Steve Falteisek,1997-1999
faluir01,Irving Falu,2012-2014
familje01,Jeurys Familia,2012-2023
faneyri01,Rikkert Faneyte,1993-1996
fannicl01,Cliff Fannin,1945-1952
fannija01,Jack Fanning,1889-1894
fanniji01,Jim Fanning,1954-1957
fanokha01,Harry Fanok,1963-1964
fanovfr01,Frank Fanovich,1949-1953
fanslst01,Stan Fansler,1986-1986
fanweha01,Harry Fanwell,1910-1910
fanzoca01,Carmen Fanzone,1970-1974
fargajo01,Johneshwy Fargas,2021-2021
fariaja01,Jake Faria,2017-2023
fariepa01,Paul Faries,1990-1993
farismo01,Monty Fariss,1991-1993
farlebo01,Bob Farley,1961-1962
farleto01,Lawrence Farley,1884-1884
farmeal01,Alex Farmer,1908-1908
farmebi01,Bill Farmer,1888-1888
farmebu01,Buck Farmer,2014-2024
farmeed01,Ed Farmer,1971-1983
farmegr01,Greene Farmer,1940-1947
farmeho01,Howard Farmer,1990-1990
farmeja01,Jack Farmer,1916-1918
farmeky01,Kyle Farmer,2017-2025
farmemi01,Mike Farmer,1996-1996
farnsje01,Jeff Farnsworth,2002-2002
farnsky01,Kyle Farnsworth,1999-2014
farquda01,Danny Farquhar,2011-2018
farrasi01,Sid Farrar,1883-1890
farrebi01,Farrell,1883-1883
farredo01,Doc Farrell,1925-1935
farredu01,Duke Farrell,1888-1905
farreja01,Jack Farrell,1874-1882
farreja02,Jack Farrell,1879-1889
farreja03,Jack Farrell,1914-1915
farrejo01,Joe Farrell,1882-1886
farrejo02,John Farrell,1901-1905
farrejo03,John Farrell,1987-1996
farreke01,Kerby Farrell,1943-1945
farrelu01,Luke Farrell,2017-2022
farrelu02,Luther Farrell,1920-1934
farretu01,Turk Farrell,1956-1969
farrier01,Eric Farris,2011-2012
farrji01,Jim Farr,1982-1982
farrojo01,John Farrow,1873-1884
farrst01,Steve Farr,1984-1994
fasansa01,Sal Fasano,1996-2008
fasseje01,Jeff Fassero,1991-2006
fast01,Frederick Fass,1887-1887
fastda01,Darcy Fast,1968-1968
faszhja01,Jack Faszholz,1953-1953
fauchca01,Calvin Faucher,2022-2025
faulbi01,Bill Faul,1962-1970
faulkan01,Andrew Faulkner,2015-2016
faulkji01,Jim Faulkner,1927-1930
fausebu01,Buck Fausett,1944-1944
faustch01,Charlie Faust,1911-1911
fautsjo01,Joe Fautsch,1916-1916
fauvecl01,Clay Fauver,1899-1899
favorth01,Thomas Favors,1947-1947
fazioer01,Ernie Fazio,1962-1966
fearve01,Vern Fear,1952-1952
feathta01,Taylor Featherston,2015-2017
febleca01,Carlos Febles,1998-2003
feddeer01,Erick Fedde,2017-2025
federal01,Al Federoff,1951-1952
federti01,Tim Federowicz,2011-2019
feduchu01,Hunter Feduccia,2024-2025
feeja01,Jack Fee,1889-1889
fehridu01,Dutch Fehring,1934-1934
feierry01,Ryan Feierabend,2006-2019
feiglbr01,Brady Feigl,2024-2024
feinbed01,Eddie Feinberg,1938-1939
feldebe01,Benny Felder,1946-1948
feldebu01,Buck Felder,1944-1945
feldema01,Marv Felderman,1942-1942
feldemi01,Mike Felder,1985-1994
feldmha01,Harry Feldman,1941-1946
feldmsc01,Scott Feldman,2005-2017
felicje01,Jesús Feliciano,2010-2010
felicma01,Mario Feliciano,2021-2022
felicpe01,Pedro Feliciano,2002-2013
felipan01,Angel Felipe,2023-2023
felixgu01,Gus Felix,1923-1927
felixha01,Harry Felix,1901-1902
felixju01,Junior Félix,1989-1994
felizmi01,Michael Feliz,2015-2022
felizne01,Neftalí Feliz,2009-2021
felizpe01,Pedro Feliz,2000-2010
fellebo01,Bob Feller,1936-1956
felleja01,Jack Feller,1958-1958
felscha01,Happy Felsch,1915-1920
felskjo01,John Felske,1968-1973
feltnry01,Ryan Feltner,2021-2025
feltote01,Terry Felton,1979-1982
fennefr01,Frank Fennelly,1884-1890
fenneho01,Horace Fenner,1921-1921
fenwibo01,Bobby Fenwick,1972-1973
ferenst01,Stan Ferens,1942-1946
fergual01,Alex Ferguson,1918-1929
fergubo01,Bob Ferguson,1871-1884
fergubo02,Bob Ferguson,1944-1944
ferguca01,Caleb Ferguson,2018-2025
ferguch01,Charlie Ferguson,1884-1887
ferguch02,Charlie Ferguson,1901-1901
ferguge01,Cecil Ferguson,1906-1911
fergujo01,Joe Ferguson,1970-1983
ferguty01,Tyler Ferguson,2024-2025
fermife01,Félix Fermín,1987-1996
fermifr01,Freddy Fermin,2022-2025
fermijo01,José Fermín,2023-2024
fermira01,Ramón Fermín,1995-1995
fernaal01,Alex Fernandez,1990-2000
fernabe01,Bernard Fernández,1938-1945
fernach01,Chico Fernández,1956-1963
fernach02,Lorencito Fernández,1968-1968
fernaed01,Ed Fernandes,1940-1946
fernafr01,Frank Fernández,1967-1972
fernaja01,Jared Fernández,2001-2006
fernajo01,José Fernández,1999-2001
fernajo02,José Fernández,2013-2016
fernajo03,Jose Miguel Fernandez,2018-2018
fernajo04,José Fernández,2018-2019
fernajo05,José María Fernández,1923-1947
fernaju01,Junior Fernández,2019-2022
fernaju02,Julian Fernández,2021-2021
fernana01,Nanny Fernandez,1942-1950
fernaos01,Osvaldo Fernández,1996-2001
fernapa01,Pablo Fernández,1923-1923
fernaro01,Rodolfo Fernández,1935-1946
fernary01,Ryan Fernandez,2024-2025
fernasi01,Sid Fernandez,1983-1997
fernato01,Tony Fernández,1983-2001
ferraal01,Al Ferrara,1963-1971
ferraan01,Anthony Ferrari,2003-2003
ferrabi01,Bill Ferrazzi,1935-1935
ferrado01,Don Ferrarese,1955-1962
ferrami01,Mike Ferraro,1966-1972
ferreco01,Coco Ferrer,1946-1948
ferreje01,Jeff Ferrell,2015-2017
ferrejo01,Jose A. Ferrer,2023-2025
ferrepe01,Pedro Ferrer,1925-1925
ferreri01,Rick Ferrell,1929-1947
ferrese01,Sergio Ferrer,1974-1979
ferreto01,Tony Ferreira,1985-1985
ferreto02,Toots Ferrell,1947-1948
ferrewe01,Wes Ferrell,1927-1941
ferrewi02,Willie Ferrell,1937-1943
ferribo01,Bob Ferris,1979-1980
ferrida01,Dave Ferriss,1945-1950
ferriho01,Hobe Ferris,1901-1909
ferrito01,Tom Ferrick,1941-1952
ferrycy01,Cy Ferry,1904-1905
ferryja01,Jack Ferry,1910-1913
fersoal01,Alex Ferson,1889-1892
festada01,David Festa,2024-2025
festama01,Matt Festa,2018-2024
fettelo01,Lou Fette,1937-1945
fettemi01,Mike Fetters,1989-2004
fetzewi01,Willy Fetzer,1906-1906
fewstch01,Chick Fewster,1917-1927
feyerjo01,J.P. Feyereisen,2020-2024
fialane01,Neil Fiala,1981-1981
fiallge01,George Fiall,1924-1929
fiallto01,Tom Fiall,1923-1925
fickch01,C.J. Fick,2012-2012
fickjo01,John Fick,1944-1944
fickro01,Robert Fick,1998-2007
fidryma01,Mark Fidrych,1976-1980
fiebecl01,Clarence Fieber,1932-1932
field05,Fields,1930-1930
field06,Fields,1932-1932
fieldbe01,Benny Fields,1938-1938
fieldbr01,Bruce Fields,1986-1989
fieldbu01,Buddy Fields,1924-1926
fieldce01,Cecil Fielder,1985-1998
fieldcl01,Cliff Fields,1941-1941
fieldda01,Daniel Fields,2015-2015
fieldge01,George Fields,1872-1872
fieldja01,James Field,1921-1921
fieldji01,Jim Field,1883-1898
fieldjo01,Jocko Fields,1887-1892
fieldjo02,Josh Fields,2006-2010
fieldjo03,Josh Fields,2013-2018
fieldjo04,Johnny Field,2018-2018
fieldna01,Nate Field,2002-2007
fieldpr01,Prince Fielder,2005-2016
fieldsa01,Sam Field,1875-1876
fieldth01,Thomas Field,2011-2015
fieldwi01,Wilmer Fields,1940-1948
fienca01,Casey Fien,2009-2017
fienelo01,Lou Fiene,1906-1909
fiersmi01,Mike Fiers,2011-2021
fifeda01,Danny Fife,1973-1974
fiferjo01,John Fifer,1921-1921
fifest01,Stephen Fife,2012-2014
fifieja01,Jack Fifield,1897-1899
figaral01,Alfredo Fígaro,2009-2014
figarra01,Rafael Figarola,1923-1923
figgami01,Mike Figga,1997-1999
figgefr01,Frank Figgemeier,1894-1894
figgich01,Chone Figgins,2002-2014
figuebi01,Bien Figueroa,1992-1992
figueco01,Cole Figueroa,2014-2016
figueed01,Ed Figueroa,1974-1981
figueje01,Jesús Figueroa,1980-1980
figuejo01,José Figueroa,1940-1940
figuelu01,Luis Figueroa,2001-2007
figuene01,Nelson Figueroa,2000-2011
figuepe01,Pedro Figueroa,2012-2014
figueti01,Enrique Figueroa,1946-1946
fikacje01,Jeremy Fikac,2001-2004
filebo01,Bob File,2001-2004
filerto01,Tom Filer,1982-1992
filesa01,Larry File,1940-1940
filesed01,Eddie Files,1908-1908
filipst01,Steve Filipowicz,1944-1948
fillema01,Mark Filley,1934-1934
fillida01,Dana Fillingim,1915-1925
fillmhe01,Heath Fillmyer,2018-2019
fillmjo01,Joe Fillmore,1941-1946
filsope01,Pete Filson,1982-1990
fimplja01,Jack Fimple,1983-1987
finch02,Finch,1933-1933
finchbi01,Bill Fincher,1916-1916
finchjo01,Joel Finch,1979-1979
finchra01,Rayford Finch,1945-1945
fineto01,Tommy Fine,1947-1950
fingero01,Rollie Fingers,1968-1985
finigji01,Jim Finigan,1954-1959
finkhe01,Herman Fink,1935-1937
finlape01,Pembroke Finlayson,1908-1909
finlebi01,Bill Finley,1886-1886
finlebo01,Bob Finley,1943-1944
finlech01,Chuck Finley,1986-2002
finlest01,Steve Finley,1989-2007
finleto01,Tom Finley,1924-1932
finnebr01,Brandon Finnegan,2014-2018
finneed01,Ed Finney,1947-1948
finneha01,Joseph Finneran,1912-1918
finneha02,Hal Finney,1931-1936
finnejo01,John Finner,1920-1925
finneky01,Kyle Finnegan,2020-2025
finnelo01,Lou Finney,1931-1947
finnne01,Neal Finn,1930-1933
finnvga01,Gar Finnvold,1994-1994
fioreje01,Jeff Fiorentino,2005-2009
fioremi01,Mike Fiore,1968-1972
fioreto01,Tony Fiore,2000-2003
fireost01,Steve Fireovid,1981-1992
firovda01,Dan Firova,1981-1988
firthte01,John Firth,1884-1884
fischbi01,Bill Fischer,1956-1964
fischca01,Carl Fischer,1930-1937
fischha01,Hank Fischer,1962-1967
fischje01,Jeff Fischer,1987-1989
fischmi01,Mike Fischlin,1977-1987
fischru01,Rube Fischer,1941-1946
fischto01,Todd Fischer,1986-1986
fischwi01,William Fischer,1913-1917
fishbsa01,Sam Fishburn,1919-1919
fishe01,John Fischer,1884-1885
fishebo01,Bob Fisher,1912-1919
fishebr01,Brian Fisher,1985-1992
fisheca01,Carlos Fisher,2009-2011
fishech01,Cherokee Fisher,1871-1878
fishech02,Charlie Fisher,1884-1884
fishech03,Walter Fisher,1889-1889
fishech04,Chauncey Fisher,1893-1901
fishecl01,Clarence Fisher,1919-1920
fishede01,Derek Fisher,2017-2021
fishedo01,Don Fisher,1945-1945
fisheed01,Ed Fisher,1902-1902
fisheed02,Eddie Fisher,1959-1973
fishefr01,Fritz Fisher,1964-1964
fishege01,George Fisher,1884-1884
fishege02,George Fisher,1933-1933
fishegu01,Gus Fisher,1911-1912
fisheha01,Harry Fisher,1951-1952
fisheja01,Jack Fisher,1959-1969
fishejo01,John Fishel,1988-1988
fishele01,Leo Fishel,1899-1899
fishema01,Maurice Fisher,1955-1955
fishena01,Nate Fisher,2022-2022
fishene01,Ike Fisher,1898-1898
fishera01,Ray Fisher,1910-1920
fishere01,Red Fisher,1910-1910
fishesh01,George Fisher,1923-1932
fisheto01,Tom Fisher,1904-1904
fisheto02,Tom Fisher,1967-1967
fishewi01,Wilbur Fisher,1916-1916
fishmja01,Jake Fishman,2022-2022
fiskca01,Carlton Fisk,1969-1993
fiskema01,Max Fiske,1914-1914
fislewe01,Wes Fisler,1871-1876
fistedo01,Doug Fister,2009-2018
fitchbi01,Bill Fitch,1926-1926
fittepa01,Paul Fittery,1914-1917
fittsri01,Richard Fitts,2024-2025
fitzbch01,Charlie Fitzberger,1928-1928
fitzgbr01,Brian Fitzgerald,2002-2002
fitzgde01,Dennis Fitzgerald,1890-1890
fitzged01,Ed FitzGerald,1948-1959
fitzgg01,Gerard Fitzgerald,1947-1947
fitzgho01,Howard Fitzgerald,1922-1926
fitzgjo01,Warren Fitzgerald,1891-1892
fitzgjo02,John Fitzgerald,1890-1890
fitzgjo03,John Fitzgerald,1891-1891
fitzgjo04,John Fitzgerald,1958-1958
fitzgjo05,John Fitzgerald,1943-1947
fitzgma01,Matty Fitzgerald,1906-1907
fitzgmi01,Justin Fitzgerald,1911-1918
fitzgmi02,Mike Fitzgerald,1983-1992
fitzgmi03,Mike Fitzgerald,1988-1988
fitzgra01,Ray Fitzgerald,1931-1931
fitzgty01,Tyler Fitzgerald,2023-2025
fitzkpa01,Paul Fitzke,1924-1924
fitzmal01,Al Fitzmorris,1969-1978
fitzmsh01,Shaun Fitzmaurice,1966-1966
fitzped01,Ed Fitzpatrick,1915-1917
fitzsfr01,Freddie Fitzsimmons,1925-1943
fitzsto01,Tom Fitzsimmons,1919-1919
flaaja01,Jay Flaa,2021-2021
flackma01,Max Flack,1914-1925
flagewa01,Wally Flager,1945-1945
flagsir01,Ira Flagstead,1917-1930
flaheja01,Jack Flaherty,2017-2025
flahejo01,John Flaherty,1992-2005
flahema01,Martin Flaherty,1881-1881
flahepa01,Pat Flaherty,1894-1894
flahepa02,Patsy Flaherty,1899-1911
flahery01,Ryan Flaherty,2012-2019
flairal01,Al Flair,1941-1941
flanach01,Charlie Flanagan,1913-1913
flanaed01,Ed Flanagan,1887-1889
flanami01,Mike Flanagan,1975-1992
flanast01,Steamer Flanagan,1905-1905
flandyo01,Yohan Flande,2014-2016
flanira01,Ray Flanigan,1946-1946
flanito01,Tom Flanigan,1954-1958
flannjo01,John Flannery,1977-1977
flannti01,Tim Flannery,1979-1989
flaskro01,Ray Flaskamper,1927-1927
flateja01,Jack Flater,1908-1908
flavijo01,John Flavin,1964-1964
fleetfr01,Frank Fleet,1871-1875
fleetjo01,Joe Fleet,1930-1930
fleitan01,Ángel Fleitas,1948-1948
flemibi01,Bill Fleming,1940-1946
flemida01,Dave Fleming,1991-1995
flemifr01,Frank Fleming,1946-1946
flemijo01,Josh Fleming,2020-2024
flemile01,Les Fleming,1939-1949
flemito01,Tom Fleming,1899-1904
flenehu01,Huck Flener,1993-1997
fletcaa01,Aaron Fletcher,2020-2022
fletcar01,Art Fletcher,1909-1922
fletcda01,Darrin Fletcher,1989-2002
fletcda02,David Fletcher,2018-2024
fletcdo01,Dominic Fletcher,2023-2024
fletcel01,Elbie Fletcher,1934-1949
fletcfr01,Frank Fletcher,1914-1914
fletcge01,George Fletcher,1872-1872
fletcpa01,Paul Fletcher,1993-1996
fletcsa01,Sam Fletcher,1909-1912
fletcsc01,Scott Fletcher,1981-1995
fletcto01,Tom Fletcher,1962-1962
fletcva01,Van Fletcher,1955-1955
flexech01,Chris Flexen,2017-2024
flickel01,Elmer Flick,1898-1910
flickle01,Lew Flick,1943-1944
flinndo01,Don Flinn,1917-1917
flinnjo01,John Flinn,1978-1982
flintsi01,Silver Flint,1875-1889
flitchi01,Hilly Flitcraft,1942-1942
flohrmo01,Mort Flohr,1934-1934
floodcu01,Curt Flood,1956-1971
floodti01,Tim Flood,1899-1903
florake01,Kevin Flora,1991-1995
florebe01,Bernardo Flores Jr.,2020-2021
floredo01,Don Florence,1995-1995
floregi01,Gil Flores,1977-1979
floreje01,Jesse Flores,1942-1950
floreje02,Jesús Flores,2007-2012
florejo01,Jose Flores,2002-2004
floreke01,Kendry Flores,2015-2016
florepa01,Paul Florence,1926-1926
florera01,Randy Flores,2002-2010
florera02,Ramón Flores,2015-2017
florero01,Ron Flores,2005-2007
florewi01,Wilmer Flores,2013-2025
floribr01,Bryce Florie,1994-2001
flories01,Estevan Florial,2020-2024
floripe01,Pedro Florimón,2011-2018
florody01,Dylan Floro,2016-2024
flourwi01,Willis Flournoy,1923-1932
flowebe01,Ben Flowers,1951-1956
flowedi01,Dickie Flowers,1871-1872
floweja01,Jake Flowers,1923-1934
flowejo01,Johnny Flowers,1941-1946
flowety01,Tyler Flowers,2009-2020
flowewe01,Wes Flowers,1940-1944
floydbo01,Bobby Floyd,1968-1974
floydbu01,Bubba Floyd,1944-1944
floydcl01,Cliff Floyd,1993-2009
floydga01,Gavin Floyd,2004-2016
fluhama01,Mason Fluharty,2025-2025
fluhrjo01,John Fluhrer,1915-1915
flynnbr01,Brian Flynn,2013-2019
flynnca01,Carney Flynn,1894-1896
flynncl01,Clipper Flynn,1871-1872
flynndo01,Doug Flynn,1975-1985
flynned01,Ed Flynn,1887-1887
flynnge01,George Flynn,1896-1896
flynnjo01,Joe Flynn,1884-1884
flynnjo02,Jocko Flynn,1886-1887
flynnjo03,John Flynn,1910-1912
flynnmi01,Mike Flynn,1891-1891
flythst01,Stu Flythe,1936-1936
fodgege01,Gene Fodge,1958-1958
fogarji01,Jim Fogarty,1884-1890
fogarjo01,John Fogarty,1885-1885
foggjo01,Josh Fogg,2001-2009
fohlle01,Lee Fohl,1902-1903
foileha01,Hank Foiles,1953-1964
foleycu01,Curry Foley,1879-1883
foleyja01,Jason Foley,2021-2024
foleyjo01,John Foley,1885-1885
foleyma01,Marv Foley,1978-1984
foleyra01,Ray Foley,1928-1928
foleyto01,Tom Foley,1871-1871
foleyto02,Tom Foley,1983-1995
foleywi01,Will Foley,1875-1884
foliti01,Tim Foli,1970-1985
folkeri01,Rich Folkers,1970-1977
foltymi01,Mike Foltynewicz,2014-2021
fondyde01,Dee Fondy,1951-1958
fonsele01,Lew Fonseca,1921-1933
fontano01,Nolan Fontana,2017-2018
fontejo01,Joe Fontenot,1998-1998
fontemi01,Mike Fontenot,2005-2012
fontera01,Ray Fontenot,1983-1986
fontwi01,Wilmer Font,2012-2020
fonvich01,Chad Fonville,1995-1999
foorji01,Jim Foor,1971-1973
footeba01,Barry Foote,1973-1982
footeja01,Jake Foote,1929-1929
foppeje01,Jesse Foppert,2003-2005
foranji01,Jim Foran,1871-1871
forcebi01,Bill Force,1921-1929
forceda01,Davy Force,1871-1886
fordbe01,Ben Ford,1998-2004
fordbi01,William Ford,1936-1936
fordcu01,Curt Ford,1985-1990
fordda01,Dan Ford,1975-1985
fordda02,Dave Ford,1978-1981
fordda03,Darren Ford,2010-2011
forded01,Ed Ford,1884-1884
fordge01,Gene Ford,1905-1905
fordge02,Gene Ford,1936-1938
fordge03,George Ford,1923-1924
fordho01,Horace Ford,1919-1933
fordhto01,Tom Fordham,1997-1998
fordji01,Jimmy Ford,1937-1945
fordle01,Lew Ford,2003-2012
fordma01,Matt Ford,2003-2003
fordmi01,Mike Ford,2019-2024
fordru01,Russ Ford,1909-1915
fordte01,Ted Ford,1970-1973
fordto01,Tom Ford,1890-1890
fordwe01,Wenty Ford,1973-1973
fordwh01,Whitey Ford,1950-1967
fordybr01,Brook Fordyce,1995-2004
forembr01,John Foreman,1895-1896
foremfr01,Frank Foreman,1884-1902
foremha01,Happy Foreman,1924-1926
foremsy01,Sylvester Foreman,1921-1932
foremza01,Zack Foreman,1920-1921
formabi01,Bill Forman,1909-1910
formepe01,Pedro Formental,1947-1947
fornaer01,Eric Fornataro,2014-2014
fornimi01,Mike Fornieles,1952-1963
forrepe01,Percy Forrest,1938-1946
forscbo01,Bob Forsch,1974-1989
forscke01,Ken Forsch,1970-1986
forstsc01,Scott Forster,2000-2000
forstte01,Terry Forster,1971-1986
forstto01,Tom Forster,1882-1886
forsy02,Forsythe,1924-1924
forsyed01,Ed Forsyth,1915-1915
forsylo01,Logan Forsythe,2011-2020
forteni01,Nick Fortes,2021-2025
fortuba01,Bartolomé Fortunato,2004-2006
fortuga01,Gary Fortune,1916-1920
fortuti01,Tim Fortugno,1992-1995
foscuju01,Justin Foscue,2024-2024
fosnoje01,Jerry Fosnow,1964-1965
fossato01,Tony Fossas,1988-1999
fossera01,Ray Fosse,1967-1979
fossge01,George Foss,1921-1921
fossla01,Larry Foss,1961-1962
fossuca01,Casey Fossum,2001-2009
fosteal01,Alan Foster,1967-1976
fostebi99,Bill Foster,1923-1937
fosteed01,Ed Foster,1908-1908
fosteed02,Eddie Foster,1910-1923
fosteel01,Elmer Foster,1886-1891
fostege01,George Foster,1969-1986
fostejo01,John Foster,2002-2005
fosteke01,Kevin Foster,1993-2001
fostekr01,Kris Foster,2001-2001
fostela01,Larry Foster,1963-1963
fostele01,Leo Foster,1971-1977
fostele02,Leland Foster,1932-1932
fostema01,Matt Foster,2020-2024
fostepo01,Clarence Foster,1898-1901
fostere01,Reddy Foster,1896-1896
fostero01,Roy Foster,1970-1972
fostero02,Robert Foster,1884-1884
fosteru01,Rube Foster,1913-1917
fostest01,Steve Foster,1991-1993
fothebo01,Bob Fothergill,1922-1933
foucast01,Steve Foucault,1973-1978
foulkke01,Keith Foulke,1997-2008
fournhe01,Henry Fournier,1894-1894
fournja01,Jack Fournier,1912-1927
fousebi01,Bill Fouser,1876-1876
foutzda01,Dave Foutz,1884-1896
foutzfr01,Frank Foutz,1901-1901
fowlear01,Art Fowler,1954-1964
fowlebo01,Boob Fowler,1923-1926
fowlede01,Dexter Fowler,2008-2021
fowledi01,Dick Fowler,1941-1952
fowledu01,Dustin Fowler,2017-2021
fowleje01,Jesse Fowler,1924-1924
fowlkal01,Alan Fowlkes,1982-1985
fowlker01,Ervin Fowlkes,1948-1948
fox03,Fox,1923-1923
fox04,Fox,1930-1930
fox05,Fox,1946-1946
foxan01,Andy Fox,1996-2004
foxbi01,Bill Fox,1897-1901
foxch01,Charlie Fox,1942-1942
foxch02,Chad Fox,1997-2009
foxenbi01,Bill Foxen,1908-1911
foxer01,Eric Fox,1992-1995
foxhe01,Jacob Fox,1902-1902
foxho01,Howie Fox,1944-1954
foxja01,Jack Fox,1908-1908
foxja02,Jake Fox,2007-2011
foxjo01,John Fox,1881-1886
foxlu01,Lucius Fox,2022-2022
foxma01,Matt Fox,2010-2010
foxne01,Nellie Fox,1947-1965
foxpa01,George Fox,1891-1899
foxpe01,Pete Fox,1933-1945
foxte01,Terry Fox,1960-1966
foxxji01,Jimmie Foxx,1925-1945
foyjo01,Joe Foy,1966-1971
foytapa01,Paul Foytack,1953-1964
frailke01,Ken Frailing,1972-1976
fraleja01,Jake Fraley,2019-2025
francbe01,Ben Francisco,2007-2013
francbi01,Bill Francis,1923-1925
francbo01,Bowden Francis,2022-2025
francea01,Earl Francis,1960-1965
francen01,Enderson Franco,2019-2019
francfr01,Frank Francisco,2004-2014
francje01,Jeff Francis,2004-2015
francje02,Jeff Francoeur,2005-2016
francjo01,John Franco,1984-2005
francjp01,J.P. France,2023-2024
francju01,Julio Franco,1982-2007
francju02,Juan Francisco,2009-2014
francma01,Matt Franco,1995-2003
francma02,Maikel Franco,2014-2022
francos01,Ossie France,1890-1890
francot01,Otis Francis,1920-1920
francra01,Ray Francis,1922-1925
francte01,Terry Francona,1981-1990
francti01,Tito Francona,1956-1970
francty01,Ty France,2019-2025
francwa01,Wander Franco,2021-2023
frandke01,Kevin Frandsen,2006-2015
frank01,Franklin,1884-1884
frankch01,Charlie Frank,1893-1894
frankfr01,Fred Frank,1898-1898
frankfr02,Fred Frankhouse,1927-1939
frankhe01,Herman Franks,1939-1949
frankja01,Jack Franklin,1944-1944
frankja02,Jay Franklin,1971-1971
frankmi01,Micah Franklin,1997-1997
frankmi02,Mike Frank,1998-1998
frankmo01,Moe Franklin,1941-1942
frankni01,Nick Franklin,2013-2018
frankry01,Ryan Franklin,1999-2011
frankse01,Seth Frankoff,2017-2021
frankwa01,Wayne Franklin,2000-2006
frareca01,Caleb Frare,2018-2019
frascjo01,John Frascatore,1994-2001
frasech01,Chick Fraser,1896-1909
frasewi01,Willie Fraser,1986-1995
frasivi01,Vic Frazier,1931-1939
frasoja01,Jason Frasor,2004-2015
fraziad01,Adam Frazier,2016-2025
frazial01,Albert Frazier,1938-1940
frazicl01,Clint Frazier,2017-2023
frazifl01,Flash Frazier,1932-1932
frazige01,George Frazier,1978-1987
frazije01,Jeff Frazier,2010-2010
frazijo01,Joe Frazier,1947-1956
frazilo01,Lou Frazier,1993-1998
frazior01,Oran Frazier,1932-1932
frazito01,Todd Frazier,2011-2021
fredejo01,Johnny Frederick,1929-1934
fredeke01,Kevin Frederick,2002-2004
fredrsc01,Scott Fredrickson,1993-1993
freeded01,Ed Freed,1942-1942
freedro01,Roger Freed,1970-1979
freehbi01,Bill Freehan,1961-1976
freelky01,Kyle Freeland,2017-2025
freelry01,Ryan Freel,2001-2009
freembi01,Bill Freeman,1925-1925
freembu01,Buck Freeman,1891-1907
freembu02,Buck Freeman,1921-1922
freemch01,Choo Freeman,2004-2006
freemfr01,Freddie Freeman,2010-2025
freemha01,Harvey Freeman,1921-1921
freemhe01,Hersh Freeman,1952-1958
freemje01,Jerry Freeman,1908-1909
freemji01,Jimmy Freeman,1972-1973
freemjo01,John Freeman,1927-1927
freemju01,Julie Freeman,1888-1888
freemju02,Justin Freeman,2013-2013
freemla01,LaVel Freeman,1989-1989
freemma01,Mark Freeman,1959-1960
freemma02,Marvin Freeman,1986-1996
freemmi01,Mike Freeman,2016-2021
freemsa01,Sam Freeman,2012-2020
freemty01,Tyler Freeman,2022-2025
freesda01,David Freese,2009-2019
freesge01,George Freese,1953-1961
freesge02,Gene Freese,1955-1966
freezja01,Jake Freeze,1925-1925
fregoji01,Jim Fregosi,1961-1978
freibve01,Vern Freiburger,1941-1941
freigho01,Howard Freigau,1922-1928
freimna01,Nate Freiman,2013-2014
freiral01,Alejandro Freire,2005-2005
freisda01,Dave Freisleben,1974-1979
freitda01,David Freitas,2017-2019
freitto01,Tony Freitas,1932-1936
frelisa01,Sal Frelick,2023-2025
frencbi01,Bill French,1873-1873
frencch01,Charlie French,1909-1910
frencji01,Jim French,1965-1971
frencla01,Larry French,1929-1942
frenclu01,Luke French,2009-2010
frencpa01,Pat French,1917-1917
frencra01,Ray French,1920-1924
frencwa01,Walt French,1923-1929
fresn01,Fresnell,1939-1939
freybe01,Benny Frey,1929-1936
freylo01,Lonny Frey,1933-1948
freyst01,Steve Frey,1989-1996
friasca01,Carlos Frías,2014-2016
friasha01,Hanley Frias,1997-2000
friaslu01,Luis Frías,2021-2024
friaspe01,Pepe Frías,1973-1981
fribebe01,Bernie Friberg,1919-1933
fricama01,Marion Fricano,1952-1955
fridask01,Grier Friday,1923-1923
fridlji01,Jim Fridley,1952-1958
friedbo01,Bob Friedrichs,1932-1932
friedch01,Christian Friedrich,2012-2016
friedcy01,Cy Fried,1920-1920
friedma01,Max Fried,2017-2025
friedtj01,TJ Friedl,2021-2025
frielbi01,Bill Friel,1901-1903
frielpa01,Pat Friel,1890-1891
frienbo01,Bob Friend,1951-1966
frienda01,Danny Friend,1895-1898
frienfr01,Frank Freund,1896-1896
frienow01,Owen Friend,1949-1956
frierbu01,Buck Frierson,1941-1941
frierer01,Ernesto Frieri,2009-2017
friespe01,Pete Fries,1883-1884
frilljo01,John Frill,1910-1912
frinkfr01,Fred Frink,1934-1934
frisbch01,Charlie Frisbee,1899-1900
friscfr01,Frankie Frisch,1919-1937
friseda01,Danny Frisella,1967-1976
friskem01,Emil Frisk,1899-1907
fritzch01,Charlie Fritz,1907-1907
fritzha01,Harry Fritz,1913-1915
fritzla01,Larry Fritz,1975-1975
froatbi01,Bill Froats,1955-1955
frobedo01,Doug Frobel,1982-1987
frocksa01,Sam Frock,1907-1911
froelbe01,Al Froehlich,1909-1909
frohwto01,Todd Frohwirth,1987-1996
frommar01,Art Fromme,1906-1915
frostda01,Dave Frost,1977-1982
frutoem01,Emiliano Fruto,2006-2006
fryda01,David Fry,2023-2024
fryech01,Charlie Frye,1940-1940
fryeje01,Jeff Frye,1992-2001
fryerer01,Eric Fryer,2011-2017
fryja01,Jace Fry,2017-2021
fryje01,Jerry Fry,1978-1978
fryjo01,Johnson Fry,1923-1923
frymatr01,Travis Fryman,1990-2002
frymawo01,Woodie Fryman,1966-1983
frypa01,Paul Fry,2018-2022
fuchsch01,Charlie Fuchs,1942-1944
fuentbr01,Brian Fuentes,2001-2012
fuentjo01,Joshua Fuentes,2019-2021
fuentmi01,Miguel Fuentes,1969-1969
fuentmi02,Mike Fuentes,1983-1984
fuentre01,Rey Fuentes,2013-2017
fuentti01,Tito Fuentes,1965-1978
fuhrmol01,Ollie Fuhrman,1922-1922
fuhros01,Oscar Fuhr,1921-1925
fujikky01,Kyuji Fujikawa,2013-2015
fujinsh01,Shintaro Fujinami,2023-2023
fukudko01,Kosuke Fukudome,2008-2012
fukumka01,Kazuo Fukumori,2008-2008
fulchje01,Jeff Fulchino,2006-2011
fuldsa01,Sam Fuld,2007-2015
fulfobr01,Braxton Fulford,2025-2025
fulghdo01,Dot Fulghum,1921-1921
fulghjo01,John Fulgham,1979-1980
fullecu01,Curt Fullerton,1921-1933
fulleed01,Ed Fuller,1886-1886
fullefr01,Frank Fuller,1915-1923
fulleha01,Harry Fuller,1891-1891
fulleji01,Jim Fuller,1973-1977
fulleji02,Jimmy Fuller,1927-1927
fullejo01,John Fuller,1974-1974
fulleni01,Charles Fuller,1902-1902
fullesh01,Shorty Fuller,1888-1896
fulleve01,Vern Fuller,1964-1970
fullich01,Chick Fullis,1928-1936
fullmbr01,Brad Fullmer,1997-2004
fulmeca01,Carson Fulmer,2016-2024
fulmech01,Charles Fulmer,1871-1884
fulmech02,Chris Fulmer,1884-1889
fulmemi01,Michael Fulmer,2016-2025
fulmewa01,Washington Fulmer,1875-1875
fultobi01,Bill Fulton,1987-1987
fultzaa01,Aaron Fultz,2000-2007
fultzda01,Dave Fultz,1898-1905
fundeko01,Kody Funderburk,2023-2025
fundema01,Mark Funderburk,1981-1985
funesma01,Mauricio Funes,1925-1925
funkfr01,Frank Funk,1960-1963
funkhky01,Kyle Funkhouser,2020-2021
funkli01,Liz Funk,1929-1933
funkto01,Tom Funk,1986-1986
furbuch01,Charlie Furbush,2011-2015
furcara02,Rafael Furcal,2000-2014
furilca01,Carl Furillo,1946-1960
furmajj01,J.J. Furmaniak,2005-2007
fussech01,Chris Fussell,1998-2000
fusseed01,Eddie Fusselback,1882-1888
fussefr01,Fred Fussell,1922-1929
fussele01,Les Fusselman,1952-1953
fyhrimi01,Mike Fyhrie,1996-2002
