player_id,name,years
laabsch01,Chet Laabs,1937-1947
labanjo01,Josh Labandeira,2004-2004
labincl01,Clem Labine,1950-1962
labouja01,Jairo Labourt,2017-2017
laboyco01,Coco Laboy,1969-1973
laceybo01,Bob Lacey,1977-1984
laceype01,Percy Lacey,1935-1937
lachaca01,George LaChance,1893-1905
lachema01,Marcel Lachemann,1969-1971
lachere01,Rene Lachemann,1965-1968
lachoal01,Al Lachowicz,1983-1983
lacke01,William Lackey,1890-1890
lackejo01,John Lackey,2002-2017
lackeob01,Obie Lackey,1929-1943
laclage01,George LeClair,1914-1915
lacocpe01,Pete LaCock,1972-1980
lacorfr01,Frank LaCorte,1975-1984
lacosmi01,Mike LaCoss,1978-1991
lacygu01,Guy Lacy,1926-1926
lacyke01,Kerry Lacy,1996-1997
lacyle01,Lee Lacy,1972-1987
lacyra01,Raymon Lacy,1947-1947
laddhi01,Hi Ladd,1898-1898
laddpe01,Pete Ladd,1979-1986
ladedo01,Doyle Lade,1946-1950
ladenty01,Tyler Ladendorf,2015-2021
ladewst01,Steve Ladew,1889-1889
ladwiaj01,A.J. Ladwig,2022-2022
lafatjo01,Joe Lafata,1947-1949
laffeaa01,Aaron Laffey,2007-2015
laffefl01,Flip Lafferty,1876-1877
lafited01,Ed Lafitte,1909-1915
laforpe01,Pete LaForest,2003-2007
laforty01,Ty LaForest,1945-1945
lafraro01,Roger LaFrancois,1982-1982
lafrobo01,Bobby LaFromboise,2013-2015
lagami01,Mike Laga,1982-1990
lagarju01,Juan Lagares,2013-2022
laggeed01,Ed Lagger,1934-1934
lagrole01,Lerrin LaGrow,1970-1980
lahaibr01,Bryan LaHair,2008-2012
lahoujo01,Joe Lahoud,1968-1978
lahtije01,Jeff Lahti,1982-1986
lailbr01,Brady Lail,2019-2021
lairdbr01,Brandon Laird,2011-2013
lairdge01,Gerald Laird,2003-2015
lajesdi01,Dick Lajeskie,1946-1946
lajoina01,Nap Lajoie,1896-1916
lakeed01,Eddie Lake,1939-1950
lakefr01,Fred Lake,1891-1910
lakejo01,Joe Lake,1908-1913
lakeju01,Junior Lake,2013-2016
lakemal01,Al Lakeman,1942-1954
lakerti01,Tim Laker,1992-2006
lakest01,Steve Lake,1983-1993
lakintr01,Travis Lakins Sr.,2019-2022
lallibl01,Blake Lalli,2012-2016
lallyda01,Dan Lally,1891-1897
lamabja01,Jack Lamabe,1962-1968
lamacal01,Al LaMacchia,1943-1946
lamanfr01,Frank Lamanske,1935-1935
lamanfr02,Hank LaManna,1940-1942
lamanra01,Ray Lamanno,1941-1948
lamarbi01,Bill Lamar,1917-1927
lamarcl01,Clarence Lamar,1937-1943
lamarho01,Horatio Lamar,1939-1939
lamarji01,Jim LaMarque,1942-1948
lamarry01,Ryan LaMarre,2015-2021
lamaswa01,Wayne LaMaster,1937-1938
lambda01,David Lamb,1999-2002
lambech01,Chris Lambert,2008-2009
lambecl01,Clayton Lambert,1946-1947
lambege01,Gene Lambert,1941-1942
lambeji01,Jimmy Lambert,2020-2023
lambene01,Néstor Lambertus,1929-1929
lambeot01,Otis Lambeth,1916-1918
lambepe01,Peter Lambert,2019-2024
lambja01,Jake Lamb,2014-2023
lambjo01,John Lamb,1970-1973
lambjo02,John Lamb,2015-2018
lambly01,Lyman Lamb,1920-1921
lambmi01,Mike Lamb,2000-2010
lamboan01,Andrew Lambo,2013-2016
lambra01,Ray Lamb,1969-1973
lamerpe01,Pete Lamer,1902-1907
lametdi01,Dinelson Lamet,2017-2024
lamlifr01,Fred Lamlein,1912-1915
lamonge01,Gene Lamont,1970-1975
lamotbo01,Bobby LaMotte,1920-1926
lampake01,Keith Lampard,1969-1970
lampde01,Dennis Lamp,1977-1992
lampehe01,Henry Lampe,1894-1895
lampkto01,Tom Lampkin,1988-2002
lanahdi01,Dick Lanahan,1935-1941
lancale01,Les Lancaster,1987-1993
lancega01,Gary Lance,1977-1977
lanceri01,Rick Lancellotti,1982-1990
landdo01,Doc Land,1929-1929
landeke01,Ken Landenberger,1952-1952
landera01,Rafael Landestoy,1977-1984
landgr01,Grover Land,1908-1915
landibi01,Bill Landis,1963-1969
landido01,Doc Landis,1882-1882
landiji01,Jim Landis,1957-1967
landrbi01,Bill Landrum,1986-1993
landrce01,Ced Landrum,1991-1993
landrdo01,Don Landrum,1957-1966
landrho01,Hobie Landrith,1950-1963
landrje01,Jesse Landrum,1938-1938
landrjo01,Joe Landrum,1950-1952
landrke01,Ken Landreaux,1977-1987
landrla01,Larry Landreth,1976-1977
landrti01,Tito Landrum,1980-1988
laneal01,Alto Lane,1929-1931
lanech01,Chappy Lane,1882-1884
lanedi01,Dick Lane,1949-1949
lanehu01,Hunter Lane,1924-1924
laneis01,Isaac Lane,1920-1922
laneja01,Jason Lane,2002-2014
laneje01,Jerry Lane,1953-1955
lanele01,Lefty Lane,1921-1921
lanema01,Marv Lane,1971-1976
lanfosa01,Sam Lanford,1907-1907
lanfrwa01,Walt Lanfranconi,1941-1947
langch01,Chip Lang,1975-1976
langdo01,Don Lang,1938-1948
langeal01,Alex Lange,2021-2024
langebi01,Bill Lange,1893-1899
langedi01,Dick Lange,1972-1975
langeer01,Erv Lange,1914-1914
langefr01,Frank Lange,1910-1913
langery01,Ryan Langerhans,2002-2013
langesh01,Shea Langeliers,2022-2025
langfri01,Rick Langford,1976-1986
langfsa01,Sam Langford,1926-1928
langfwy01,Wyatt Langford,2024-2025
langma01,Marty Lang,1930-1930
langr01,Langrum,1939-1939
langsbo01,Bob Langsford,1899-1899
langsma01,Mark Langston,1984-1999
langwma01,Matt Langwell,2013-2013
lanieha01,Hal Lanier,1964-1973
laniema01,Max Lanier,1938-1953
lanieri01,Rimp Lanier,1971-1971
lankffr01,Frank Lankford,1998-1998
lankfra01,Ray Lankford,1990-2004
lannajo01,John Lannan,2007-2014
lannijo01,Johnny Lanning,1936-1947
lannire01,Red Lanning,1916-1916
lannito01,Tom Lanning,1938-1938
lansfca01,Carney Lansford,1978-1992
lansfjo01,Joe Lansford,1982-1983
lansige01,Gene Lansing,1922-1922
lansimi01,Mike Lansing,1993-2001
lansiwi01,Wilbur Lansing,1948-1948
lantien01,Enrique Lantigua,1935-1935
lantz01,Lantz,1932-1932
lanuzpe01,Pedro Lanuza,1932-1932
lapalpa01,Paul LaPalme,1951-1957
lapanpe01,Pete Lapan,1922-1923
lapihan01,Andy Lapihuska,1942-1943
lapoida01,Dave LaPoint,1980-1991
lapoira01,Ralph LaPointe,1947-1948
laporfr01,Frank LaPorte,1905-1915
laporma01,Matt LaPorta,2009-2012
lappja01,Jack Lapp,1908-1916
laraju01,Juan Lara,2006-2007
larayo01,Yovanny Lara,2000-2000
larisje01,Jeff Larish,2008-2010
larkeno01,Norm Larker,1958-1963
larki01,Patrick Larkins,1884-1884
larkian01,Andy Larkin,1996-2000
larkiba01,Barry Larkin,1986-2004
larkied01,Ed Larkin,1909-1909
larkige01,Gene Larkin,1987-1993
larkihe01,Henry Larkin,1884-1893
larkipa01,Pat Larkin,1983-1983
larkist01,Steve Larkin,1934-1934
larkist02,Stephen Larkin,1998-1998
larkite01,Terry Larkin,1876-1884
larmobo01,Bob Larmore,1918-1918
larnatr01,Trevor Larnach,2021-2025
larocad01,Adam LaRoche,2004-2015
larocan01,Andy LaRoche,2007-2013
larocda01,Dave LaRoche,1970-1983
larocgr01,Greg LaRocca,2000-2003
laroqsa01,Sam LaRocque,1888-1891
larosha01,Harry LaRoss,1914-1914
larosjo01,John LaRose,1978-1978
larosvi01,Vic LaRose,1968-1968
larsedo01,Don Larsen,1953-1967
larseja01,Jack Larsen,2022-2022
larsesw01,Swede Larsen,1936-1936
larsobr01,Brandon Larson,2001-2004
larsoda01,Dan Larson,1976-1982
larueja01,Jason LaRue,1999-2010
larusto01,Tony La Russa,1963-1973
laryal01,Al Lary,1954-1962
laryfr01,Frank Lary,1954-1965
laryly01,Lyn Lary,1929-1940
lashefr01,Fred Lasher,1963-1971
laskebi01,Bill Laskey,1982-1988
laslebi01,Bill Lasley,1924-1924
lasorjo01,Joe La Sorsa,2023-2024
lasorto01,Tommy Lasorda,1954-1956
lassedo01,Don Lassetter,1957-1957
lasteto01,Tommy La Stella,2014-2023
lathaar01,Arlie Latham,1880-1909
lathabi01,Bill Latham,1985-1986
lathach01,Chris Latham,1997-2003
lathaju01,Jumbo Latham,1875-1884
lathech01,Chick Lathers,1910-1911
lathrbi01,Bill Lathrop,1913-1914
latim02,Latimer,1921-1921
latimta01,Tacks Latimer,1898-1902
latmaba01,Barry Latman,1957-1967
latosma01,Mat Latos,2009-2017
lattibi01,Bill Lattimore,1908-1908
lattidu01,Duke Lattimore,1929-1933
lattijo01,John Latting,1926-1926
latzja01,Jacob Latz,2021-2024
lauch01,Charley Lau,1956-1967
laudebi01,Billy Lauder,1898-1903
laudnti01,Tim Laudner,1981-1989
lauerch01,Chuck Lauer,1884-1890
lauerer01,Eric Lauer,2018-2023
laughbe01,Ben Laughlin,1873-1873
lauremi01,Milt Laurent,1929-1932
laurera01,Ramón Laureano,2018-2025
lautebi01,Bill Lauterborn,1904-1905
lauzege01,George Lauzerique,1967-1970
lavagco01,Cookie Lavagetto,1934-1947
lavalmi01,Mike LaValliere,1984-1995
lavando01,Doc Lavan,1913-1924
lavarry01,Ryan Lavarnway,2011-2021
lavasbr01,Bryan Lavastida,2022-2022
lavelga01,Gary Lavelle,1974-1987
lavenji01,Jimmy Lavender,1912-1917
lavigar01,Art LaVigne,1914-1914
lavinjo01,Johnny Lavin,1884-1884
lawde01,Derek Law,2016-2024
lawinga01,Garland Lawing,1946-1946
lawlajo01,Jordan Lawlar,2023-2023
lawleto01,Tom Lawless,1982-1990
lawlomi01,Mike Lawlor,1880-1884
lawrebi01,Bill Lawrence,1932-1932
lawrebo01,Bob Lawrence,1924-1924
lawrebr01,Brooks Lawrence,1954-1960
lawrebr02,Brian Lawrence,2001-2007
lawreca01,Casey Lawrence,2017-2025
lawreji01,Jim Lawrence,1963-1963
lawrejo01,Joe Lawrence,2002-2002
lawreju01,Justin Lawrence,2021-2025
lawrese01,Sean Lawrence,1998-1998
lawribr01,Brett Lawrie,2011-2016
lawro01,Ron Law,1969-1969
lawru01,Rudy Law,1978-1986
lawryot01,Otis Lawry,1916-1917
lawsoal01,Al Lawson,1890-1890
lawsobo01,Bob Lawson,1901-1902
lawsoph01,Phelbert Lawson,1945-1945
lawsoro01,Roxie Lawson,1930-1940
lawsost01,Steve Lawson,1972-1972
lawtoma01,Marcus Lawton,1989-1989
lawtoma02,Matt Lawton,1995-2006
lawva01,Vance Law,1980-1991
lawve01,Vern Law,1950-1967
laxtobi01,Bill Laxton,1970-1977
laxtobr01,Brett Laxton,1999-2000
layanti01,Tim Layana,1990-1993
laydege01,Gene Layden,1915-1915
laydope01,Pete Layden,1948-1948
laynehe01,Herman Layne,1927-1927
laynehi01,Hillis Layne,1941-1945
layneto01,Tommy Layne,2012-2017
laytole01,Les Layton,1948-1948
lazagag01,Agapito Lázaga,1922-1922
lazarda01,Danny Lazar,1968-1969
lazarma01,Max Lazar,2024-2024
lazora01,Raudel Lazo,2015-2015
lazorja01,Jack Lazorko,1984-1988
lazorjo01,Johnny Lazor,1943-1946
lazzeto01,Tony Lazzeri,1926-1939
leach01,Charlie Lea,1980-1988
leachbr01,Brent Leach,2009-2009
leachfr01,Freddy Leach,1923-1932
leachja01,Jalal Leach,2001-2001
leachri01,Rick Leach,1981-1990
leachte01,Terry Leach,1981-1993
leachto01,Tommy Leach,1898-1918
leagubr01,Brandon League,2004-2014
leahyda01,Dan Leahy,1896-1896
leahyky01,Kyle Leahy,2023-2025
leahyto01,Tom Leahy,1897-1905
leakemi01,Mike Leake,2010-2019
leallu01,Luis Leal,1980-1985
leardbi01,Bill Leard,1917-1917
learfr01,Fred Lear,1915-1920
learki01,King Lear,1914-1915
learyfr01,Frank Leary,1907-1907
learyja01,Jack Leary,1880-1884
learyjo01,John Leary,1914-1915
learyti01,Tim Leary,1981-1994
leasujo01,Jordan Leasure,2024-2025
leathha01,Hal Leathers,1920-1920
leathja01,Jack Leathersich,2015-2017
leberem01,Emil Leber,1905-1905
leblach01,Charles Leblanc,2022-2024
leblajo01,José Leblanc,1920-1921
leblawa01,Wade LeBlanc,2008-2021
leboube01,Bevo LeBourveau,1919-1929
leclejo01,José Leclerc,2016-2025
lecroma01,Matt LeCroy,2000-2007
lecursa01,Sam LeCure,2010-2015
ledbera01,Razor Ledbetter,1915-1915
ledeeri01,Ricky Ledée,1998-2007
ledesaa01,Aaron Ledesma,1995-2000
ledezwi01,Wil Ledezma,2003-2011
ledwimi01,Mike Ledwith,1874-1874
lee04,Lee,1923-1923
lee05,Lee,1927-1927
leebi01,Billy Lee,1915-1916
leebi02,Bill Lee,1934-1947
leebi03,Bill Lee,1969-1982
leebo01,Bob Lee,1964-1968
leebr01,Braxton Lee,2018-2018
leebr02,Brooks Lee,2024-2025
leeca01,Carlos Lee,1999-2012
leech01,C.C. Lee,2013-2015
leecl01,Cliff Lee,1919-1926
leecl02,Cliff Lee,2002-2014
leeco01,Corey Lee,1999-1999
leeda01,David Lee,1999-2004
leeda02,Dae-ho Lee,2016-2016
leede01,Derek Lee,1993-1993
leede02,Derrek Lee,1997-2011
leedo01,Don Lee,1957-1966
leedu01,Dud Lee,1920-1926
leedy01,Dylan Lee,2021-2025
leeev01,Evan Lee,2022-2022
leeha01,Hal Lee,1930-1936
leeju01,Jung Hoo Lee,2024-2025
leekge01,Gene Leek,1959-1962
leekh01,Khalil Lee,2021-2022
leeko01,Korey Lee,2022-2025
leele01,Leonidas Lee,1877-1877
leele02,Leron Lee,1969-1976
leema01,Mark Lee,1978-1981
leema02,Manuel Lee,1985-1995
leema03,Mark Lee,1988-1995
leemi01,Mike Lee,1960-1963
leepeda01,Dave Leeper,1984-1985
leero01,Roy Lee,1945-1945
leesa01,Sang-Hoon Lee,2000-2000
leesc01,Script Lee,1923-1934
leesge01,George Lees,1921-1921
leesmch01,Charles Leesman,2013-2014
leete01,Terry Lee,1990-1991
leeth01,Thornton Lee,1933-1948
leeto01,Tom Lee,1884-1884
leetr01,Travis Lee,1998-2006
leevesa01,Sam Leever,1898-1910
leewa01,Wyatt Lee,1901-1904
leeza01,Zach Lee,2015-2017
lefebbi01,Bill LeFebvre,1938-1944
lefebji01,Jim Lefebvre,1965-1972
lefebjo01,Joe Lefebvre,1980-1986
lefeval01,Al Lefevre,1920-1920
leffecr01,Craig Lefferts,1983-1994
leflewa01,Wade Lefler,1924-1924
lefloro01,Ron LeFlore,1974-1982
leftwph01,Phil Leftwich,1993-1996
legetlo01,Lou Legett,1929-1935
legggr01,Greg Legg,1986-1987
legumca01,Casey Legumina,2023-2025
lehanja01,James Lehan,1884-1884
lehanmi01,Mike Lehane,1890-1891
lehenre01,Regis Leheny,1932-1932
lehewji01,Jim Lehew,1961-1962
lehmake01,Ken Lehman,1952-1961
lehnepa01,Paul Lehner,1946-1952
lehrcl01,Clarence Lehr,1911-1911
lehrju01,Justin Lehr,2004-2009
lehrno01,Norm Lehr,1926-1926
leibeha01,Hank Leiber,1933-1942
leibone01,Nemo Leibold,1913-1925
leibrbr01,Brandon Leibrandt,2020-2024
leibrch01,Charlie Leibrandt,1979-1993
leicejo01,Jon Leicester,2004-2007
leifeel01,Elmer Leifer,1921-1921
leifile01,Lefty Leifield,1905-1920
leighjo01,John Leighton,1890-1890
leinhbi01,Bill Leinhauser,1912-1912
leiped01,Ed Leip,1939-1942
leipeda01,Dave Leiper,1984-1996
leipeja01,Jack Leiper,1891-1891
leistjo01,John Leister,1987-1990
leiteal01,Al Leiter,1987-2005
leiteja01,Jack Leiter,2024-2025
leitema01,Mark Leiter,1990-2001
leitema02,Mark Leiter Jr.,2017-2025
leithbi01,Bill Leith,1899-1899
leitndo01,Doc Leitner,1887-1887
leitndu01,George Leitner,1901-1902
leiussc01,Scott Leius,1990-1999
lejafr01,Frank Leja,1954-1962
lejeula01,Sheldon Lejeune,1911-1915
lejohdo01,Don LeJohn,1965-1965
lelivbi01,Bill Lelivelt,1909-1910
lelivja01,Jack Lelivelt,1909-1914
lemahdj01,DJ LeMahieu,2011-2024
lemanda01,Dave Lemanczyk,1973-1980
lemasde01,Denny Lemaster,1962-1972
lemasjo01,Johnnie LeMaster,1975-1987
lemaydi01,Dick LeMay,1961-1963
lembost01,Steve Lembo,1950-1952
lemkema01,Mark Lemke,1988-1998
lemoija01,Jacob Lemoine,2022-2022
lemonbo01,Bob Lemon,1941-1958
lemonch01,Chet Lemon,1975-1990
lemonda01,Dave Lemonds,1969-1972
lemonji01,Jim Lemon,1950-1963
lemonma01,Mark Lemongello,1976-1979
lenhado01,Don Lenhardt,1950-1954
lennobi01,Bill Lennon,1871-1873
lennobo01,Bob Lennon,1954-1957
lennoed01,Ed Lennox,1906-1915
lennoed02,Ed Lennon,1928-1928
lennopa01,Pat Lennon,1991-1999
lentiji01,Jim Lentine,1978-1980
leona01,Leonard,1892-1892
leona03,Leonard,1943-1943
leonaan01,Andy Leonard,1871-1880
leonabo01,Bobo Leonard,1922-1927
leonabu99,Buck Leonard,1935-1948
leonade01,Dennis Leonard,1974-1986
leonadu01,Dutch Leonard,1913-1925
leonadu02,Dutch Leonard,1933-1953
leonael01,Elmer Leonard,1911-1911
leonaje01,Jeffrey Leonard,1977-1990
leonajo01,Joe Leonard,1914-1920
leonama01,Mark Leonard,1990-1995
leonar01,Arnold Leon,2015-2016
leonar02,Arcenio León,2017-2017
leonda01,Danny Leon,1992-1992
leoned01,Eddie Leon,1968-1975
leonedo01,Dominic Leone,2014-2024
leoneju01,Justin Leone,2004-2006
leonhda01,Dave Leonhard,1967-1972
leoniz01,Izzy León,1945-1945
leonjo01,José León,2002-2004
leonju01,Juan León,1948-1948
leonma01,Max León,1973-1978
leonpe01,Pedro León,2024-2024
leonsa01,Sandy León,2012-2023
leoporu01,Rudy Leopold,1928-1928
leovijo01,John Leovich,1941-1941
lepcite01,Ted Lepcio,1952-1961
lepinpe01,Pete LePine,1902-1902
leppedo01,Don Leppert,1955-1955
leppedo02,Don Leppert,1961-1964
lerchdu01,Dutch Lerchen,1910-1910
lerchge01,George Lerchen,1952-1953
lerchra01,Randy Lerch,1975-1986
lerewan01,Anthony Lerew,2005-2010
leriawa01,Walt Lerian,1928-1929
lerouch01,Chris Leroux,2009-2014
leroyjo01,John LeRoy,1997-1997
leroylo01,Louis LeRoy,1905-1910
lerscba01,Barry Lersch,1969-1974
lerudst01,Steven Lerud,2012-2013
leshebr01,Brian Lesher,1996-2002
leshndo01,Don Leshnock,1972-1972
leskacu01,Curt Leskanic,1993-2004
leslebr01,Brad Lesley,1982-1985
lesliro01,Roy Leslie,1917-1922
leslisa01,Sam Leslie,1929-1938
leste02,Lester,1932-1932
lestejo01,Jon Lester,2006-2021
lestejo02,Josh Lester,2022-2023
letchch01,Charlie Letchas,1939-1946
letchto01,Tom Letcher,1891-1891
leutz01,David Lenz,1872-1872
levanje01,Jesse Levan,1947-1955
leverdi01,Gorham Leverett,1922-1929
leverho01,Horace Leverette,1920-1920
leverwa01,Walt Leverenz,1913-1915
leveyji01,Jim Levey,1930-1933
levinal01,Al Levine,1996-2005
levisch01,Charlie Levis,1884-1885
levisje01,Jesse Levis,1992-2001
levisos01,Oscar Levis,1923-1929
levraal01,Allen Levrault,2000-2003
levsedu01,Emil Levsen,1923-1928
levyed01,Ed Levy,1940-1944
lewalde01,Dennis Lewallyn,1975-1982
lewanda01,Dan Lewandowski,1951-1951
lewicar01,Artie Lewicki,2017-2020
lewis01,Lewis,1890-1890
lewisad02,A.D. Lewis,1937-1937
lewisal01,Allan Lewis,1967-1973
lewisbe01,Bert Lewis,1924-1924
lewisbi01,Bill Lewis,1933-1936
lewisbu01,Buddy Lewis,1935-1949
lewisch01,Charlie Lewis,1926-1926
lewiscl01,Clarence Lewis,1932-1934
lewisco01,Colby Lewis,2002-2016
lewisda01,Darren Lewis,1990-2002
lewisdu01,Duffy Lewis,1910-1921
lewisea01,Earl Lewis,1923-1923
lewisfr01,Fred Lewis,1881-1886
lewisfr02,Fred Lewis,2006-2012
lewisfr03,Frank Lewis,1932-1932
lewisga01,Gaston Lewis,1926-1926
lewisja01,Jack Lewis,1911-1915
lewisje01,Jensen Lewis,2007-2010
lewisji01,Jim Lewis,1979-1985
lewisji02,Jim Lewis,1991-1991
lewisji03,Jim Lewis,1936-1938
lewisjo01,Johnny Lewis,1964-1967
lewisjo02,Joe Lewis,1923-1934
lewisjo03,John Lewis,1945-1945
lewisky01,Kyle Lewis,2019-2023
lewisma01,Mark Lewis,1991-2001
lewismi01,Milton Lewis,1924-1928
lewisph01,Phil Lewis,1905-1908
lewisri01,Richie Lewis,1992-1998
lewisro01,Rommie Lewis,2010-2011
lewisro02,Royce Lewis,2022-2024
lewisru01,Rufus Lewis,1946-1948
lewissc01,Scott Lewis,1990-1994
lewissc02,Scott Lewis,2008-2009
lewiste01,Ted Lewis,1896-1901
leybado01,Domingo Leyba,2019-2021
leyerro01,Robinson Leyer,2020-2020
leyriji01,Jim Leyritz,1990-2000
leyte01,Terry Ley,1971-1971
lezcaca01,Carlos Lezcano,1980-1981
lezcasi01,Sixto Lezcano,1974-1985
libbyst01,Steve Libby,1879-1879
liberad01,Adam Liberatore,2015-2018
liberlu01,Luis Liberato,2022-2022
liberma01,Matthew Liberatore,2022-2025
libkeal01,Al Libke,1945-1946
librafr01,Frankie Libran,1969-1969
lickejo01,John Lickert,1981-1981
liddeda01,Dave Liddell,1990-1990
liddial01,Alex Liddi,2011-2013
liddldo01,Don Liddle,1953-1956
lidgebr01,Brad Lidge,2002-2012
lidleco01,Cory Lidle,1997-2006
liebedu01,Dutch Lieber,1935-1936
liebejo01,Jon Lieber,1994-2008
liebemi01,Mike Lieberthal,1994-2007
liebhgl01,Glenn Liebhardt,1906-1909
liebhgl02,Glenn Liebhardt,1930-1938
liefeje01,Jeff Liefer,1999-2005
liesefr01,Fred Liese,1910-1910
lightch01,Charley Lightner,1920-1920
lightpa01,Pat Light,2016-2016
ligonru01,Rufus Ligon,1932-1945
ligteke01,Kerry Ligtenberg,1997-2005
lillabi01,Bill Lillard,1939-1940
lillage01,Gene Lillard,1936-1940
lillajo01,Joe Lillard,1932-1937
lillibo01,Bob Lillis,1958-1967
lillibr01,Brent Lillibridge,2008-2013
lillide01,Derek Lilliquist,1989-1996
lilliji01,Jim Lillie,1883-1886
lillyte01,Ted Lilly,1999-2013
limajo01,José Lima,1994-2006
limch01,Chang-Yong Lim,2013-2013
limmelo01,Lou Limmer,1951-1954
linarro01,Rogelio Linares,1940-1946
linarru01,Rufino Linares,1981-1985
linceti01,Tim Lincecum,2007-2016
linch01,Che-Hsuan Lin,2012-2012
lincobr01,Brad Lincoln,2010-2014
lincoez01,Ezra Lincoln,1890-1890
lincomi01,Mike Lincoln,1999-2010
lindad01,Adam Lind,2006-2017
lindavi01,Vive Lindaman,1906-1909
lindbem01,Em Lindbeck,1960-1960
lindbjo01,Josh Lindblom,2011-2021
lindbpa01,Paul Lindblad,1965-1978
lindca01,Carl Lind,1927-1930
lindebo01,Bob Lindemann,1901-1901
lindeer01,Ernie Lindemann,1907-1907
lindeji01,Jim Lindeman,1986-1994
lindejo01,Johnny Lindell,1941-1954
lindely01,Lyman Linde,1947-1948
lindeto01,Todd Linden,2003-2007
lindewa01,Walt Linden,1950-1950
lindewi01,William Linder,1922-1922
lindgja01,Jacob Lindgren,2015-2015
lindgje01,Jeff Lindgren,2023-2023
lindja01,Jack Lind,1974-1975
lindjo01,José Lind,1987-1995
lindofr01,Francisco Lindor,2015-2025
lindqca01,Carl Lindquist,1943-1944
lindsax01,Axel Lindstrom,1916-1916
lindsbi01,Bill Lindsay,1911-1911
lindsbi02,Bill Lindsey,1987-1987
lindsch01,Chris Lindsay,1905-1906
lindsch02,Charlie Lindstrom,1958-1958
lindscl01,Clarence Lindsay,1923-1929
lindsdo01,Doug Lindsey,1991-1993
lindsfr01,Freddie Lindstrom,1924-1936
lindsji01,Jim Lindsey,1922-1937
lindsjo01,John Lindsey,2010-2010
lindsle01,Leonard Lindsay,1935-1947
lindsma01,Matt Lindstrom,2007-2014
lindsro01,Rod Lindsey,2000-2000
lindsro02,Robert Lindsey,1931-1931
lindssh01,Shane Lindsay,2011-2011
lindswi01,William Lindsey,1926-1926
lindswi02,William Lindsay,1934-1934
linebsc01,Scott Linebrink,2000-2011
linesdi01,Dick Lines,1966-1967
linhaca01,Carl Linhart,1952-1952
liniaco01,Cole Liniak,1999-2000
linkeed01,Ed Linke,1933-1938
linkfr01,Fred Link,1910-1910
linkjo01,Jon Link,2010-2010
lintobo01,Bob Linton,1929-1929
lintodo01,Doug Linton,1992-2003
lintro01,Royce Lint,1954-1954
lintz02,Tzu-Wei Lin,2017-2021
lintzla01,Larry Lintz,1973-1978
linzph01,Phil Linz,1962-1968
linzyfr01,Frank Linzy,1963-1974
lipcian01,Andre Lipcius,2023-2023
lipetan01,Angelo LiPetri,1956-1958
liponjo01,Johnny Lipon,1942-1954
lippto01,Tom Lipp,1897-1897
lipscni01,Gerard Lipscomb,1937-1937
lipsctr01,Trey Lipscomb,2024-2024
lipsehe01,Henry Lipsey,1942-1942
lipskbo01,Bob Lipski,1963-1963
lirafe01,Felipe Lira,1995-2001
liriafr01,Francisco Liriano,2005-2019
liriane01,Nelson Liriano,1987-1998
liriape01,Pedro Liriano,2004-2005
liriary01,Rymer Liriano,2014-2017
lisbymo01,Mo Lisby,1934-1934
lisenho01,Horace Lisenbee,1927-1945
lisiri01,Rick Lisi,1981-1981
lisjo01,Joe Lis,1970-1977
liskaad01,Ad Liska,1929-1933
listano01,Nora Listach,1941-1941
listapa01,Pat Listach,1992-1997
listepe01,Pete Lister,1907-1907
lithe01,Lithet,1942-1942
litscje01,Jesse Litsch,2007-2011
littema01,Mark Littell,1973-1982
litteza01,Zack Littell,2018-2025
littlbe01,Ben Littles,1948-1948
littlbr01,Bryan Little,1982-1986
littlbr02,Brendon Little,2022-2025
littlca01,Carlisle Littlejohn,1927-1928
littlde01,Dennis Littlejohn,1978-1980
littldi01,Dick Littlefield,1950-1958
littlea01,Earl Little,1938-1942
littlha01,Harry Little,1877-1877
littlja01,Jack Little,1912-1912
littlje01,Jeff Little,1980-1982
littljo01,John Littlefield,1980-1981
littlla01,Larry Littleton,1981-1981
littllu01,Luke Little,2023-2025
littlma01,Mark Little,1998-2004
littlsc01,Scott Little,1989-1989
littlwe01,Wes Littleton,2006-2008
littogr01,Greg Litton,1989-1994
littrja01,Jack Littrell,1952-1957
litwhda01,Danny Litwhiler,1940-1951
livelbe01,Ben Lively,2017-2025
livelbu01,Buddy Lively,1947-1949
livelja01,Jack Lively,1911-1911
livenwe01,Wes Livengood,1939-1939
livinbo01,Bobby Livingston,2006-2007
livinja01,Jake Livingstone,1901-1901
livinld01,L.D. Livingston,1928-1930
livinmi01,Mickey Livingston,1938-1951
livinpa01,Paddy Livingston,1901-1917
livinsc01,Scott Livingstone,1991-1998
lizotab01,Abel Lizotte,1896-1896
lizra01,Radhames Liz,2007-2015
llenawi01,Winston Llenas,1968-1975
llewecl01,Clem Llewellyn,1922-1922
llovema01,Mauricio Llovera,2020-2023
lloydgr01,Graeme Lloyd,1993-2003
lloydjo99,John Henry Lloyd,1921-1929
lloydky01,Kyle Lloyd,2017-2017
loaisjo01,Jonathan Loáisiga,2018-2024
loaizes01,Esteban Loaiza,1995-2008
loanebo01,Bob Loane,1939-1940
loanmi01,Mike Loan,1912-1912
lobatjo01,José Lobatón,2009-2021
loberfr01,Frank Lobert,1914-1914
loberha01,Hans Lobert,1903-1917
lobstky01,Kyle Lobstein,2014-2021
locasti01,Tim Locastro,2017-2023
loch02,Chia-Jen Lo,2013-2013
lochhha01,Harry Lochhead,1899-1901
lockdo01,Don Lock,1962-1969
lockebo01,Bobby Locke,1959-1968
lockebo02,Bob Locker,1965-1975
lockech01,Chuck Locke,1955-1955
lockecl01,Clarence Locke,1944-1948
lockeed01,Eddie Locke,1943-1945
lockeje01,Jeff Locke,2011-2017
lockejo01,Johnny Lockett,1941-1941
lockele01,Lester Lockett,1937-1948
lockema01,Marshall Locke,1884-1884
lockero01,Ron Locke,1964-1964
lockewa01,Walker Lockett,2018-2020
lockh02,Lockhart,1942-1942
lockhaj01,A.J. Lockhart,1925-1925
lockhhu01,Hubert Lockhart,1923-1929
lockhke01,Keith Lockhart,1994-2003
locklge01,Gene Locklear,1973-1977
locklst01,Stu Locklin,1955-1956
locklty01,Tyler Locklear,2024-2024
lockmja01,James Lockman,1943-1943
lockmwh01,Whitey Lockman,1945-1960
lockrbr01,Brandon Lockridge,2024-2025
lockwmi01,Milo Lockwood,1884-1884
lockwsk01,Skip Lockwood,1965-1980
lodigda01,Dario Lodigiani,1938-1946
lodolni01,Nick Lodolo,2022-2025
loducpa01,Paul Lo Duca,1998-2008
loeka01,Kameron Loe,2004-2013
loeppge01,George Loepp,1928-1930
loesbi01,Billy Loes,1950-1961
loewead01,Adam Loewen,2006-2016
loeweca01,Carlton Loewer,1998-2003
loftini01,Nick Loftin,2023-2024
loftoja01,James Lofton,2001-2001
loftoke01,Kenny Lofton,1991-2007
loftudi01,Dick Loftus,1924-1925
loftufr01,Frank Loftus,1926-1926
loftuto01,Tom Loftus,1877-1883
loganbo01,Bob Logan,1935-1945
loganbo02,Boone Logan,2006-2018
loganco01,Coley Logan,1940-1940
loganjo01,Johnny Logan,1951-1963
loganni01,Nick Logan,1923-1923
loganno01,Nook Logan,2004-2007
loggi01,Loggins,1944-1944
logueza01,Zach Logue,2022-2024
lohmape01,Pete Lohman,1891-1891
lohrho01,Howard Lohr,1914-1916
lohrkja01,Jack Lohrke,1947-1953
lohrmbi01,Bill Lohrman,1934-1944
lohseky01,Kyle Lohse,2001-2016
loisal01,Alberto Lois,1978-1979
loiseri01,Rich Loiselle,1996-2001
lolicmi01,Mickey Lolich,1963-1979
lolicro01,Ron Lolich,1971-1973
lollash01,Sherm Lollar,1946-1963
lollati01,Tim Lollar,1980-1986
lolliry01,Ryan Lollis,2015-2015
lomando01,Doug Loman,1984-1985
lomasst01,Steve Lomasney,1999-1999
lomaxgr01,Griff Lomax,1942-1942
lombaer01,Ernie Lombardi,1931-1947
lombage01,George Lombard,1998-2006
lombalo01,Lou Lombardo,1948-1948
lombaph01,Phil Lombardi,1986-1989
lombast01,Steve Lombardozzi,1985-1990
lombast02,Steve Lombardozzi,2011-2017
lombavi01,Vic Lombardi,1945-1950
lomonke01,Kevin Lomon,1995-1996
lonboji01,Jim Lonborg,1965-1979
lonerwa01,Walter Lonergan,1911-1911
loneyja01,James Loney,2006-2016
long01,Thomas Long,1888-1888
longbi01,Bill Long,1985-1991
longbo01,Bob Long,1981-1985
longda01,Dan Long,1890-1890
longda02,Dale Long,1951-1963
longea01,Earnest Long,1948-1948
longebe01,Bernell Longest,1946-1948
longem01,Emory Long,1932-1945
longf02,Longford,1944-1944
longfr01,Fred Long,1920-1926
longhe01,Herman Long,1889-1904
longje01,Jeoff Long,1963-1964
longji01,Jim Long,1891-1893
longji02,Jimmie Long,1922-1922
longjo01,Joey Long,1997-1997
longle01,Lep Long,1911-1911
longlre01,Red Longley,1932-1947
longmto01,Tony Longmire,1993-1995
longoev01,Evan Longoria,2008-2023
longre01,Red Long,1902-1902
longry01,Ryan Long,1997-1997
longsa01,Sam Long,2021-2025
longsh01,Shed Long Jr.,2019-2021
longte01,Terrence Long,1999-2006
longto01,Tom Long,1911-1917
longto02,Tom Long,1924-1924
longwal01,Alonzo Longware,1920-1920
lonnejo01,Joe Lonnett,1956-1959
lookbr01,Bruce Look,1968-1968
lookde01,Dean Look,1961-1961
loonebr01,Brian Looney,1993-1995
loonech01,Charley Looney,1933-1933
loopeaa01,Aaron Looper,2003-2003
loopebr01,Braden Looper,1998-2009
loospe01,Pete Loos,1901-1901
lopatar01,Art Lopatka,1945-1946
lopated01,Eddie Lopat,1944-1955
lopatst01,Stan Lopata,1948-1960
loperjo01,Joey Loperfido,2024-2024
lopesch01,Christian Lopes,2022-2022
lopesda01,Davey Lopes,1972-1987
lopesti01,Tim Lopes,2019-2021
lopezal01,Al Lopez,1928-1947
lopezal02,Albie Lopez,1993-2003
lopezal03,Alejo López,2021-2023
lopezaq01,Aquilino López,2003-2008
lopezar01,Art López,1965-1965
lopezar02,Arturo López,2009-2009
lopezar03,Armando López,1923-1924
lopezau01,Aurelio López,1974-1987
lopezca01,Carlos López,1976-1978
lopezca02,Cando López,1926-1939
lopezfe01,Felipe López,2001-2011
lopezhe01,Héctor López,1955-1966
lopezir01,Irving Lopez,2023-2023
lopezja01,Javy López,1992-2006
lopezja02,Javier López,2003-2016
lopezja03,Jack López,2021-2024
lopezja04,Jacob Lopez,2023-2025
lopezjo01,José López,2004-2012
lopezjo02,Jorge López,2015-2025
lopezjo03,José López,1920-1920
lopezjo04,José Lopez,2023-2023
lopezlu01,Luis Lopez,1990-1991
lopezlu02,Luis López,1993-2005
lopezlu03,Luis Lopez,2001-2004
lopezma01,Marcelino López,1963-1972
lopezme01,Mendy López,1998-2004
lopezmi01,Mickey Lopez,2004-2004
lopezni01,Nicky Lopez,2019-2025
lopezot01,Otto Lopez,2021-2025
lopezpa01,Pablo López,2018-2025
lopezpe01,Pedro López,2005-2007
lopezra01,Ramón López,1966-1966
lopezra02,Rafael Lopez,2014-2018
lopezra03,Raúl López,1948-1948
lopezre01,Reynaldo López,2016-2025
lopezro02,Rodrigo López,2000-2012
lopezve01,Ventura López,1929-1929
lopezwi01,Wilton López,2009-2014
lopezyo01,Yoan López,2018-2022
lordbr01,Bris Lord,1905-1913
lordbr02,Brad Lord,2025-2025
lordca01,Carlton Lord,1923-1923
lordha01,Harry Lord,1907-1915
lorenje01,Jesús Lorenzo,1929-1930
lorenle01,Lefty Lorenzen,1913-1913
lorenmi01,Michael Lorenzen,2015-2025
loretma01,Mark Loretta,1995-2009
lorraan01,Andrew Lorraine,1994-2002
lottho01,Honey Lott,1948-1948
lottra01,Raymond Lott,1945-1945
lotzjo01,Joe Lotz,1916-1916
loucksc01,Scott Loucks,1980-1985
loudear01,Art Loudell,1910-1910
loudeba01,William Louden,1907-1916
loudech01,Charlie Loudenslager,1904-1904
loudelo01,Lou Louden,1941-1948
loughbi01,Bill Loughran,1884-1884
loughda01,David Lough,2012-2016
loughla01,Larry Loughlin,1967-1967
louie01,Louie,1932-1932
loundo01,Don Loun,1964-1964
loupaa01,Aaron Loup,2012-2023
loutory01,Ryan Loutos,2024-2024
louxsh01,Shane Loux,2002-2012
lovean01,Andy Love,1930-1943
lovelri01,Richard Lovelady,2019-2025
lovelto01,Tom Lovelace,1922-1922
lovelva01,Vance Lovelace,1988-1990
lovenly01,Lynn Lovenguth,1955-1957
lovesl01,Slim Love,1913-1920
lovetjo01,John Lovett,1903-1903
lovetle01,Len Lovett,1873-1875
lovetme01,Mem Lovett,1933-1933
lovetto01,Tom Lovett,1885-1894
lovigja01,Jay Loviglio,1980-1983
lovitjo01,Joe Lovitto,1972-1975
lovripe01,Pete Lovrich,1963-1963
lovulto01,Torey Lovullo,1988-1999
lowdegr01,Grover Lowdermilk,1909-1920
lowdelo01,Lou Lowdermilk,1911-1912
lowderh01,Rhett Lowder,2024-2024
lowebo01,Bobby Lowe,1890-1907
lowebr01,Brandon Lowe,2018-2025
lowech01,Charlie Lowe,1872-1872
lowede01,Derek Lowe,1997-2013
lowedi01,Dick Lowe,1884-1884
lowege01,George Lowe,1920-1920
lowejo01,Josh Lowe,2021-2025
loweki01,Kid Lowe,1921-1930
lowel02,Lowell,1924-1924
lowelmi01,Mike Lowell,1998-2010
lowema01,Mark Lowe,2006-2016
lowena01,Nathaniel Lowe,2019-2025
lowenjo01,John Lowenstein,1970-1985
lowerde01,Devon Lowery,2008-2008
lowerte01,Terrell Lowery,1997-2000
lowese01,Sean Lowe,1997-2003
lowfl01,Fletcher Low,1915-1915
lowntu01,Turk Lown,1951-1962
lowrepe01,Peanuts Lowrey,1942-1955
lowrije01,Jed Lowrie,2008-2022
lowrydw01,Dwight Lowry,1984-1988
lowryjo01,John Lowry,1875-1875
lowryno01,Noah Lowry,2003-2007
lowrysa01,Sam Lowry,1942-1943
lowthza01,Zac Lowther,2021-2022
loyndmi01,Mike Loynd,1986-1987
lozadwi01,Willie Lozado,1984-1984
lubrast01,Steve Lubratich,1981-1983
lubyha01,Hal Luby,1936-1944
lubypa01,Pat Luby,1890-1895
lucadjo01,Johnny Lucadello,1938-1947
lucasea01,Easton Lucas,2023-2025
lucased01,Ed Lucas,2013-2014
lucasfr01,Fred Lucas,1935-1935
lucasga01,Gary Lucas,1980-1987
lucasjo01,Johnny Lucas,1931-1932
lucasjo02,Josh Lucas,2017-2019
lucasmi01,Miles Lucas,1925-1927
lucasra01,Ray Lucas,1929-1934
lucasre01,Red Lucas,1923-1938
lucchjo01,Joey Lucchesi,2018-2024
lucefr01,Frank Luce,1923-1923
luceyjo01,Joe Lucey,1920-1925
luciael01,Elvis Luciano,2019-2019
luciama01,Marco Luciano,2023-2024
lucidco01,Con Lucid,1893-1897
lucielo01,Lou Lucier,1943-1945
lucrojo01,Jonathan Lucroy,2010-2021
lucydo01,Donny Lucy,2007-2011
luderfr01,Fred Luderus,1909-1920
ludolwi01,Willie Ludolph,1924-1924
ludwibi01,Bill Ludwig,1908-1908
ludwier01,Eric Ludwick,1996-1999
ludwiry01,Ryan Ludwick,2002-2014
luebbla01,Larry Luebbers,1993-2000
luebbro01,Roy Luebbe,1925-1925
luebbst01,Steve Luebber,1971-1981
luebkco01,Cory Luebke,2010-2016
luebkdi01,Dick Luebke,1962-1962
lueckri01,Rick Luecken,1989-1990
luekejo01,Josh Lueke,2011-2014
luetglu01,Lucas Luetge,2012-2023
luffhe01,Harry Luff,1875-1884
lugoda01,Dawel Lugo,2018-2020
lugoju01,Julio Lugo,2000-2011
lugoru01,Ruddy Lugo,2006-2007
lugose01,Seth Lugo,2016-2025
lugour01,Urbano Lugo,1985-1990
luhrswi01,Wild Bill Luhrsen,1913-1913
lukacro01,Rob Lukachyk,1996-1996
lukasma01,Mark Lukasiewicz,2001-2002
lukema01,Matt Luke,1996-1999
lukenal01,Al Lukens,1894-1894
lukesna01,Nathan Lukes,2023-2025
lukoned01,Eddie Lukon,1941-1947
lumenra01,Ralph Lumenti,1957-1959
lumleha01,Harry Lumley,1904-1910
lummi01,Mike Lum,1967-1981
lumpeje01,Jerry Lumpe,1956-1967
lunahe01,Héctor Luna,2004-2012
luname01,Memo Luna,1954-1954
lunarfe01,Fernando Lunar,2000-2002
lundbja01,Jack Lundbom,1902-1902
lunddo01,Don Lund,1945-1954
lundgca01,Carl Lundgren,1902-1909
lundgde01,Del Lundgren,1924-1927
lundgo01,Gordy Lund,1967-1969
lundqda01,David Lundquist,1999-2002
lundsto01,Tom Lundstedt,1973-1975
lundydi01,Dick Lundy,1923-1937
lunsftr01,Trey Lunsford,2002-2003
lunteha01,Harry Lunte,1919-1920
lupieto01,Tony Lupien,1940-1948
luploal01,Al Luplow,1961-1967
luplojo01,Jordan Luplow,2017-2023
luquedo01,Dolf Luque,1914-1935
lusadsc01,Scott Lusader,1987-1991
lushbi01,Billy Lush,1895-1904
lusher01,Ernie Lush,1910-1910
lushjo01,Johnny Lush,1904-1910
luskech01,Charlie Luskey,1901-1901
lutenlu01,Luke Lutenberg,1894-1894
luttrly01,Lyle Luttrell,1956-1957
lutzdo01,Donald Lutz,2013-2014
lutzjo01,Joe Lutz,1951-1951
lutzkru01,Rube Lutzke,1923-1927
lutzre01,Red Lutz,1922-1922
lutzza01,Zach Lutz,2012-2013
luuloke01,Keith Luuloa,2000-2000
luxga01,Gavin Lux,2019-2025
luzarje01,Jesús Luzardo,2019-2025
luzingr01,Greg Luzinski,1970-1984
lydenmi01,Mitch Lyden,1993-1993
lydysc01,Scott Lydy,1993-1993
lyleji01,Jim Lyle,1925-1925
lylesjo01,Jordan Lyles,2011-2024
lylesjo02,John Lyles,1932-1943
lylesp01,Sparky Lyle,1967-1982
lynchad01,Adrian Lynch,1920-1920
lynchda01,Danny Lynch,1948-1948
lynchda02,Daniel Lynch IV,2021-2025
lynched01,Ed Lynch,1980-1987
lynchhe01,Henry Lynch,1893-1893
lynchja01,Jack Lynch,1881-1890
lynchja02,James Lynch,1926-1926
lynchje01,Jerry Lynch,1954-1966
lynchmi01,Mike Lynch,1902-1902
lynchmi02,Mike Lynch,1904-1907
lynchto01,Tom Lynch,1884-1885
lynchto02,Thomas Lynch,1884-1884
lynchwa01,Walt Lynch,1922-1922
lynnbi01,Bill Lynn,1943-1943
lynnby01,Byrd Lynn,1916-1920
lynnfr01,Fred Lynn,1974-1990
lynnje01,Jerry Lynn,1937-1937
lynnla01,Lance Lynn,2011-2024
lynnre01,Red Lynn,1939-1944
lyonbr01,Brandon Lyon,2001-2013
lyonru01,Russ Lyon,1944-1944
lyons03,Lyons,1947-1947
lyonsal01,Al Lyons,1944-1948
lyonsba01,Barry Lyons,1986-1995
lyonsbi01,Bill Lyons,1983-1984
lyonscu01,Curt Lyons,1996-1996
lyonsde01,Denny Lyons,1885-1897
lyonsed01,Ed Lyons,1947-1947
lyonsge01,Tony Lyons,1920-1924
lyonsgr01,Granville Lyons,1932-1942
lyonsha01,Harry Lyons,1887-1893
lyonshe01,Hersh Lyons,1941-1941
lyonsji01,Jimmie Lyons,1920-1932
lyonspa01,Pat Lyons,1890-1890
lyonsst01,Steve Lyons,1985-1993
lyonste01,Ted Lyons,1923-1946
lyonste02,Terry Lyons,1929-1929
lyonsto01,Toby Lyons,1890-1890
lyonsty01,Tyler Lyons,2013-2020
lysanri01,Rick Lysander,1980-1985
lystobi01,John Lyston,1891-1894
lytleda01,Dad Lytle,1890-1890
lyttlji01,Jim Lyttle,1969-1976
