player_id,name,years
paborch01,Charlie Pabor,1871-1875
pabsted01,Ed Pabst,1890-1890
pacebr01,Brother Pace,1922-1922
pacegr01,Eddie Pace,1930-1930
paceljo01,John Pacella,1977-1986
pacheal01,Alex Pacheco,1996-1996
pachecr01,Cristian Pache,2020-2024
pachejo01,Jordan Pacheco,2011-2016
pacilpa01,Pat Pacillo,1987-1988
pacioji01,Jim Paciorek,1987-1987
paciojo01,John Paciorek,1963-1963
pacioto01,Tom Paciorek,1970-1987
package01,Gene Packard,1912-1919
packfr01,Frankie Pack,1949-1949
pactwjo01,Joe Pactwa,1975-1975
paddach01,Chris Paddack,2019-2025
paddedi01,Dick Padden,1896-1905
paddeto01,Tom Padden,1932-1943
paddode01,Del Paddock,1912-1912
padgedo01,Don Padgett,1937-1948
padgeer01,Ernie Padgett,1923-1927
padiljo01,Jorge Padilla,2009-2009
padilju01,Juan Padilla,2004-2005
padilni01,Nicholas Padilla,2022-2023
padilvi01,Vicente Padilla,1999-2012
padloke01,Kevin Padlo,2021-2023
padroju01,Juan Padrón,1922-1926
paepkde01,Dennis Paepke,1969-1974
pafkoan01,Andy Pafko,1943-1959
paganan01,Ángel Pagán,2006-2016
paganda01,Dave Pagan,1973-1977
paganem01,Emilio Pagán,2017-2025
paganjo01,José Pagán,1959-1973
page03,Page,1945-1945
pagejo01,Joe Page,1944-1954
pagelka01,Karl Pagel,1978-1983
pagemi01,Mike Page,1968-1968
pagemi02,Mitchell Page,1977-1984
pageph01,Phil Page,1928-1934
pagesa01,Sam Page,1939-1939
pagesan01,Andy Pages,2024-2025
pagespe01,Pedro Pagés,1939-1947
pagespe02,Pedro Pagés,2024-2025
pagete01,Ted Page,1926-1937
pageva01,Vance Page,1938-1941
pagliji01,Jim Pagliaroni,1955-1969
paglimi01,Mike Pagliarulo,1984-1995
pagnoma01,Matt Pagnozzi,2009-2014
pagnoto01,Tom Pagnozzi,1987-1998
paige02,Paige,1937-1937
paigepa01,Pat Paige,1911-1911
paigesa01,Satchel Paige,1927-1965
paineph01,Phil Paine,1951-1958
paintla01,Lance Painter,1993-2003
palacje01,Jermaine Palacios,2022-2022
palacjo01,Joshua Palacios,2021-2025
palacre01,Rey Palacios,1988-1990
palacri01,Richie Palacios,2022-2025
palacvi01,Vicente Palacios,1987-2000
palagmi01,Mike Palagyi,1939-1939
palenda01,Daniel Palencia,2023-2025
palicer01,Erv Palica,1945-1956
palkada01,Daniel Palka,2018-2019
pallaan01,Andre Pallante,2022-2025
palldo01,Donn Pall,1988-1998
palmaal01,Alcibíades Palma,1930-1930
palmbo01,Bob Palm,1947-1947
palmcl01,Clarence Palm,1927-1946
palme01,Billy Palmer,1885-1885
palmecu01,Curtis Palmer,1945-1945
palmeda01,David Palmer,1978-1989
palmede01,Dean Palmer,1989-2003
palmeed01,Eddie Palmer,1917-1917
palmeem01,Emilio Palmero,1915-1928
palmeji01,Jim Palmer,1965-1984
palmele01,Leon Palmer,1926-1930
palmelo01,Lowell Palmer,1969-1974
palmema01,Matt Palmer,2008-2012
palmeor01,Orlando Palmeiro,1995-2007
palmera01,Rafael Palmeiro,1986-2005
palmijo01,Joe Palmisano,1931-1931
palmmi01,Mike Palm,1948-1948
palmqed01,Ed Palmquist,1960-1961
palumjo01,Joe Palumbo,2019-2020
palysst01,Stan Palys,1953-1956
paniajo01,José Paniagua,1996-2003
panikjo01,Joe Panik,2014-2021
pankoji01,Jim Pankovits,1984-1990
pannoth01,Thomas Pannone,2018-2023
panthji01,Jim Panther,1971-1973
papaial01,Al Papai,1948-1955
papajo01,John Papa,1961-1962
papeke01,Ken Pape,1976-1976
papela01,Larry Pape,1909-1912
papeljo01,Jonathan Papelbon,2005-2016
papiemi01,Michael Papierski,2022-2022
papisfr01,Frank Papish,1945-1950
papist01,Stan Papi,1974-1981
pappaer01,Erik Pappas,1991-1994
pappajo01,John Pappalau,1897-1897
pappami01,Milt Pappas,1957-1973
paquecr01,Craig Paquette,1993-2003
pardejo01,John Pardee,1925-1925
pardoal01,Al Pardo,1985-1989
pareded01,Eduardo Paredes,2017-2018
pareded02,Edward Paredes,2017-2018
pareden01,Enoli Paredes,2020-2024
paredis01,Isaac Paredes,2020-2025
paredji01,Jimmy Paredes,2011-2016
paredjo01,Johnny Paredes,1988-1991
parenfr01,Freddy Parent,1899-1911
parenma01,Mark Parent,1986-1998
pariske01,Kelly Paris,1982-1988
parisky01,Kyren Paris,2023-2025
parismi01,Mike Parisi,2008-2008
paristo01,Tony Parisse,1943-1944
parkby01,ByungHo Park,2016-2016
parkch01,Chan Ho Park,1994-2010
parke04,Parker,1928-1928
parke05,Parker,1938-1938
parkeac01,Ace Parker,1937-1938
parkeal01,Al Parker,1937-1937
parkebi01,Billy Parker,1971-1973
parkebl01,Blake Parker,2012-2021
parkech01,Christian Parker,2001-2001
parkecl01,Clay Parker,1987-1992
parkeda01,Dave Parker,1973-1991
parkedi01,Dixie Parker,1923-1923
parkedo01,Harley Parker,1893-1901
parkeha01,Harry Parker,1970-1976
parkeja01,Jay Parker,1899-1899
parkeja02,Jarrod Parker,2011-2013
parkeja03,Jarrett Parker,2015-2019
parkeky01,Kyle Parker,2014-2015
parkemi01,Mitchell Parker,2024-2025
parkepa01,Pat Parker,1915-1915
parkeri01,Rick Parker,1990-1996
parkero01,Roy Parker,1919-1919
parkesa01,Salty Parker,1936-1936
parkeso01,Sonny Parker,1943-1943
parketo01,Tom Parker,1931-1948
parkewe01,Wes Parker,1964-1972
parkewi01,Willie Parker,1929-1929
parkho01,Hoy Park,2021-2022
parkifr01,Frank Parkinson,1921-1924
parkji01,Jim Park,1915-1917
parksar01,Art Parks,1937-1939
parksbi01,Bill Parks,1875-1876
parksch01,Charlie Parks,1938-1947
parksde01,Derek Parks,1992-1994
parkssl01,Slicker Parks,1921-1921
parmech01,Chris Parmelee,2011-2016
parmero01,Roy Parmelee,1929-1939
parmlia01,Ian Parmley,2017-2017
parnebo01,Bobby Parnell,2008-2016
parneme01,Mel Parnell,1947-1956
parnero01,Roy Parnell,1927-1943
parnhru01,Rube Parnham,1916-1917
paronch01,Chad Paronto,2001-2009
parpeag01,Agustín Parpetti,1921-1923
parquji01,Jim Parque,1998-2003
parrage01,Gerardo Parra,2009-2021
parrajo01,José Parra,1995-2004
parrama01,Manny Parra,2007-2015
parrama02,Manuel Parrado,1921-1927
parreje01,Jeff Parrett,1986-1996
parrian01,Andy Parrino,2011-2015
parricl01,Clyde Parris,1946-1947
parrijo01,John Parrish,2000-2010
parrila01,Larry Parrish,1974-1988
parrila02,Lance Parrish,1977-1995
parrisa01,Sam Parrilla,1970-1970
parrist01,Steve Parris,1995-2003
parrja01,James Parr,2008-2009
parroji01,Jiggs Parrott,1892-1895
parromi01,Mike Parrott,1977-1981
parroto01,Tom Parrott,1893-1896
parsobi01,Bill Parsons,1971-1974
parsoca01,Casey Parsons,1981-1987
parsoch01,Charlie Parsons,1886-1890
parsodi01,Dixie Parsons,1939-1943
parsoji01,William Parson,1910-1911
parsoto01,Tom Parsons,1963-1965
parsowe01,Wes Parsons,2018-2024
partccu01,Curtis Partch,2013-2016
partero01,Roy Partee,1943-1948
partest01,Steve Partenheimer,1913-1913
partest02,Stan Partenheimer,1944-1945
partlro01,Roy Partlow,1937-1948
partrja01,Jay Partridge,1927-1928
paschbe01,Ben Paschal,1915-1929
paschbi01,Bill Paschall,1978-1981
pascuca01,Carlos Pascual,1950-1950
pascuca02,Camilo Pascual,1954-1971
pascuva01,Val Pascucci,2004-2011
pasekjo01,Johnny Pasek,1933-1934
pashnla01,Larry Pashnick,1982-1984
paskedo01,Dode Paskert,1907-1921
pasleke01,Kevin Pasley,1974-1978
pasquda01,Dan Pasqua,1985-1994
pasqumi01,Mike Pasquella,1919-1919
pasquvi01,Vinnie Pasquantino,2022-2025
passecl01,Claude Passeau,1935-1947
pastocl01,Cliff Pastornicky,1983-1983
pastofr01,Frank Pastore,1979-1986
pastoji01,Jim Pastorius,1906-1909
pastope01,Pedro Pastor,1924-1924
pastoty01,Tyler Pastornicky,2012-2014
patebo01,Bob Pate,1980-1981
patejo01,Joe Pate,1926-1927
patekfr01,Freddie Patek,1968-1981
paterjo01,Joe Paterson,2011-2014
patinlu01,Luis Patiño,2020-2023
patribo01,Bob Patrick,1941-1942
patribr01,Bronswell Patrick,1998-1999
patrich01,Chad Patrick,2025-2025
pattebo01,Bob Patterson,1985-1998
patteca01,Casey Patten,1901-1908
pattecl01,Clare Patterson,1909-1909
patteco01,Corey Patterson,2000-2011
patteda01,Tom Patterson,1871-1875
patteda02,Daryl Patterson,1968-1974
patteda03,Dave Patterson,1979-1979
patteda04,Danny Patterson,1996-2004
patteer01,Eric Patterson,2007-2011
pattega01,Gabe Patterson,1941-1948
pattegi01,Gil Patterson,1977-1977
patteha01,Harry Pattee,1908-1908
patteha02,Ham Patterson,1909-1909
patteha03,Hank Patterson,1932-1932
patteja01,Jarrod Patterson,2001-2003
patteje01,Jeff Patterson,1995-1995
pattejo01,John Patterson,1992-1995
pattejo02,John Patterson,2002-2007
pattejo03,Jordan Patterson,2016-2016
patteke01,Ken Patterson,1988-1994
pattemi01,Mike Patterson,1981-1982
pattepa01,Pat Patterson,1921-1921
pattepa02,Pat Patterson,1934-1947
pattere01,Reggie Patterson,1981-1985
pattere02,Red Patterson,2014-2014
pattero01,Roy Patterson,1901-1907
pattesc01,Scott Patterson,2008-2008
pattige01,George Patterson,1884-1884
pattiji01,Jimmy Pattison,1929-1929
pattima01,Marty Pattin,1968-1980
pattobi01,Bill Patton,1935-1935
pattoda01,David Patton,2009-2009
pattoe01,E. Patton,1926-1926
pattoge01,Gene Patton,1944-1944
pattoha01,Harry Patton,1910-1910
pattosp01,Spencer Patton,2014-2023
pattoto01,Tom Patton,1957-1957
pattotr01,Troy Patton,2007-2014
paulaca01,Carlos Paula,1954-1956
pauleda01,David Pauley,2006-2012
paulege01,Gene Paulette,1911-1920
paulegr01,Graham Pauley,2024-2025
paulida01,David Paulino,2016-2021
paulife01,Felipe Paulino,2007-2014
pauliro01,Ronny Paulino,2005-2012
pauljo01,Josh Paul,1999-2007
paullo01,Lou Paul,1876-1876
paulmi01,Mike Paul,1968-1974
paulsbe01,Ben Paulsen,2014-2016
paulsgi01,Gil Paulsen,1925-1925
paulxa01,Xavier Paul,2009-2014
pauxtsi01,Si Pauxtis,1909-1909
pavanca01,Carl Pavano,1998-2012
pavlada01,Dave Pavlas,1990-1996
pavledo01,Don Pavletich,1957-1971
pavliro01,Roger Pavlik,1992-1998
pawelte01,Ted Pawelek,1946-1946
pawlojo01,John Pawlowski,1987-1988
pawlost01,Stan Pawloski,1955-1955
paxtoja01,James Paxton,2013-2024
paxtomi01,Mike Paxton,1977-1980
payamjo01,Joel Payamps,2019-2025
payanpe01,Pedro Payano,2019-2019
payne02,Payne,1926-1926
payne03,Payne,1933-1933
payneer01,Ernest Payne,1937-1937
paynefr01,Fred Payne,1906-1911
paynege01,George Payne,1920-1920
payneha01,Harley Payne,1896-1899
paynemi01,Mike Payne,1984-1984
payneru01,Rusty Payne,1940-1940
payneto01,Tom Payne,1933-1933
paynety01,Tyler Payne,2021-2021
payntge01,George Paynter,1894-1894
paytoja01,Jay Payton,1998-2010
paytoma01,Mark Payton,2020-2022
pazikmi01,Mike Pazik,1975-1977
pazosja01,James Pazos,2015-2020
peacewa01,Warren Peace,1945-1947
peaco02,Peacock,1933-1933
peacobr01,Brad Peacock,2011-2021
peacojo01,Johnny Peacock,1937-1945
peacoma01,Matt Peacock,2021-2022
peakel01,Elias Peak,1884-1884
pearcdi01,Dickey Pearce,1871-1877
pearcdu01,Bunny Pearce,1908-1909
pearcfr01,Frank Pearce,1876-1876
pearcfr02,Frank Pearce,1933-1935
pearcge01,George Pierce,1912-1917
pearcha01,Harry Pearce,1917-1919
pearcji01,Jim Pearce,1949-1955
pearcjo01,Josh Pearce,2002-2004
pearcst01,Steve Pearce,2007-2019
pearsal01,Alex Pearson,1902-1903
pearsal02,Albie Pearson,1958-1966
pearsfr01,Frank Pears,1889-1893
pearsfr02,Frank Pearson,1945-1948
pearsik01,Ike Pearson,1939-1948
pearsja01,Jason Pearson,2002-2003
pearsle01,Les Pearson,1937-1937
pearsle02,Lennie Pearson,1937-1948
pearsmo01,Monte Pearson,1932-1941
pearsna01,Nate Pearson,2020-2025
pearste01,Terry Pearson,2002-2002
peaslma01,Marv Peasley,1910-1910
peatrma01,Maurice Peatros,1947-1947
peavyja01,Jake Peavy,2002-2016
pechige01,George Pechiney,1885-1887
pechoch01,Charlie Pechous,1915-1917
peckha01,Hal Peck,1943-1949
peckiro01,Roger Peckinpaugh,1910-1927
pecotbi01,Bill Pecota,1986-1994
pedemma01,Mario Pedemonte,1926-1926
pedenle01,Les Peden,1953-1953
pederjo01,Joc Pederson,2014-2025
pederst01,Stu Pederson,1985-1985
pedrejo01,Jorge Pedre,1991-1992
pedrial01,Al Pedrique,1987-1989
pedroch01,Chick Pedroes,1902-1902
pedrodu01,Dustin Pedroia,2006-2019
pedroeu01,Eustaquio Pedroso,1920-1926
pedrora01,Rafael Pedroso,1926-1928
peekst01,Steve Peek,1941-1941
peelho01,Homer Peel,1927-1934
peeplna01,Nat Peeples,1948-1948
peersja01,Jack Peerson,1935-1936
peeryre01,Red Peery,1927-1929
peetech01,Charlie Peete,1956-1956
peffemo01,Monte Pfeffer,1913-1913
pegueca01,Carlos Peguero,2011-2015
pegueel01,Elvis Peguero,2021-2025
peguefr01,Francisco Peguero,2012-2013
pegueja01,Jailen Peguero,2007-2008
pegueju01,Julio Peguero,1992-1992
pegueli01,Liover Peguero,2022-2024
peguest01,Steve Pegues,1994-1995
peitzhe01,Heinie Peitz,1892-1913
peitzjo01,Joe Peitz,1894-1894
pelaeal01,Alex Pelaez,2002-2002
pelfrmi01,Mike Pelfrey,2006-2017
pelhacd01,CD Pelham,2018-2018
pelhado01,Don Pelham,1938-1938
pellaed01,Eddie Pellagrini,1946-1954
pelloki01,Kit Pellow,2002-2004
peloulo01,Louis Pelouze,1886-1886
peltida01,Dan Peltier,1992-1996
peltyba01,Barney Pelty,1903-1912
peltzjo01,John Peltz,1884-1890
pembebr01,Brock Pemberton,1974-1975
pembeda01,Dave Pember,2002-2002
pemberu01,Rudy Pemberton,1995-1997
penaal01,Alejandro Peña,1981-1996
penaan01,Ángel Peña,1998-2001
penaar01,Ariel Peña,2015-2016
penabe01,Bert Peña,1981-1987
penabr01,Brayan Peña,2005-2016
penaca01,Carlos Peña,2001-2014
penael01,Elvis Peña,2000-2001
penafe01,Félix Peña,2016-2021
penafr01,Francisco Peña,2014-2018
penage01,Geronimo Pena,1990-1996
penahi01,Hipólito Peña,1986-1988
penaje01,Jesús Peña,1999-2000
penaje02,Jeremy Peña,2022-2025
penaji01,Jim Pena,1992-1992
penajo01,José Peña,1969-1972
penaju01,Juan Peña,1999-1999
penal01,L. Peña,1929-1929
penaor01,Orlando Peña,1958-1975
penara01,Ramón Peña,1989-1989
penara02,Ramiro Peña,2009-2016
penaro01,Roberto Peña,1965-1971
penato01,Tony Peña,1980-1997
penato02,Tony Peña,2006-2009
penato03,Tony Peña,2006-2011
penawi01,Wily Mo Peña,2002-2011
penceel01,Elmer Pence,1922-1922
pencehu01,Hunter Pence,2007-2020
penceru01,Russell Pence,1921-1921
pendlji01,Jim Pendleton,1948-1962
pendlla01,Lance Pendleton,2011-2011
pendlte01,Terry Pendleton,1984-1998
penneke01,Ken Penner,1916-1929
pennha01,Hayden Penn,2005-2010
penniar01,Art Pennington,1941-1945
pennibr01,Brad Pennington,1993-1998
pennicl01,Cliff Pennington,2008-2018
pennike01,Kewpie Pennington,1917-1917
penniwa01,Walter Pennington,2024-2024
pennohe01,Herb Pennock,1912-1934
pennsh01,Shannon Penn,1995-1996
pennybr01,Brad Penny,2000-2014
pennywi01,Will Pennyfeather,1992-1994
penroza01,Zach Penrod,2024-2024
pensopa01,Paul Penson,1954-1954
pentzge01,Gene Pentz,1975-1978
peoplji01,Jimmy Peoples,1884-1889
pepiory01,Ryan Pepiot,2022-2025
pepitjo01,Joe Pepitone,1962-1973
peplohe01,Henry Peploski,1929-1929
peplope01,Pepper Peploski,1913-1913
peppebo01,Bob Pepper,1915-1915
peppedo01,Don Pepper,1966-1966
peppeha01,Harrison Pepper,1894-1894
peppela01,Laurin Pepper,1954-1957
peppera01,Ray Pepper,1932-1936
peralda01,David Peralta,2014-2024
peralfr01,Freddy Peralta,2018-2025
peraljh01,Jhonny Peralta,2003-2017
peraljo01,Joel Peralta,2005-2016
perallu01,Luis Peralta,2024-2025
peralsa01,Sammy Peralta,2023-2024
peralwa01,Wandy Peralta,2016-2025
peralwi01,Wily Peralta,2012-2022
perazjo01,José Peraza,2015-2021
perazlu01,Luis Peraza,1969-1969
perazos01,Oswaldo Peraza,1988-1988
perazos02,Oswald Peraza,2022-2025
percitr01,Troy Percival,1995-2009
percoja01,Jack Perconte,1980-1986
perdoan01,Angel Perdomo,2020-2025
perdoge01,Geraldo Perdomo,2021-2025
perdolu01,Luis Perdomo,2009-2012
perdolu02,Luis Perdomo,2016-2022
perduhu01,Hub Perdue,1911-1915
peredjh01,Jhonny Pereda,2024-2025
pereiev01,Everson Pereira,2023-2023
pereijo01,José Pereira,1947-1947
perezan01,Antonio Pérez,2003-2006
perezau01,Audry Pérez,2013-2014
perezbe01,Beltrán Pérez,2006-2006
perezca01,Carlos Pérez,1995-2000
perezca02,Carlos Pérez,2015-2023
perezca03,Carlos Pérez,2022-2023
perezch01,Chris Perez,2008-2014
perezci01,Cionel Pérez,2018-2025
perezda01,Danny Perez,1996-1996
perezed01,Eduardo Pérez,1993-2006
perezed02,Eddie Pérez,1995-2005
perezeu01,Eury Pérez,2012-2015
perezeu02,Eury Pérez,2023-2023
perezfe01,Fernando Perez,2008-2009
perezfr01,Francisco Pérez,2021-2023
perezge01,George Perez,1958-1958
perezhe01,Hernán Pérez,2012-2021
perezhe02,Hector Perez,2020-2023
perezja01,Javier Pérez,1934-1945
perezjo01,José Pérez,1923-1929
perezjo02,Joe Perez,2022-2022
perezju01,Juan Pérez,2006-2013
perezju02,Juan Pérez,2013-2015
perezlu01,Luis Pérez,2011-2013
perezlu02,Luis Pérez,1948-1948
perezma01,Marty Perez,1969-1978
perezma02,Martín Pérez,2012-2025
perezme01,Melido Perez,1987-1995
perezmi01,Mike Pérez,1990-1997
perezmi02,Miguel Pérez,2005-2005
perezmi03,Michael Pérez,2018-2023
perezne01,Neifi Pérez,1996-2007
perezod01,Odalis Pérez,1998-2008
perezol01,Óliver Pérez,2002-2022
perezpa01,Pascual Pérez,1980-1991
perezra01,Rafael Pérez,2006-2012
perezro01,Robert Pérez,1994-2001
perezro02,Roberto Pérez,2014-2023
perezsa01,Santiago Pérez,2000-2001
perezsa02,Salvador Perez,2011-2025
perezti01,Timo Pérez,2000-2007
perezto01,Tony Pérez,1964-1986
perezto02,Tony Perezchica,1988-1992
perezto03,Tomás Pérez,1995-2008
perezwe01,Wenceel Pérez,2024-2024
perezwi01,Williams Pérez,2015-2016
perezye01,Yefri Pérez,2016-2016
perezyo01,Yorkis Pérez,1991-2002
perisma01,Matt Perisho,1997-2005
perkibi01,Bill Perkins,1928-1948
perkibl01,Blake Perkins,2023-2024
perkibr01,Broderick Perkins,1978-1984
perkica01,Cameron Perkins,2017-2017
perkice01,Cecil Perkins,1967-1967
perkice02,Cecil Perkins,1944-1944
perkich01,Charlie Perkins,1930-1934
perkicy01,Cy Perkins,1915-1934
perkida01,Dan Perkins,1999-1999
perkigl01,Glen Perkins,2006-2017
perkive01,Verne Perkins,1929-1929
perkoha01,Harry Perkowski,1947-1955
perkojo01,John Perkovich,1950-1950
perlmjo01,Jon Perlman,1985-1988
perlosa01,Sam Perlozzo,1977-1979
permele01,Len Perme,1942-1946
pernohu01,Hub Pernoll,1910-1912
perraro01,Ron Perranoski,1961-1973
perribi01,Bill Perrin,1934-1934
perrige01,George Perring,1908-1915
perrijo01,Jack Perrin,1921-1921
perrini01,John Perrine,1907-1907
perripo01,Pol Perritt,1912-1921
perry03,Perry,1944-1944
perryal01,Alonzo Perry,1946-1948
perrybo01,Boyd Perry,1941-1941
perrybo02,Bob Perry,1963-1964
perryca01,Carlisle Perry,1921-1924
perrych01,Chan Perry,2000-2002
perrycl01,Clay Perry,1908-1908
perryga01,Gaylord Perry,1962-1983
perryge01,Gerald Perry,1983-1995
perryha01,Hank Perry,1912-1912
perryhe01,Herbert Perry,1994-2004
perryja01,Jason Perry,2008-2008
perryji01,Jim Perry,1959-1975
perryly01,Lynn Perry,1926-1934
perrypa01,Parson Perryman,1915-1915
perrypa02,Pat Perry,1985-1990
perryry01,Ryan Perry,2009-2012
perrysc01,Scott Perry,1915-1921
perrywa01,Walter Perry,1940-1940
persoro01,Robert Person,1995-2003
pertibi01,Bill Pertica,1918-1923
perzast01,Stan Perzanowski,1971-1978
peskyjo01,Johnny Pesky,1942-1954
pestavi01,Vinnie Pestano,2010-2015
petagro01,Roberto Petagine,1994-2006
peterad01,Adam Peterson,1987-1991
peterad02,Adam Peterson,2004-2004
peterbi01,Bill Peterman,1942-1942
peterbo01,Bob Peterson,1906-1907
peterbr01,Bryan Petersen,2010-2012
peterbr02,Brock Peterson,2013-2013
peterbu01,Buddy Peterson,1955-1957
peterca01,Cap Peterson,1962-1969
peterch01,Chris Peters,1996-2001
peterch02,Chris Petersen,1999-1999
peterda01,David Peterson,2020-2025
peterdi01,Dillon Peters,2017-2022
peterdj01,DJ Peters,2021-2021
peterdu01,Dustin Peterson,2018-2019
peterfr01,Fritz Peterson,1966-1976
peterga01,Gary Peters,1959-1972
peterha01,Hardy Peterson,1955-1959
peterha02,Harvey Peterson,1932-1932
peterja01,Jace Peterson,2014-2024
peterje01,Jeff Peterek,1989-1989
peterji01,Jim Peterson,1931-1937
peterjo01,John Peters,1874-1884
peterjo02,John Peters,1915-1922
peterke01,Kent Peterson,1944-1953
peterky01,Kyle Peterson,1999-2001
petermi01,Michael Petersen,2024-2025
peterra01,Ray Peters,1970-1970
peterri01,Rick Peters,1979-1986
peterru01,Rube Peters,1912-1914
peterru02,Rusty Peters,1936-1947
petersh01,Shane Peterson,2013-2017
petersi01,Sid Peterson,1943-1943
peterst01,Steve Peters,1987-1988
peterti01,Tim Peterson,2018-2019
petitgr01,Gregorio Petit,2008-2018
petityu01,Yusmeiro Petit,2006-2021
petkoma01,Mark Petkovsek,1991-2001
petoste01,Ted Petoskey,1934-1935
petrage01,Geno Petralli,1982-1993
petribe01,Ben Petrick,1999-2003
petribi01,Billy Petrick,2007-2007
petrija01,Jake Petricka,2013-2021
petrori01,Rico Petrocelli,1963-1976
petryda01,Dan Petry,1979-1991
pettepa01,Pat Pettee,1891-1891
pettian01,Andy Pettitte,1995-2013
pettibo01,Bob Pettit,1887-1891
pettich01,Chris Pettit,2009-2011
pettiga01,Gary Pettis,1982-1992
pettija01,Jay Pettibone,1983-1983
pettijo01,Joe Pettini,1980-1983
pettijo02,Jonathan Pettibone,2013-2014
pettile01,Leon Pettit,1935-1937
pettine01,Ned Pettigrew,1914-1914
pettipa01,Paul Pettit,1951-1953
pettyad01,Adam Pettyjohn,2001-2008
pettych01,Charlie Petty,1889-1894
pettyje01,Jesse Petty,1921-1930
petwabr01,Bruce Petway,1920-1925
petwash01,Shirley Petway,1932-1944
peveyma01,Marty Pevey,1989-1989
pezolla01,Larry Pezold,1914-1914
pezzupr01,John Pezzullo,1935-1936
pfaadbr01,Brandon Pfaadt,2023-2025
pfannbi01,Bill Pfann,1894-1894
pfeffbi01,Big Jeff Pfeffer,1905-1911
pfefffr01,Fred Pfeffer,1882-1897
pfeffje01,Jeff Pfeffer,1911-1924
pfeilbo01,Bobby Pfeil,1969-1971
pfiesja01,Jack Pfiester,1903-1911
pfiff01,Pfiffer,1937-1937
pfistda01,Dan Pfister,1961-1964
pfistge01,George Pfister,1941-1941
pfundle01,Lee Pfund,1945-1945
pfylmo01,Monty Pfyl,1907-1907
phamth01,Tommy Pham,2014-2025
phebubi01,Bill Phebus,1936-1938
phegljo01,Josh Phegley,2013-2020
phelaar01,Art Phelan,1910-1915
phelada01,Dan Phelan,1890-1890
pheladi01,Dick Phelan,1884-1885
phelp02,Phelps,1938-1938
phelpba01,Babe Phelps,1931-1942
phelpco01,Cord Phelps,2011-2014
phelpda01,David Phelps,2012-2022
phelped01,Ed Phelps,1902-1913
phelpjo01,Josh Phelps,2000-2008
phelpke01,Ken Phelps,1980-1990
phelpne01,Nealy Phelps,1871-1876
phelpra01,Ray Phelps,1930-1936
phelpro01,Roy Phelps,1945-1945
phelpto01,Tommy Phelps,2003-2005
phelptr01,Travis Phelps,2001-2004
phillad01,Adolfo Phillips,1964-1972
phillan01,Andy Phillips,2004-2008
phillbi01,Bill Phillips,1879-1888
phillbi02,Bill Phillips,1890-1903
phillbr01,Brandon Phillips,2002-2018
phillbr02,Brett Phillips,2017-2023
phillbu01,Buz Phillips,1930-1930
phillbu02,Bubba Phillips,1955-1964
phillco01,Connor Phillips,2023-2023
phillda01,Dave Philley,1941-1962
phillda02,Dee Phillips,1942-1946
phillde01,Deacon Phillippe,1899-1911
philldi01,Dick Phillips,1962-1966
philled01,Eddie Phillips,1924-1935
philled02,Eddie Phillips,1953-1953
philled03,Ed Phillips,1970-1970
philler01,Ernie Phillips,1927-1927
phillev01,Evan Phillips,2018-2024
phillhe01,Heath Phillips,2007-2007
phillho01,Hooty Phillips,1923-1923
phillja01,Jack Phillips,1945-1945
phillja02,Jack Phillips,1947-1957
phillja03,Jason Phillips,1999-2003
phillja04,Jason Phillips,2001-2007
phillky01,Kyle Phillips,2009-2011
phillle01,Lefty Phillips,1939-1940
phillma01,Marr Phillips,1884-1890
phillmi01,Mike Phillips,1973-1983
phillmo01,Moses Phillips,1946-1946
phillno01,Norris Phillips,1942-1943
phillpa01,Paul Phillips,2004-2010
phillre01,Red Phillips,1934-1936
phillta01,Taylor Phillips,1956-1963
phillto01,Tom Phillips,1915-1922
phillto02,Tony Phillips,1982-1999
phillty01,Tyler Phillips,2024-2025
phillza01,Zach Phillips,2011-2016
phippde01,Denis Phipps,2012-2012
phoebto01,Tom Phoebus,1966-1972
phoenst01,Steve Phoenix,1994-1995
phylebi01,Bill Phyle,1898-1906
piattad01,Adam Piatt,2000-2003
piattdo01,Doug Piatt,1991-1991
piattwi01,Wiley Piatt,1898-1903
piazzmi01,Mike Piazza,1992-2007
picca01,Piccard,1941-1941
piccini01,Nick Picciuto,1945-1945
picciro01,Rob Picciolo,1977-1985
pichahi01,Hipólito Pichardo,1992-2002
pichero01,Ron Piché,1960-1966
picinva01,Val Picinich,1916-1933
pickch01,Charlie Pick,1914-1920
pickeca01,Calvin Pickering,1998-2005
pickech01,Charlie Pickett,1910-1910
picked01,Eddie Pick,1923-1927
pickeda01,Dave Pickett,1898-1898
pickejo01,John Pickett,1889-1892
pickeol01,Ollie Pickering,1896-1908
pickeri01,Ricky Pickett,1998-1998
pickeur01,Urbane Pickering,1931-1932
pickfke01,Kevin Pickford,2002-2002
pickrcl01,Clarence Pickrel,1933-1934
pickuty01,Ty Pickup,1918-1918
picoje01,Jeff Pico,1988-1990
piconma01,Mario Picone,1947-1954
piechal01,Al Piechota,1940-1941
piedrjo01,Jorge Piedra,2004-2006
piefe01,Félix Pie,2007-2013
piehcy01,Cy Pieh,1913-1915
piercan01,Andy Piercy,1881-1881
piercbi01,Bill Piercy,1917-1926
piercbi02,Billy Pierce,1945-1964
piercbi03,Bill Pierce,1923-1924
pierced01,Ed Pierce,1992-1992
piercgr01,Gracie Pierce,1882-1884
piercja01,Jack Pierce,1973-1975
piercje01,Jeff Pierce,1995-1995
piercle01,Leonard Pierce,1925-1925
piercma01,George Pierce,1884-1884
piercra01,Ray Pierce,1924-1926
piercto01,Tony Pierce,1967-1968
pierema01,Marino Pieretti,1945-1950
pieroal01,Al Pierotti,1920-1921
pierrbi01,Bill Pierro,1950-1950
pierrju01,Juan Pierre,2000-2013
pierrro01,Rogers Pierre,1939-1939
piers02,Pierson,1933-1933
piersch01,Chris Piersoll,2001-2001
piersda01,Dave Pierson,1876-1876
piersdi01,Dick Pierson,1885-1885
piersji01,Jim Piersall,1950-1967
pierswi01,William Pierson,1918-1924
pietto01,Tony Piet,1931-1938
piezsa01,Sandy Piez,1914-1914
piggle01,Leonard Pigg,1947-1948
pignaca01,Carmen Pignatiello,2007-2008
pignajo01,Joe Pignatano,1957-1962
pikeja01,Israel Pike,1877-1877
pikeje01,Jess Pike,1946-1946
pikeli01,Lip Pike,1871-1887
piktuge01,George Piktuzis,1956-1956
pilaral01,Al Pilarcik,1956-1961
pilkiko01,Konnor Pilkington,2022-2023
pillake01,Kevin Pillar,2013-2025
pillbr01,Brett Pill,2011-2013
pilledu01,Duane Pillette,1949-1956
pillehe01,Herman Pillette,1917-1924
pillisq01,Squiz Pillion,1915-1915
pillolu01,Luis Pillot,1941-1946
pillty01,Tyler Pill,2017-2017
pilnean01,Andy Pilney,1936-1936
pimenst01,Stolmy Pimentel,2013-2015
pinaho01,Horacio Piña,1968-1978
pinama01,Manny Piña,2011-2023
pindebr01,Branden Pinder,2015-2016
pindech01,Chad Pinder,2016-2022
pinedis01,Israel Pineda,2022-2022
pinedlu01,Luis Pineda,2001-2002
pinedmi01,Michael Pineda,2011-2022
pineijo01,Joel Piñeiro,2000-2011
pinelba01,Babe Pinelli,1918-1927
pinielo01,Lou Piniella,1964-1984
pinkhed01,Ed Pinkham,1871-1871
pinknge01,George Pinkney,1884-1893
pinksal01,Al Pinkston,1948-1948
pinnaed01,Ed Pinnance,1903-1903
pinoyo01,Yohan Pino,2014-2015
pinsova01,Vada Pinson,1958-1975
pintojo01,Josmil Pinto,2013-2016
pintole01,Lerton Pinto,1922-1924
pintore01,Renyel Pinto,2006-2010
pintore02,René Pinto,2022-2024
pintori01,Ricardo Pinto,2017-2024
pintri01,Riley Pint,2023-2024
pipgred01,Ed Pipgras,1932-1932
pipgrge01,George Pipgras,1923-1935
pipkidi01,Diamond Pipkins,1929-1942
pippeco01,Cotton Pippen,1936-1940
pippwa01,Wally Pipp,1913-1928
pireljo01,José Pirela,2014-2019
pirieji01,James Pirie,1883-1883
pirklgr01,Greg Pirkl,1993-1996
pirtlge01,Gerry Pirtle,1978-1978
piscima01,Marc Pisciotta,1997-1999
piscost01,Stephen Piscotty,2015-2022
pisonji01,Jim Pisoni,1953-1960
pitkoal01,Alex Pitko,1938-1939
pitleja01,Jake Pitler,1917-1918
pitlosk01,Skip Pitlock,1970-1975
pittach01,Chris Pittaro,1985-1987
pittipi01,Clarke Pittenger,1921-1929
pittito01,Togie Pittinger,1900-1907
pittmjo01,Joe Pittman,1981-1984
pitts02,Pitts,1944-1945
pittsga01,Gaylen Pitts,1974-1975
pittsji01,Jim Pittsley,1995-1999
pitulst01,Stan Pitula,1957-1957
pitzhe01,Herman Pitz,1890-1890
pivetni01,Nick Pivetta,2017-2025
pizarju01,Juan Pizarro,1957-1974
pladsgo01,Gordie Pladson,1979-1982
planeem01,Emil Planeta,1931-1931
planked01,Eddie Plank,1901-1917
planked02,Ed Plank,1978-1979
planter01,Erik Plantenberg,1993-1997
plantph01,Phil Plantier,1990-1997
plarsdo01,Don Plarski,1955-1955
plaskel01,Elmo Plaskett,1962-1963
plassmi01,Michael Plassmeyer,2022-2023
plattal01,Al Platte,1913-1913
plattwh01,Whitey Platt,1942-1949
plaweke01,Kevin Plawecki,2015-2022
pleisbi01,Bill Pleis,1961-1966
plesada01,Dan Plesac,1986-2003
plesaza01,Zach Plesac,2019-2024
plessra01,Rance Pless,1956-1956
plewshe01,Herb Plews,1956-1959
plittno01,Norman Plitt,1918-1927
plockwa01,Walter Plock,1891-1891
ploditi01,Tim Plodinec,1972-1972
plouftr01,Trevor Plouffe,2010-2018
plummbi01,Bill Plummer,1968-1978
plummni01,Nick Plummer,2022-2022
plunker01,Eric Plunk,1986-1999
plutkad01,Adam Plutko,2016-2021
plympje01,Jeff Plympton,1991-1991
poatra01,Ray Poat,1942-1949
pocheco01,Colin Poche,2019-2025
pocorbi01,Biff Pocoroba,1975-1984
podbibu01,Bud Podbielan,1949-1959
podgajo01,Johnny Podgajny,1940-1946
podrejo01,Johnny Podres,1953-1969
podsesc01,Scott Podsednik,2001-2012
poeppmi01,Mike Poepping,1975-1975
poetzjo01,Joe Poetz,1926-1926
pofahji01,Jimmy Pofahl,1940-1942
poffebo01,Boots Poffenberger,1937-1939
poffjo01,John Poff,1979-1980
poholto01,Tom Poholsky,1950-1957
poindje01,Jennings Poindexter,1936-1939
poindro01,Robert Poindexter,1924-1929
poinsro01,Robert Poinsette,1939-1939
pointaa01,Aaron Pointer,1963-1967
polangr01,Gregory Polanco,2014-2021
polanhu01,Hugh Poland,1943-1948
polanjo01,Jorge Polanco,2014-2025
polanpl01,Plácido Polanco,1998-2013
polanra01,Rafael Polanco,1941-1941
polchlo01,Lou Polchow,1902-1902
polcoke01,Kevin Polcovich,1997-1998
poledi01,Dick Pole,1973-1978
polesed01,Ed Poles,1923-1924
polessp01,Spottswood Poles,1923-1923
polhema01,Mark Polhemus,1887-1887
polidgu01,Gus Polidor,1985-1993
politcl01,Cliff Politte,1998-2006
polivke01,Ken Polivka,1947-1947
pollana01,Nat Pollard,1946-1948
polleda01,Dale Polley,1996-1996
polleho01,Howie Pollet,1941-1956
pollilo01,Lou Polli,1932-1944
polloaj01,AJ Pollock,2012-2023
pollyni01,Nick Polly,1937-1945
polonjo01,John Poloni,1977-1977
polonlu01,Luis Polonia,1987-2000
pomerdr01,Drew Pomeranz,2011-2021
pomerst01,Stu Pomeranz,2012-2012
pomorjo01,John Pomorski,1934-1934
pompeda01,Dalton Pompey,2014-2018
ponceca01,Carlos Ponce,1985-1985
ponceco01,Cody Ponce,2020-2021
ponceda01,Daniel Ponce de Leon,2018-2021
pondar01,Arlie Pond,1895-1898
pondeel01,Elmer Ponder,1917-1921
pondra01,Ralph Pond,1910-1910
pondsi01,Simon Pond,2004-2004
ponsosi01,Sidney Ponson,1998-2009
ponte01,Pontello,1927-1927
pool03,Pool,1937-1937
poolecl01,Claude Poole,1945-1948
pooleed01,Ed Poole,1900-1904
pooleji01,Jim Poole,1925-1927
pooleji02,Jim Poole,1990-2000
poolera01,Ray Poole,1941-1947
poolha01,Harlin Pool,1934-1935
poormto01,Tom Poorman,1880-1888
popeda01,Dave Pope,1946-1956
popeed01,Edgar Pope,1938-1938
popeja01,James Pope,1931-1932
popewi01,Willie Pope,1947-1947
popovpa01,Paul Popovich,1964-1975
poppbi01,Bill Popp,1902-1902
poppese01,Sean Poppen,2019-2022
popplge01,George Popplein,1873-1873
popza01,Zach Pop,2021-2024
poqueto01,Tom Poquette,1973-1982
porceri01,Rick Porcello,2009-2020
poredaa01,Aaron Poreda,2009-2014
poreesa01,Salvador Poree,1921-1921
porraed01,Ed Porray,1914-1914
portean01,Andy Porter,1932-1948
portebo01,Bob Porterfield,1948-1959
portebo02,Bob Porter,1981-1982
portebo03,Bo Porter,1999-2001
portech01,Chuck Porter,1981-1985
porteco01,Colin Porter,2003-2004
porteda01,Dan Porter,1951-1951
porteda02,Darrell Porter,1971-1987
portedi01,Dick Porter,1929-1934
portehe01,Henry Porter,1884-1889
porteir01,Irv Porter,1914-1914
porteja01,Jay Porter,1952-1959
portelo01,Logan Porter,2023-2023
portema01,Matthew Porter,1884-1884
portene01,Ned Porter,1926-1927
porteod01,Odie Porter,1902-1902
portoal01,Al Porto,1948-1948
portoar01,Arnie Portocarrero,1954-1960
portuba01,Bartolo Portuondo,1920-1927
portuma01,Mark Portugal,1985-1999
porzimi01,Mike Porzio,1999-2003
posadjo01,Jorge Posada,1995-2011
posadle01,Leo Posada,1960-1962
posedbi01,Bill Posedel,1938-1946
poserbo01,Bob Poser,1932-1935
posesc01,Scott Pose,1993-2000
poseybu01,Buster Posey,2009-2021
posselo01,Lou Possehl,1946-1952
postle01,Lew Post,1902-1902
postsa01,Sam Post,1922-1922
postwa01,Wally Post,1949-1964
poteeco01,Cody Poteet,2021-2024
potelo01,Lou Pote,1999-2004
pottedy01,Dykes Potter,1938-1938
pottela01,Lamar Potter,1932-1932
pottemi01,Mike Potter,1976-1977
pottene01,Nels Potter,1936-1949
pottesq01,Squire Potter,1923-1923
pottne01,Nellie Pott,1922-1922
pottsda01,Vivian Potts,1892-1892
pottsjo01,John Potts,1914-1914
pottsmi01,Mike Potts,1996-1996
poulske01,Ken Poulsen,1967-1967
poundbi01,Bill Pounds,1903-1903
poundbr01,Brooks Pounders,2016-2019
povicca01,Cade Povich,2024-2025
povsema01,Max Povse,2017-2017
powel05,Powell,1928-1928
powel06,Powell,1928-1928
powel07,Powell,1928-1928
powelab01,Abner Powell,1884-1886
powelal01,Alonzo Powell,1987-1991
powelbi01,Bill Powell,1909-1913
powelbi02,Bill Powell,1946-1948
powelbo01,Boog Powell,1961-1977
powelbo02,Boog Powell,2017-2018
powelbr01,Brian Powell,1998-2004
powelda01,Dante Powell,1997-2001
powelde01,Dennis Powell,1985-1993
poweled01,Eddie Powell,1936-1938
powelgr01,Grover Powell,1963-1963
powelho01,Hosken Powell,1978-1983
powelja01,Jack Powell,1897-1912
powelja02,Jack Powell,1913-1913
powelja03,Jake Powell,1930-1945
powelja04,Jay Powell,1995-2005
powelje01,Jeremy Powell,1998-2000
powelji01,Jim Powell,1884-1885
powella01,Landon Powell,2009-2011
powelle01,Bob Powell,1955-1957
powelma01,Martin Powell,1881-1884
powelme01,Malvin Powell,1929-1937
powelpa01,Paul Powell,1971-1975
powelra01,Ray Powell,1913-1924
powelro01,Ross Powell,1993-1995
powelro02,Roy Powell,1941-1941
powelru01,Russell Powell,1920-1921
powelwi01,Willie Powell,1925-1934
powerdo01,Doc Powers,1898-1909
powerik01,Ike Powers,1927-1928
powerji01,Jim Powers,1890-1890
powerjo01,John Powers,1955-1960
powerle01,Les Powers,1938-1939
powermi01,Mike Powers,1932-1933
powerph01,Phil Powers,1878-1885
powerte01,Ted Power,1981-1993
powerto01,Tom Power,1890-1890
powervi01,Vic Power,1954-1965
powisca01,Carl Powis,1957-1957
poynebo01,Bobby Poyner,2018-2019
pozoar01,Arquimedez Pozo,1995-1997
pozoyo01,Yohel Pozo,2021-2025
pradoma01,Martín Prado,2006-2019
prallwi01,Willie Prall,1975-1975
pramejo01,Johnny Pramesa,1949-1952
prattal01,Al Pratt,1871-1872
prattan01,Andy Pratt,2002-2004
prattde01,Del Pratt,1912-1924
prattfr01,Frank Pratt,1921-1921
prattla01,Larry Pratt,1914-1915
prattni01,Nick Pratto,2022-2024
prattto01,Tom Pratt,1871-1871
prattto02,Todd Pratt,1992-2006
pregejo01,John Pregenzer,1963-1964
preibme01,Mel Preibisch,1940-1941
prendji01,Jim Prendergast,1948-1948
prendmi01,Mike Prendergast,1914-1919
prentge01,George Prentiss,1901-1902
prescbo01,Bobby Prescott,1961-1961
preskjo01,Joe Presko,1951-1958
preslal01,Alex Presley,2010-2017
preslji01,Jim Presley,1984-1991
presshe01,Henry Presswood,1948-1948
pressry01,Ryan Pressly,2013-2025
pressto01,Tot Pressnell,1938-1942
prestal01,Al Preston,1943-1947
prestwa01,Walt Preston,1895-1895
pricebi01,Bill Price,1890-1890
pricebr10,Bryan Price,2014-2014
priceda01,David Price,2008-2022
priceja01,Jackie Price,1946-1946
priceji01,Jim Price,1967-1971
pricejo01,Joe Price,1928-1928
pricejo02,Joe Price,1980-1990
prichbo01,Bob Prichard,1939-1939
priddbo01,Bob Priddy,1962-1971
priddje01,Jerry Priddy,1941-1953
pridecu01,Curtis Pride,1993-2006
pridija01,Jason Pridie,2008-2015
priesed01,Eddie Priest,1998-1998
priesjo01,Johnny Priest,1911-1912
priesqu01,Quinn Priester,2023-2025
prietal01,Alex Prieto,2003-2004
prietar01,Ariel Prieto,1995-2001
prietch01,Chris Prieto,2005-2005
primra01,Ray Prim,1933-1946
primra02,Randolph Prim,1926-1926
princdo01,Don Prince,1962-1962
princjo01,Josh Prince,2013-2013
princto01,Tom Prince,1987-2003
princwa01,Walter Prince,1883-1884
prinzbr01,Bret Prinz,2001-2007
priorma01,Mark Prior,2002-2006
pritcbu01,Buddy Pritchard,1957-1957
pritcch01,Chris Pritchett,1996-2000
pritcwi01,Wilbert Pritchett,1924-1932
proctfo01,Ford Proctor,2022-2022
proctge01,George Proctor,1938-1940
proctji01,Jim Proctor,1959-1959
proctre01,Red Proctor,1923-1923
proctsc01,Scott Proctor,2004-2011
proesge01,George Proeser,1888-1890
profaju01,Jurickson Profar,2012-2025
prokolu01,Luke Prokopec,2000-2002
prolymi01,Mike Proly,1976-1983
prophwi01,Willie Prophet,1934-1934
propsja01,Jake Propst,1923-1923
prothdo01,Doc Prothro,1920-1926
prougbi01,Bill Prough,1912-1912
provege01,George Provens,1945-1945
prudhau01,Augie Prudhomme,1929-1929
pruesea01,Earl Pruess,1920-1920
pruethu01,Hub Pruett,1922-1932
pruetji01,Jim Pruett,1944-1945
pruiete01,Tex Pruiett,1907-1908
pruitau01,Austin Pruitt,2017-2024
pruitro01,Ron Pruitt,1975-1983
pryoran01,Anderson Pryor,1923-1933
pryorbi01,Bill Pryor,1927-1931
pryored01,Ed Pryor,1925-1925
pryorgr01,Greg Pryor,1976-1986
pryorst01,Stephen Pryor,2012-2014
puccige01,George Puccinelli,1930-1936
puckeki01,Kirby Puckett,1984-1995
pucketr01,Troy Puckett,1911-1911
puellce01,César Puello,2017-2020
puentmi01,Migel Puente,1970-1970
puffebr01,Brandon Puffer,2002-2005
pughti01,Tim Pugh,1992-1997
puhljo01,John Puhl,1898-1899
puhlte01,Terry Puhl,1977-1991
puigri01,Rich Puig,1974-1974
puigya01,Yasiel Puig,2013-2019
pujolal01,Albert Pujols,2001-2022
pujollu01,Luis Pujols,1977-1985
pukaj01,A.J. Puk,2019-2025
puleoch01,Charlie Puleo,1981-1989
pulidal01,Alfonso Pulido,1983-1986
pulidca01,Carlos Pulido,1994-2004
pulleon01,O'Neal Pullen,1924-1924
pulliha01,Harvey Pulliam,1991-1997
pulsibi01,Bill Pulsipher,1995-2005
pumpesp01,Spencer Pumpelly,1925-1925
puntoni01,Nick Punto,2001-2014
purcebl01,Blondie Purcell,1879-1890
purceda01,David Purcey,2008-2013
purcehe01,Herman Purcell,1947-1947
purdijo01,John Purdin,1964-1969
purdypi01,Pid Purdy,1926-1929
purkebo01,Bob Purkey,1954-1966
purkema01,Matt Purke,2016-2016
purneje01,Jesse Purnell,1904-1904
purneos01,Oscar Purner,1895-1895
purtebi01,Billy Purtell,1908-1914
putkolu01,Luke Putkonen,2012-2014
putmaed01,Ed Putman,1976-1979
putnada01,Danny Putnam,2007-2007
putnapa01,Pat Putnam,1977-1984
putnaza01,Zach Putnam,2011-2017
puttmam01,Ambrose Puttmann,1903-1906
putzjj01,J.J. Putz,2003-2014
pyburji01,Jim Pyburn,1955-1957
pyechjo01,John Pyecha,1954-1954
pyeed01,Eddie Pye,1994-1995
pyleew01,Ewald Pyle,1939-1945
pyleha01,Harlan Pyle,1928-1928
pylesh01,Harry Pyle,1884-1887
pytlafr01,Frankie Pytlak,1932-1946
pyznati01,Tim Pyznarski,1986-1986
