player_id,name,years
saalfan01,Andrew Saalfrank,2023-2024
saarlki01,Kirk Saarloos,2002-2008
sabeler01,Erik Sabel,1999-2002
saberbr01,Bret Saberhagen,1984-2001
saboal01,Alex Sabo,1936-1937
saboch01,Chris Sabo,1988-1996
sabolbl01,Blake Sabol,2023-2025
sabroer01,Erik Sabrowski,2024-2024
saccoma01,Mark Saccomanno,2008-2008
sackafr01,Frank Sacka,1951-1953
sackibr01,Brian Sackinsky,1996-1996
sadecra01,Ray Sadecki,1960-1977
sadekmi01,Mike Sadek,1973-1981
sadlebi01,Billy Sadler,2006-2009
sadlebi02,Bill Sadler,1935-1938
sadleca01,Carl Sadler,2002-2003
sadleca02,Casey Sadler,2014-2021
sadledo01,Donnie Sadler,1998-2007
sadlera01,Ray Sadler,2005-2005
sadowbo01,Bob Sadowski,1960-1963
sadowbo02,Bob Sadowski,1963-1966
sadowed01,Ed Sadowski,1960-1966
sadowji01,Jim Sadowski,1974-1974
sadowry01,Ryan Sadowski,2009-2009
sadowte01,Ted Sadowski,1960-1962
sadzeco01,Connor Sadzeck,2018-2022
saenzch01,Chris Sáenz,2004-2004
saenzol01,Olmedo Sáenz,1994-2007
saffeto01,Tom Saffell,1949-1955
sageha01,Harry Sage,1890-1890
sagerpo01,Pony Sager,1871-1871
saggeth01,Thomas Saggese,2024-2025
sagmoma01,Marc Sagmoen,1997-1997
saiervi01,Vic Saier,1911-1919
sainjo01,Johnny Sain,1942-1955
saipemi01,Mike Saipe,1998-1998
saitota01,Takashi Saito,2006-2012
sakatle01,Lenn Sakata,1977-1987
saladty01,Tyler Saladino,2015-2019
salasfe01,Fernando Salas,2010-2019
salasju01,Juan Salas,2006-2008
salasma01,Mark Salas,1984-1991
salasma02,Marino Salas,2008-2008
salaswi01,Wilfredo Salas,1948-1948
salazan01,Angel Salazar,1983-1988
salazca01,Cándido Salazar,1924-1924
salazce01,César Salazar,2023-2024
salazda01,Danny Salazar,2013-2019
salazed01,Eduardo Salazar,2023-2025
salazje01,Jeff Salazar,2006-2009
salazla01,Lázaro Salazar,1930-1936
salazlu01,Luis Salazar,1980-1992
salazos01,Oscar Salazar,2002-2010
salazsa01,Santiago Salazar,1945-1945
salech01,Chris Sale,2010-2025
salefr01,Freddy Sale,1924-1924
salesed01,Ed Sales,1890-1890
salisbi01,Solly Salisbury,1902-1902
salisha01,Harry Salisbury,1879-1882
salkebi01,Bill Salkeld,1945-1950
salkero01,Roger Salkeld,1993-1996
sallesl01,Slim Sallee,1908-1921
salmobr01,Brad Salmon,2007-2007
salmoch01,Chico Salmon,1964-1972
salmoha01,Harry Salmon,1924-1935
salmoro01,Roger Salmon,1912-1912
salmoti01,Tim Salmon,1992-2006
saloman01,Ángel Sálome,2008-2008
saltaja01,Jarrod Saltalamacchia,2007-2018
salteed01,Edward Salters,1925-1937
saltzja01,Jack Saltzgaver,1932-1945
salvama01,Manuel Salvat,1925-1925
salvegu01,Gus Salve,1908-1908
salveja01,Jack Salveson,1933-1945
salvoma01,Manny Salvo,1939-1943
samarje01,Jeff Samardzija,2008-2020
sambijo01,Joe Sambito,1976-1987
samcoed01,Ed Samcoff,1951-1951
samforo01,Ron Samford,1954-1959
sammobr01,Bryan Sammons,2024-2024
sammocl01,Clint Sammons,2007-2009
sampebi01,Bill Sampen,1990-1994
samplbi01,Billy Sample,1978-1986
sampsad01,Adrian Sampson,2016-2022
sampsbe01,Benj Sampson,1998-1999
sampsch01,Chris Sampson,2006-2010
sampsem01,Emanuel Sampson,1940-1946
sampske01,Keyvius Sampson,2015-2016
sampsor01,Ormond Sampson,1932-1938
sampsto01,Tommy Sampson,1940-1948
samueam01,Amado Samuel,1962-1964
samuejo01,Joe Samuels,1930-1930
samueju01,Juan Samuel,1983-1998
samuero01,Roger Samuels,1988-1989
samulik01,Sammy Samuels,1895-1895
sanabal01,Alex Sanabia,2010-2013
sanabca01,Carlos Sanabria,2020-2020
sanbegu01,Gus Sandberg,1923-1924
sanchaa01,Aaron Sanchez,2014-2022
sanchad01,Adrián Sánchez,2017-2021
sanchal01,Alejandro Sánchez,1982-1987
sanchal02,Alex Sanchez,1989-1989
sanchal03,Alex Sánchez,2001-2005
sanchal04,Ali Sánchez,2020-2024
sanchan01,Aníbal Sánchez,2006-2022
sanchan02,Ángel Sánchez,2006-2013
sanchan03,Ángel Sánchez,2017-2017
sanchbr01,Brian Sanches,2006-2012
sanchca01,Yolmer Sanchez,2014-2022
sanchce01,Celerino Sánchez,1972-1973
sanchcr01,Cristopher Sánchez,2021-2025
sanchdu01,Duaner Sánchez,2002-2009
sanched01,Eduardo Sánchez,2011-2013
sanchfe01,Félix Sánchez,2003-2003
sanchfr01,Freddy Sanchez,2002-2011
sanchga01,Gaby Sánchez,2008-2014
sanchga02,Gary Sánchez,2015-2025
sanchhe01,Héctor Sánchez,2011-2017
sanchhu01,Humberto Sánchez,2008-2008
sanchis01,Israel Sánchez,1988-1990
sanchje01,Jesús Sánchez,1998-2004
sanchje02,Jesús Sánchez,2020-2025
sanchjo01,Jonathan Sánchez,2006-2013
sanchlu01,Luis Sánchez,1981-1985
sanchmi01,Miguel Sánchez,2021-2022
sanchor01,Orlando Sánchez,1981-1984
sanchra01,Raúl Sánchez,1952-1960
sanchra02,Raúl Sánchez,1948-1948
sanchre01,Rey Sánchez,1991-2005
sanchri01,Ricardo Sanchez,2020-2020
sanchro01,Rómulo Sánchez,2007-2010
sanchsi01,Sixto Sánchez,2020-2024
sanchto01,Tony Sanchez,2013-2017
sandbja01,Jared Sandberg,2001-2003
sandbry01,Ryne Sandberg,1981-1997
sandean01,Anthony Sanders,1999-2001
sandebe01,Ben Sanders,1888-1892
sandeda01,David Sanders,2003-2005
sandede01,Dee Sanders,1945-1945
sandede02,Deion Sanders,1989-2001
sandejo01,John Sanders,1965-1965
sandejo02,John Sanderson,1947-1947
sandeke01,Ken Sanders,1964-1976
sandele01,Leo Sanders,1937-1942
sandeph01,Phoenix Sanders,2022-2022
sandera01,Ray Sanders,1942-1949
sandere01,Reggie Sanders,1974-1974
sandere02,Reggie Sanders,1991-2007
sandero01,Roy Sanders,1917-1918
sandero02,Roy Sanders,1918-1920
sandesc01,Scott Sanderson,1978-1996
sandesc02,Scott Sanders,1993-1999
sandewa01,War Sanders,1903-1904
sandhe01,Heinie Sand,1923-1928
sandlmi01,Mike Sandlock,1942-1953
sandlni01,Nick Sandlin,2021-2025
sandoda01,Danny Sandoval,2005-2006
sandofr01,Freddy Sandoval,2008-2009
sandopa01,Pablo Sandoval,2008-2021
sandopa02,Patrick Sandoval,2019-2024
sandsch01,Charlie Sands,1967-1975
sandsco01,Cole Sands,2022-2025
sandsdo01,Donny Sands,2022-2022
sandsje01,Jerry Sands,2011-2016
sandtto01,Tommy Sandt,1975-1976
sanfoch01,Chance Sanford,1998-1999
sanfofr01,Fred Sanford,1943-1951
sanfoja01,Jack Sanford,1940-1946
sanfoja02,Jack Sanford,1956-1967
sanfomo01,Mo Sanford,1991-1995
sanguma01,Manny Sanguillén,1967-1980
saniced01,Ed Sanicki,1949-1951
sanitam01,Amauri Sanit,2011-2011
sankebe01,Ben Sankey,1929-1931
sanmare01,Reiver Sanmartin,2021-2023
sanojja01,Javier Sanoja,2024-2025
sanomi01,Miguel Sanó,2015-2024
sanpe01,Pedro San,1926-1928
santaan01,Andrés Santana,1990-1990
santaan02,Anthony Santander,2017-2025
santaan03,Anastasio Santaella,1935-1936
santaca01,Carlos Santana,2010-2025
santada01,Danny Santana,2014-2021
santade01,Dennis Santana,2018-2025
santado01,Domingo Santana,2014-2020
santaed01,Edgar Santana,2017-2021
santaer01,Ervin Santana,2005-2021
santajo02,Johan Santana,2000-2012
santaju01,Julio Santana,1997-2006
santama01,Marino Santana,1998-1999
santape01,Pedro Santana,2001-2001
santara01,Rafael Santana,1983-1990
santibe01,Benito Santiago,1986-2005
santica01,Carlos Santiago,1946-1946
santihe01,Héctor Santiago,2011-2021
santijo01,José Santiago,1948-1956
santijo02,José Santiago,1963-1970
santijo03,José Santiago,1997-2005
santira01,Ramón Santiago,2002-2014
santito01,Tony Santillan,2021-2025
santoal01,Al Santorini,1968-1973
santoan01,Ángel Santos,2001-2003
santoan02,Antonio Santos,2020-2021
santoch01,Chad Santos,2006-2006
santofr01,Francisco Santos,2003-2003
santogr01,Gregory Santos,2021-2025
santolo99,Louis Santop,1923-1926
santolu01,Luis Santos,2017-2018
santone01,Nelson Santovenia,1987-1993
santoom01,Omir Santos,2008-2013
santora01,Rafael Santo Domingo,1979-1979
santoro01,Ron Santo,1960-1974
santose01,Sergio Santos,2010-2015
santovi01,Víctor Santos,2001-2007
santred01,Edward Santry,1884-1884
sappeda01,Dave Sappelt,2011-2013
sardibr01,Bronson Sardinha,2007-2007
sardida01,Dane Sardinha,2003-2011
sardilu01,Luis Sardiñas,2014-2018
sarfade01,Dennis Sarfate,2006-2009
sargejo01,Joe Sargent,1921-1921
sarmima01,Manny Sarmiento,1976-1983
sarnibi01,Bill Sarni,1951-1956
sarvian01,Andy Sarvis,1939-1942
sasakka01,Kazuhiro Sasaki,2000-2003
sasakro01,Roki Sasaki,2025-2025
sassema01,Mackey Sasser,1987-1995
sassero01,Rob Sasser,1998-1998
satinjo01,Josh Satin,2011-2014
satrito01,Tom Satriano,1961-1970
saturlu01,Luis Saturria,2000-2001
sauceta01,Tayler Saucedo,2021-2025
saucifr01,Frank Saucier,1951-1951
saucike01,Kevin Saucier,1978-1982
sauered01,Ed Sauer,1943-1949
sauerha01,Hank Sauer,1941-1959
sauerma01,Matt Sauer,2024-2025
sauersc01,Scott Sauerbeck,1999-2006
saundau01,Augustus Saunders,1927-1932
saundbo01,Bob Saunders,1926-1926
saundde01,Dennis Saunders,1970-1970
saunddo01,Doug Saunders,1993-1993
saundjo01,Joe Saunders,2005-2014
saundmi01,Michael Saunders,2009-2017
saundru01,Rusty Saunders,1927-1927
saundto01,Tony Saunders,1997-1999
saupowa01,Warwick Saupold,2016-2018
sauteal01,Al Sauter,1890-1890
sauveri01,Rich Sauveur,1986-2000
savagbi01,Junius Savage,1940-1940
savagbo01,Bob Savage,1942-1949
savagdo01,Don Savage,1944-1945
savagja01,Jack Savage,1987-1990
savagji01,Jimmie Savage,1912-1915
savagji02,Jim Savage,1925-1925
savagte01,Ted Savage,1962-1971
saverbo01,Bob Saverine,1959-1967
saverjo01,Joe Savery,2011-2014
saviddo01,Don Savidge,1929-1929
savidra01,Ralph Savidge,1908-1909
savramo01,Moe Savransky,1954-1954
sawamhi01,Hirokazu Sawamura,2021-2022
sawatca01,Carl Sawatski,1948-1963
sawyeca01,Carl Sawyer,1915-1916
sawyeri01,Rick Sawyer,1974-1977
sawyewi01,Will Sawyer,1883-1883
saxda01,Dave Sax,1982-1987
saxol01,Ollie Sax,1928-1928
saxonth01,Thomas Saxon,1942-1942
saxst01,Steve Sax,1981-1994
sayji01,Jimmy Say,1882-1887
saylebi01,Bill Sayles,1939-1943
saylo01,Lou Say,1873-1884
sayloal01,Alfred Saylor,1941-1945
sayloph01,Phil Saylor,1891-1891
sborzja01,Jay Sborz,2010-2010
sborzjo01,Josh Sborz,2019-2024
scahiro01,Rob Scahill,2012-2018
scalaje01,Jerry Scala,1948-1950
scalebo01,Bobby Scales,2009-2010
scalege01,George Scales,1921-1946
scaleju01,George Scales,1943-1943
scalzjo01,Johnny Scalzi,1931-1931
scalzsk01,Skeeter Scalzi,1939-1939
scanlbo01,Bob Scanlan,1991-2001
scanldo01,Doc Scanlan,1903-1911
scanlfr01,Frank Scanlan,1909-1909
scanlmo01,Mort Scanlan,1890-1890
scanlpa01,Pat Scanlon,1884-1884
scanlpa02,Pat Scanlon,1974-1977
scantpa01,Pat Scantlebury,1944-1956
scarbra01,Ray Scarborough,1942-1953
scarbra02,Randy Scarbery,1979-1980
scarcma01,Mac Scarce,1972-1978
scarrru01,Russ Scarritt,1929-1932
scarsle01,Les Scarsella,1935-1940
scarsst01,Steve Scarsone,1992-1999
sceroma01,Mac Sceroler,2021-2021
schaapa01,Paul Schaal,1964-1974
schacal01,Al Schacht,1919-1921
schacha01,Hal Schacker,1945-1945
schacsi01,Sid Schacht,1950-1951
schaege01,Germany Schaefer,1901-1918
schaeha01,Harry Schaeffer,1952-1952
schaeje01,Jeff Schaefer,1989-1994
schaema01,Mark Schaeffer,1972-1972
schafha01,Harry Schafer,1871-1878
schafji01,Jimmie Schaffer,1961-1968
schafjo01,Joe Schaffernoth,1959-1961
schafjo02,Jordan Schafer,2009-2015
schaflo01,Logan Schafer,2011-2016
schaijo01,Johnny Schaive,1958-1963
schalar01,Art Schallock,1951-1955
schalbi01,Walter Schaller,1911-1913
schalge01,Gene Schall,1995-1996
schalra01,Ray Schalk,1912-1929
schalro01,Roy Schalk,1932-1945
schanbo01,Bobby Schang,1914-1927
schanch01,Charley Schanz,1944-1950
schanno01,Nolan Schanuel,2023-2025
schanwa01,Wally Schang,1913-1931
schapjo01,John Schappert,1882-1882
scharar01,Art Scharein,1932-1934
scharbi01,Bill Schardt,1911-1912
scharge01,George Scharein,1937-1940
scharni01,Nick Scharf,1882-1883
schatda01,Dan Schatzeder,1977-1991
schatje01,Jeff Schattinger,1981-1981
schauru01,Rube Schauer,1913-1917
schebsc01,Scott Schebler,2015-2021
scheeal01,Al Scheer,1913-1915
scheefr01,Fritz Scheeren,1914-1915
scheehe01,Heinie Scheer,1922-1923
scheeow01,Owen Scheetz,1943-1943
schefaa01,Aaron Scheffer,1999-1999
schefbo01,Bob Scheffing,1941-1951
schefte01,Ted Scheffler,1888-1890
schegle01,Lefty Schegg,1912-1912
scheica01,Carl Scheib,1943-1954
scheifr01,Frank Scheibeck,1887-1906
scheija01,Jack Scheible,1893-1894
scheiri01,Richie Scheinblum,1965-1974
scheiri02,Rich Scheid,1992-1995
schelal01,Al Schellhase,1890-1891
schelda01,Danny Schell,1954-1955
schelji01,Jim Schelle,1939-1939
schemfr01,Fred Schemanske,1923-1923
schemmi01,Mike Schemer,1945-1946
schenbi01,Bill Schenck,1882-1885
schenha01,Hank Schenz,1946-1951
schenjo01,John Scheneberg,1913-1920
schepjo01,Joe Schepner,1919-1919
schepta01,Tanner Scheppers,2012-2017
scherbi01,Bill Scherrer,1982-1988
scherbo01,Bob Scherbarth,1950-1950
scherfr01,Fred Scherman,1969-1976
scherha01,Harry Scherer,1889-1889
scherma01,Max Scherzer,2008-2025
schesdu01,Dutch Schesler,1931-1931
schetlo01,Lou Schettler,1910-1910
schialo01,Lou Schiappacasse,1902-1902
schicmo01,Morrie Schick,1917-1917
schiena01,Nate Schierholtz,2007-2014
schilch01,Chuck Schilling,1961-1965
schilcu01,Curt Schilling,1988-2007
schilre01,Red Schillings,1922-1922
schimry01,Ryan Schimpf,2016-2018
schinbi01,Bill Schindler,1920-1920
schirca01,Calvin Schiraldi,1984-1991
schirdu01,Dutch Schirick,1914-1914
schlala01,Larry Schlafly,1902-1914
schlead01,Admiral Schlei,1904-1911
schleda01,Daniel Schlereth,2009-2012
schleru01,Bill Schlesinger,1965-1965
schlibi01,Victor Schlitzer,1908-1914
schlibr01,Brian Schlitter,2010-2019
schlidu01,Dutch Schliebner,1923-1923
schlitr01,Travis Schlichting,2009-2010
schlogu01,Gus Schlosser,2014-2014
schluja01,Jay Schlueter,1971-1971
schluno01,Norm Schlueter,1938-1944
schmabr01,Brian Schmack,2003-2003
schmara01,Ray Schmandt,1915-1922
schmeal01,Al Schmelz,1967-1967
schmege01,George Schmees,1952-1952
schmibo01,Boss Schmidt,1906-1911
schmibo02,Bob Schmidt,1958-1965
schmibu01,Charles Schmidt,1909-1915
schmica01,Casey Schmitt,2023-2025
schmicl01,Clarke Schmidt,2020-2025
schmicr01,Crazy Schmit,1890-1901
schmicu01,Curt Schmidt,1995-1995
schmida01,Dave Schmidt,1981-1992
schmida02,Dave Schmidt,1981-1981
schmifr01,Freddy Schmidt,1944-1947
schmihe01,Henry Schmidt,1903-1903
schmija01,Jason Schmidt,1995-2009
schmije01,Jeff Schmidt,1996-1996
schmijo01,Johnny Schmitz,1941-1956
schmiko01,Konrad Schmidt,2010-2012
schmimi01,Mike Schmidt,1972-1989
schmipe01,Pete Schmidt,1913-1913
schmiwa01,Walter Schmidt,1916-1925
schmiwi01,Willard Schmidt,1952-1959
schmost01,Steve Schmoll,2005-2005
schmuch01,Charlie Schmutz,1914-1915
schmuha01,Hank Schmulbach,1943-1943
schnebr01,Brian Schneider,2000-2012
schneda01,Dan Schneider,1963-1969
schneda02,Dave Schneck,1972-1974
schneda03,Davis Schneider,2023-2025
schneda04,Daniel Schneemann,2024-2025
schnefr01,Frank Schneiberg,1910-1910
schneje01,Jeff Schneider,1981-1981
schneka01,Karl Schnell,1922-1923
schnepe01,Pete Schneider,1914-1919
schoege01,Gerry Schoen,1968-1968
schoeju01,Jumbo Schoeneck,1884-1889
schoere01,Red Schoendienst,1945-1963
schoesc01,Scott Schoeneweis,1999-2010
schofdi01,Dick Schofield,1953-1971
schofdi02,Dick Schofield,1983-1996
scholje01,Jesse Scholtens,2023-2023
schomot01,Otto Schomberg,1886-1888
schooje01,Jerry Schoonmaker,1955-1957
schoojo01,Jonathan Schoop,2013-2023
schoomi01,Mike Schooler,1988-1993
schored01,Ed Schorr,1915-1915
schotge01,Gene Schott,1935-1939
schoupe01,Pete Schourek,1991-2001
schrapa01,Paul Schramka,1953-1953
schreba01,Barney Schreiber,1911-1911
schreha01,Hank Schreiber,1914-1926
schrejo01,John Schreiber,2019-2025
schreos01,Ossee Schrecongost,1897-1908
schrepa01,Paul Schreiber,1922-1945
schrest02,Steve Schrenk,1999-2000
schrete01,Ted Schreiber,1963-1963
schripo01,Pop Schriver,1886-1901
schroal01,Al Schroll,1958-1961
schrobi01,Bill Schroeder,1983-1990
schrobo01,Bob Schroder,1965-1968
schroch01,Chris Schroder,2006-2008
schroke01,Ken Schrom,1980-1987
schroma01,Max Schrock,2020-2022
schubhe01,Heinie Schuble,1927-1936
schuema01,Max Schuemann,2024-2025
schuero01,Ron Schueler,1972-1979
schugaj01,A.J. Schugel,2015-2017
schulal01,Al Schulz,1912-1916
schular01,Art Schult,1953-1960
schulba01,Barney Schultz,1955-1965
schulbo01,Bob Schultz,1951-1955
schulbo02,Bo Schultz,2014-2016
schulbu01,Buddy Schultz,1975-1979
schulda01,Dave Schuler,1979-1985
schuldo01,Don Schulze,1983-1989
schuler01,Erik Schullstrom,1994-1995
schulfr01,Frank Schulte,1904-1918
schulfr02,Fred Schulte,1927-1937
schulha01,Ham Schulte,1940-1940
schulho01,Howie Schultz,1943-1948
schulja01,Jack Schulte,1906-1906
schulja02,Jaime Schultz,2018-2019
schulje01,Jeff Schulz,1989-1991
schuljo01,John Schultz,1891-1891
schuljo02,John Schulze,1891-1891
schuljo03,Joe Schultz,1912-1925
schuljo04,Johnny Schulte,1923-1932
schuljo05,Joe Schultz,1939-1948
schulle01,Len Schulte,1944-1946
schulmi01,Mike Schultz,1947-1947
schulmi02,Mike Schultz,2007-2007
schulwa01,Walt Schulz,1920-1920
schulwe01,Webb Schultz,1924-1924
schulwe02,Wes Schulmerich,1931-1934
schumha01,Hack Schumann,1906-1906
schumha02,Hal Schumacher,1931-1946
schumsk01,Skip Schumaker,2005-2015
schunaa01,Aaron Schunk,2024-2024
schupfe01,Ferdie Schupp,1913-1922
schuri01,Rick Schu,1984-1996
schurwa01,Wayne Schurr,1964-1964
schusbi01,Bill Schuster,1937-1945
schuspa01,Patrick Schuster,2016-2016
schutca01,Carl Schutz,1996-1996
schwabi01,Bill Schwartz,1883-1884
schwabi02,Bill Schwartz,1904-1904
schwabl01,Ralph Schwamb,1948-1948
schwado01,Don Schwall,1961-1967
schwaje01,Jeff Schwarz,1993-1994
schwaky01,Kyle Schwarber,2015-2025
schwami01,Mike Schwabe,1989-1990
schwara01,Randy Schwartz,1965-1966
schweal01,Al Schweitzer,1908-1911
schweha01,Hal Schwenk,1913-1913
schwepi01,Pi Schwert,1914-1915
schweru01,Rudy Schwenck,1909-1909
schwesp01,Spencer Schwellenbach,2024-2025
schwiar01,Art Schwind,1912-1912
schwich01,Chris Schwinden,2011-2012
schwifr01,Frank Schwindel,2019-2022
schwimi01,Michael Schwimer,2011-2012
schypje01,Jerry Schypinski,1955-1955
sciosmi01,Mike Scioscia,1980-1992
scofflo01,Lou Scoffic,1936-1936
scoggji01,Jim Scoggins,1913-1913
sconida01,Daryl Sconiers,1981-1985
scorehe01,Herb Score,1955-1962
scott01,Scott,1884-1884
scott04,Scott,1938-1938
scott05,Scott,1948-1948
scottbo01,Bob Scott,1920-1927
scottbo02,Bobby Scott,1941-1941
scottch01,Christian Scott,2024-2024
scottda01,Darryl Scott,1993-1993
scottdi01,Dick Scott,1901-1901
scottdi02,Dick Scott,1963-1964
scottdi03,Dick Scott,1989-1989
scottdo01,Donnie Scott,1983-1991
scotted01,Ed Scott,1900-1901
scotteu01,Eugene Scott,1920-1920
scottev01,Everett Scott,1914-1926
scottga01,Gary Scott,1991-1992
scottge01,George Scott,1920-1920
scottge02,George Scott,1966-1979
scottja01,Jack Scott,1916-1929
scottji01,Jim Scott,1909-1917
scottji02,John Scott,1914-1914
scottjo01,John Scott,1974-1977
scottjo02,Joe Scott,1927-1938
scottjo03,Johnie Scott,1944-1948
scottjo04,Joe Burt Scott,1945-1948
scottjo05,Joe Scott,1948-1948
scottle01,LeGrant Scott,1939-1939
scottle02,Marshall Scott,1945-1945
scottll01,Lloyd Scott,1934-1934
scottlu01,Luke Scott,2005-2013
scottmi01,Milt Scott,1882-1886
scottmi02,Mickey Scott,1972-1977
scottmi03,Mike Scott,1979-1991
scottpe01,Pete Scott,1926-1928
scottro01,Rodney Scott,1975-1982
scottro02,Robby Scott,2016-2019
scottta01,Tanner Scott,2017-2025
scottta02,Tayler Scott,2019-2025
scottti01,Tim Scott,1991-1997
scottto01,Tony Scott,1973-1984
scottvi01,Victor Scott II,2024-2025
scranji01,Jim Scranton,1984-1985
scribev01,Evan Scribner,2011-2017
scribtr01,Troy Scribner,2017-2018
scrivch01,Chuck Scrivener,1975-1977
scrogjo01,Johnnie Scroggins,1947-1947
scruban01,Andre Scrubb,2020-2021
scrugto01,Tony Scruggs,1991-1991
scrugxa01,Xavier Scruggs,2014-2016
scuddsc01,Scott Scudder,1989-1993
scurrro01,Rod Scurry,1980-1988
scutama01,Marco Scutaro,2002-2014
seaboco01,Connor Seabold,2021-2023
seabosc01,Scott Seabol,2001-2005
seacr01,Seacrest,1933-1933
seageco01,Corey Seager,2015-2025
seageky01,Kyle Seager,2011-2021
seaglch01,Chandler Seagle,2023-2023
sealejo01,Johnnie Seale,1964-1965
seamaki01,Kim Seaman,1979-1980
seaneru01,Rudy Seánez,1989-2008
searara01,Ray Searage,1981-1990
searcst01,Steve Searcy,1988-1992
searsjp01,JP Sears,2022-2025
searske01,Ken Sears,1943-1946
searsto01,Todd Sears,2002-2003
seatoto01,Tom Seaton,1912-1917
seatsto01,Tom Seats,1940-1945
seaveto01,Tom Seaver,1967-1986
seaybo01,Bobby Seay,2001-2009
seaydi01,Dick Seay,1926-1947
sebrabo01,Bob Sebra,1985-1990
sebriji01,Jimmy Sebring,1902-1909
sechrdo01,Doc Sechrist,1899-1899
secorfr01,Frank Secory,1940-1946
secrido01,Don Secrist,1969-1970
seddoch01,Chris Seddon,2007-2012
sedgwdu01,Duke Sedgwick,1921-1923
sedlash01,Shawn Sedlacek,2002-2002
sedloco01,Cody Sedlock,2022-2022
seech01,Charlie See,1919-1921
seedsbo01,Bob Seeds,1930-1940
seela01,Larry See,1986-1988
seelbch01,Chuck Seelbach,1971-1974
seelbch02,Chris Seelbach,2000-2001
seerepa01,Pat Seerey,1943-1949
seeryem01,Emmett Seery,1884-1892
sefcike01,Kevin Sefcik,1995-2001
segedro01,Rob Segedin,2016-2017
segelhe01,Herman Segelke,1982-1982
segovza01,Zack Segovia,2007-2009
segrajc01,J.C. Segraves,1937-1937
segrasa01,Sam Segraves,1942-1943
segrika01,Kal Segrist,1952-1955
seguida01,David Segui,1990-2004
seguidi01,Diego Seguí,1962-1977
seguife01,Fernando Seguignol,1998-2003
segurje01,Jean Segura,2012-2023
segurjo01,José Segura,1988-1991
seibeku01,Kurt Seibert,1979-1979
seibeph01,Phil Seibel,2004-2004
seiboso01,Socks Seibold,1915-1933
seilhri01,Ricky Seilheimer,1980-1980
seitzke01,Kevin Seitzer,1986-1997
selbaki01,Kip Selbach,1894-1906
selbybi01,Bill Selby,1996-2003
selbyco01,Colin Selby,2023-2025
seleaa01,Aaron Sele,1993-2007
selfto01,Todd Self,2005-2005
selkige01,George Selkirk,1934-1942
selleje01,Jeff Sellers,1985-1988
selleju01,Justin Sellers,2011-2014
sellep01,Epp Sell,1922-1923
selleru01,Rube Sellers,1910-1910
sellsda01,Dave Sells,1972-1975
selmadi01,Dick Selma,1965-1974
selmafr01,Frank Sellman,1871-1875
selmasa01,Sam Selman,2019-2022
selphca01,Carey Selph,1929-1932
selskst01,Steve Selsky,2016-2017
sembeca01,Carroll Sembera,1965-1970
sembemi01,Mike Sember,1977-1978
semiema01,Marcus Semien,2013-2025
seminan01,Andy Seminick,1943-1957
seminfr01,Frank Seminara,1992-1994
semprra01,Ray Semproch,1958-1961
senerso01,Sonny Senerchia,1952-1952
sengako01,Kodai Senga,2023-2025
sengeha01,Hayden Senger,2025-2025
senseco01,Count Sensenderfer,1871-1874
sentepa01,Paul Sentell,1906-1907
sentest01,Steve Senteney,1982-1982
senzaan01,Antonio Senzatela,2017-2025
senzeni01,Nick Senzel,2019-2024
seoanma01,Manny Seoane,1977-1978
seoja01,Jae Weong Seo,2002-2007
sepkote01,Ted Sepkowski,1942-1947
septile01,Leyson Séptimo,2012-2012
seradbi01,Billy Serad,1884-1888
serafda01,Dan Serafini,1996-2007
serenbi01,Bill Serena,1949-1954
sernapa01,Paul Serna,1981-1982
serraal01,Alex Serrano,2008-2008
serraji01,Jimmy Serrano,2004-2004
serrawa01,Wascar Serrano,2001-2001
serrebo01,Bonnie Serrell,1941-1945
serumga01,Gary Serum,1977-1979
servasc01,Scott Servais,1991-2001
servebr01,Brian Serven,2022-2024
servisc01,Scott Service,1988-2004
sessiwa01,Walter Sessi,1941-1946
settlme01,Merle Settlemire,1928-1928
sevcijo01,John Sevcik,1965-1965
several01,Al Severinsen,1969-1972
severan01,Anderson Severino,2022-2022
severat01,Atahualpa Severino,2011-2011
severha01,Hank Severeid,1911-1926
severlu01,Luis Severino,2015-2025
severpe01,Pedro Severino,2015-2022
severri01,Rich Severson,1970-1971
sewalpa01,Paul Sewald,2017-2025
sewared01,Ed Seward,1885-1891
sewarfr01,Frank Seward,1943-1944
sewarge01,George Seward,1875-1882
seweljo01,Joe Sewell,1920-1933
sewellu01,Luke Sewell,1921-1942
sewelri01,Rip Sewell,1932-1949
sewelto01,Tommy Sewell,1927-1927
sexauel01,Elmer Sexauer,1948-1948
sexsori01,Richie Sexson,1997-2008
sextoch01,Chris Sexton,1999-2000
sextofr01,Frank Sexton,1895-1895
sextoji01,Jimmy Sexton,1977-1983
sextoto01,Tom Sexton,1884-1884
seyboso01,Socks Seybold,1899-1908
seyfrgo01,Gordon Seyfried,1963-1964
seymocy01,Cy Seymour,1896-1913
seymoja01,Jake Seymour,1882-1882
shabaad01,Adam Shabala,2005-2005
shackbr01,Brian Shackelford,2005-2006
shackjo01,John Shackelford,1924-1930
shackke01,Kevin Shackelford,2017-2018
shafeju01,Justin Shafer,2018-2020
shafera01,Ralph Shafer,1914-1914
shafeti01,Tillie Shafer,1909-1913
shaff01,Shaffer,1875-1875
shafffr01,Frank Shaffer,1884-1884
shaffjo01,John Shaffer,1886-1887
shaffor01,Orator Shafer,1874-1890
shaffri01,Richie Shaffer,2015-2016
shaffta01,Taylor Shafer,1884-1890
shallgu01,Gus Shallix,1884-1885
shambji01,Jimmy Shamberger,1938-1940
shamsar01,Art Shamsky,1965-1972
shanagr01,Greg Shanahan,1973-1974
shandji01,Jim Shanley,1876-1876
shanewa01,Wally Shaner,1923-1929
shank02,Shanks,1945-1945
shankha01,Harvey Shank,1970-1970
shankha02,Hank Shanks,1927-1927
shankho01,Howie Shanks,1912-1925
shanldo01,Harry Shanley,1912-1912
shannbi01,Bill Shanner,1920-1920
shannda01,Dan Shannon,1889-1891
shannfr01,Frank Shannon,1892-1896
shannjo01,Joe Shannon,1915-1915
shannmi01,Mike Shannon,1962-1970
shannow01,Owen Shannon,1903-1907
shannre01,Red Shannon,1915-1926
shannsp01,Spike Shannon,1904-1908
shannwa01,Warren Shanabrook,1906-1906
shannwa02,Wally Shannon,1959-1960
shantbi01,Billy Shantz,1954-1960
shantbo01,Bobby Shantz,1949-1964
sharmra01,Ralph Sharman,1917-1917
sharodi01,Dick Sharon,1973-1975
sharp02,Sharpe,1923-1923
sharpbi01,Bill Sharp,1973-1976
sharpbu01,Bud Sharpe,1905-1910
sharpjo01,Josh Sharpless,2006-2007
sharpmi01,Mike Sharperson,1987-1995
sharppe01,Pepper Sharpe,1943-1948
sharpst01,Sterling Sharp,2020-2020
sharrge01,George Sharrott,1893-1894
sharrja01,Jack Sharrott,1890-1893
shaugsh01,Shag Shaughnessy,1905-1908
shautjo01,Joe Shaute,1922-1934
shaveje01,Jeff Shaver,1988-1988
shavejo01,Jon Shave,1993-1999
shaw03,Shaw,1920-1920
shawal01,Al Shaw,1901-1909
shawal02,Al Shaw,1907-1915
shawal03,Herb Shaw,1942-1942
shawami01,Mike Shawaryn,2019-2019
shawbe01,Ben Shaw,1917-1918
shawbo01,Bob Shaw,1957-1967
shawbr01,Bryan Shaw,2011-2024
shawch01,Chris Shaw,2018-2019
shawdo01,Don Shaw,1967-1972
shawdu01,Dupee Shaw,1883-1888
shawhu01,Hunky Shaw,1908-1908
shawje01,Jeff Shaw,1990-2001
shawji01,Jim Shaw,1913-1921
shawkbo01,Bob Shawkey,1913-1927
shawma01,Matt Shaw,2025-2025
shawsa01,Sam Shaw,1888-1893
shawte01,Ted Shaw,1928-1930
shawtr01,Travis Shaw,2015-2022
shayda01,Danny Shay,1901-1907
shayma01,Marty Shay,1916-1924
sheafda01,Danny Sheaffer,1987-1997
sheage01,Gerry Shea,1905-1905
sheajo01,John Shea,1928-1928
shealal01,Al Shealy,1928-1930
shealry01,Ryan Shealy,2005-2010
sheame01,Merv Shea,1927-1944
sheami01,Mike Shea,1887-1887
sheana01,Nap Shea,1902-1902
sheanda01,Dave Shean,1906-1919
sheare01,Red Shea,1918-1922
shearge01,George Shears,1912-1912
shearjo01,John Shearon,1891-1896
shearra01,Ray Shearer,1957-1957
shearto01,Tom Shearn,2007-2007
sheasp01,Spec Shea,1947-1955
sheast01,Steve Shea,1968-1969
sheckji01,Jimmy Sheckard,1897-1913
sheehbi01,Timothy Sheehan,1895-1896
sheehem01,Emmet Sheehan,2023-2023
sheehja01,Jack Sheehan,1920-1921
sheehji01,Jim Sheehan,1936-1936
sheehto01,Tommy Sheehan,1900-1908
sheehto02,Tom Sheehan,1915-1926
sheelbu01,Bud Sheely,1951-1953
sheelea01,Earl Sheely,1921-1931
sheerch01,Chuck Sheerin,1936-1936
sheetan01,Andy Sheets,1996-2002
sheetbe01,Ben Sheets,2001-2012
sheetga01,Gavin Sheets,2021-2025
sheetla01,Larry Sheets,1984-1993
sheffga01,Gary Sheffield,1988-2009
sheffjo01,Jordan Sheffield,2021-2022
sheffju01,Justus Sheffield,2018-2022
shelbhi01,Hiawatha Shelby,1941-1941
shelbjo01,John Shelby,1981-1991
sheldbo01,Bob Sheldon,1974-1977
sheldro01,Rollie Sheldon,1961-1966
sheldsc01,Scott Sheldon,1997-2001
shell02,Shell,1923-1923
shellfr01,Frank Shellenback,1918-1919
shellhu01,Hugh Shelley,1935-1935
shellji01,Jim Shellenback,1966-1977
shellst01,Steven Shell,2008-2009
sheltbe01,Ben Shelton,1993-1993
sheltch01,Chris Shelton,2004-2009
sheltje01,Jeff Shelton,1943-1946
sheltsk01,Skeeter Shelton,1915-1915
shemost01,Steve Shemo,1944-1945
shentau01,Austin Shenton,2024-2024
shepabe01,Bert Shepard,1945-1945
shepafr01,Freddie Shepard,1943-1948
shepaja01,Jack Shepard,1953-1956
shepara01,Ray Shepardson,1924-1924
shephch01,Chandler Shepherd,2019-2019
shephha01,Harry Shepherd,1938-1938
shephke01,Keith Shepherd,1992-1996
shephro01,Ron Shepherd,1984-1986
sheppjo01,John Sheppard,1873-1873
sheppra01,Ray Sheppard,1924-1932
sheppwi01,William Sheppard,1924-1924
sherdbi01,Bill Sherdel,1918-1932
sherfji01,James Sherfy,2017-2021
sheri01,Sheridan,1875-1875
sherine01,Neill Sheridan,1948-1948
sheripa01,Pat Sheridan,1981-1991
sherire01,Red Sheridan,1918-1920
sheriro01,Roy Sherid,1929-1931
sherled01,Ed Sherling,1924-1924
sherlmo01,John Sherlock,1930-1930
sherlvi01,Vince Sherlock,1935-1935
shermda01,Dan Sherman,1914-1914
shermda02,Darrell Sherman,1993-1993
shermjo01,Joe Sherman,1915-1915
sherrde01,Dennis Sherrill,1978-1980
sherrfr01,Fred Sherry,1911-1911
sherrge01,George Sherrill,2004-2012
sherrla01,Larry Sherry,1958-1968
sherrno01,Norm Sherry,1959-1963
sherrry01,Ryan Sherriff,2017-2023
sherrti01,Tim Sherrill,1990-1991
shetrba01,Barry Shetrone,1959-1963
shetzjo01,John Shetzline,1882-1882
shevlji01,Jimmy Shevlin,1930-1934
shewmbr01,Braden Shewmake,2023-2024
shielbe01,Ben Shields,1924-1931
shielch01,Charlie Shields,1902-1907
shielch02,Charlie Shields,1941-1943
shielja01,Jason Shiell,2002-2006
shielja02,James Shields,2006-2018
shielji01,Jimmy Shields,1928-1929
shielpe01,Pete Shields,1915-1915
shielsc01,Scot Shields,2001-2010
shielst01,Steve Shields,1985-1989
shielto01,Tommy Shields,1992-1993
shielvi01,Vince Shields,1924-1924
shiffga01,Garland Shifflett,1957-1964
shiffst01,Steve Shifflett,1992-1992
shillji01,Jim Shilling,1939-1939
shinagi01,Ginger Shinault,1921-1922
shinaza01,Zak Shinall,1993-1993
shindbi01,Billy Shindle,1886-1898
shinera01,Razor Shines,1983-1987
shinjts01,Tsuyoshi Shinjo,2001-2003
shinnra01,Ralph Shinners,1922-1925
shinnti01,Tim Shinnick,1890-1891
shipada01,Dave Shipanoff,1985-1985
shipkbi01,Bill Shipke,1906-1909
shiplbr01,Braden Shipley,2016-2018
shiplcr01,Craig Shipley,1986-1998
shipljo01,Joe Shipley,1958-1963
shirear01,Art Shires,1928-1932
shiredu01,Duke Shirey,1920-1920
shirlba01,Bart Shirley,1964-1968
shirlbo01,Bob Shirley,1977-1987
shirlmu01,Mule Shirley,1924-1925
shirlst01,Steve Shirley,1982-1982
shirlte01,Tex Shirley,1941-1946
shivege01,George Shively,1920-1924
shiveiv01,Ivey Shiver,1931-1934
shochge01,George Shoch,1886-1897
shockco01,Costen Shockley,1964-1965
shockur01,Urban Shocker,1916-1928
shoemch01,Charlie Shoemaker,1961-1964
shoemma01,Matt Shoemaker,2013-2021
shoffmi01,Milt Shoffner,1929-1940
shofnst01,Strick Shofner,1947-1947
shokeed01,Eddie Shokes,1941-1946
shookra01,Ray Shook,1916-1916
shoopro01,Ron Shoop,1959-1959
shopato01,Tom Shopay,1967-1977
shoppke01,Kelly Shoppach,2005-2013
shorebi01,Bill Shores,1928-1936
shoreer01,Ernie Shore,1912-1920
shorera01,Ray Shore,1946-1949
shortbi01,Bill Short,1960-1969
shortch01,Chick Shorten,1915-1924
shortch02,Chris Short,1959-1973
shortda01,Dave Short,1940-1941
shortri01,Rick Short,2005-2005
shortza01,Zack Short,2021-2024
shottbu01,Burt Shotton,1909-1923
shouncl01,Clyde Shoun,1935-1949
shoupjo01,John Shoup,1879-1884
shousbr01,Brian Shouse,1993-2009
shovljo01,John Shovlin,1911-1920
shower01,Eric Show,1981-1991
shrevch01,Chasen Shreve,2014-2024
shrevle01,Lev Shreve,1887-1889
shrivha01,Harry Shriver,1922-1923
shropra01,Ralph Shropshire,1937-1937
shubage01,George Shuba,1948-1955
shuckja01,JB Shuck,2011-2019
shueypa01,Paul Shuey,1994-2007
shugach01,Chase Shugart,2024-2025
shugafr01,Frank Shugart,1890-1901
shultto01,Toots Shultz,1911-1912
shumaan01,Anthony Shumaker,1999-1999
shumaha01,Harry Shuman,1942-1944
shumpte01,Terry Shumpert,1990-2003
shupevi01,Vince Shupe,1945-1945
shustja01,Jared Shuster,2023-2024
shyba01,Shybaker,1942-1942
sianimi01,Michael Siani,2022-2025
siasge01,George Sias,1932-1932
sickied01,Ed Sicking,1916-1927
siddajo01,Joe Siddall,1993-1998
siebe02,Siebert,1937-1937
siebedi01,Dick Siebert,1932-1945
siebeno01,Norm Siebern,1956-1968
siebepa01,Paul Siebert,1974-1978
siebeso01,Sonny Siebert,1964-1975
siebldw01,Dwight Siebler,1963-1967
siefkfr01,Fred Siefke,1890-1890
siegejo01,Fred Siegel,1884-1884
siegljo01,Johnny Siegle,1905-1906
siegrke01,Kevin Siegrist,2013-2017
siemeos01,Oscar Siemer,1925-1926
sierrca01,Candy Sierra,1988-1988
sierrfe01,Felipe Sierra,1922-1930
sierrma01,Magneuris Sierra,2017-2022
sierrmo01,Moisés Sierra,2012-2018
sierrru01,Rubén Sierra,1986-2006
sieveed01,Ed Siever,1901-1908
sievero01,Roy Sievers,1949-1965
siffefr01,Frank Siffell,1884-1885
sigaffr01,Frank Sigafoos,1926-1931
siglipa01,Paddy Siglin,1914-1916
sigmatr01,Tripp Sigman,1929-1930
signewa01,Walter Signer,1943-1945
sigsbse01,Seth Sigsby,1893-1893
sikorbr01,Brian Sikorski,2000-2006
silbeed01,Eddie Silber,1937-1939
silched01,Ed Silch,1888-1888
silsech01,Chase Silseth,2022-2024
silvaca01,Carlos Silva,2002-2010
silvada01,Danny Silva,1919-1919
silvajo01,José Silva,1996-2002
silvape01,Pedro Silva,1922-1922
silvawa01,Walter Silva,2009-2009
silveal01,Al Silvera,1955-1956
silvech01,Charlie Silvera,1948-1957
silveda01,Dave Silvestri,1992-1999
silveke01,Ken Silvestri,1939-1951
silvelu01,Luis Silverio,1978-1978
silveto01,Tom Silverio,1970-1972
simaal01,Al Sima,1950-1954
simasbi01,Bill Simas,1995-2000
simmo03,Simmons,1944-1944
simmoal01,Al Simmons,1924-1944
simmoan01,Andrelton Simmons,2012-2022
simmobr01,Brian Simmons,1998-2001
simmocu01,Curt Simmons,1947-1967
simmoha01,Hack Simmons,1910-1915
simmojo01,Joe Simmons,1871-1875
simmojo02,John Simmons,1949-1949
simmone01,Nelson Simmons,1984-1987
simmopa01,Pat Simmons,1928-1929
simmosh01,Shae Simmons,2014-2017
simmosi01,Si Simmons,1926-1926
simmote01,Ted Simmons,1968-1988
simmsmi01,Mike Simms,1990-1999
simmswi01,Willie Simms,1937-1943
simonal01,Alfredo Simón,2008-2016
simondo01,Doug Simons,1991-1992
simonha01,Hank Simon,1887-1890
simonja01,Jason Simontacchi,2002-2007
simonme01,Mel Simons,1931-1932
simonmi01,Mike Simon,1909-1915
simonra01,Randall Simon,1997-2006
simonsy01,Syl Simon,1923-1924
simps02,Simpson,1930-1930
simpsal01,Allan Simpson,2004-2006
simpscl01,Clarence Simpson,1933-1933
simpsde01,Dennis Simpson,1933-1933
simpsdi01,Dick Simpson,1962-1969
simpsdu01,Tom Simpson,1953-1953
simpsha01,Harry Simpson,1946-1959
simpsjo01,Joe Simpson,1975-1983
simpsma01,Marty Simpson,1873-1873
simpsst01,Steve Simpson,1972-1972
simpswa01,Wayne Simpson,1970-1977
simsdu01,Duke Sims,1964-1974
simsgr01,Greg Sims,1966-1966
simsle01,Leo Sims,1938-1938
simslu01,Lucas Sims,2017-2025
simspe01,Pete Sims,1915-1915
sinatma01,Matt Sinatro,1981-1992
sinclst01,Steve Sinclair,1998-1999
sincobe01,Bert Sincock,1908-1908
sinerho01,Hosea Siner,1909-1909
singebi01,Bill Singer,1964-1977
singebr01,Brady Singer,2020-2025
singeor01,Orville Singer,1923-1932
singlal01,Alex Singleton,1946-1946
singlch01,Chris Singleton,1999-2005
singldu01,Duane Singleton,1994-1996
singlel01,Elmer Singleton,1945-1959
singljo01,John Singleton,1922-1922
singljo02,Jon Singleton,2014-2024
singlke01,Ken Singleton,1970-1984
singtfr01,Fred Sington,1934-1939
sinkbbr01,Brett Sinkbeil,2010-2010
sipekdi01,Dick Sipek,1945-1945
sipinjo01,John Sipin,1969-1969
sippto01,Tony Sipp,2009-2019
sirijo01,Jose Siri,2021-2025
sirotmi01,Mike Sirotka,1995-2000
siscoan01,Andy Sisco,2005-2007
siscoch01,Chance Sisco,2017-2021
siscost01,Steve Sisco,2000-2000
siskdo01,Doug Sisk,1982-1991
siskev01,Evan Sisk,2025-2025
siskto01,Tommie Sisk,1962-1970
sisleda01,Dave Sisler,1956-1962
sisledi01,Dick Sisler,1946-1953
sislege01,George Sisler,1915-1930
sistisi01,Sibby Sisti,1939-1954
sittibr01,Brandyn Sittinger,2021-2021
sittoca01,Carl Sitton,1909-1909
sivespe01,Pete Sivess,1936-1938
siwyji01,Jim Siwy,1982-1984
sixsmed01,Ed Sixsmith,1884-1884
sizemgr01,Grady Sizemore,2004-2015
sizemsc01,Scott Sizemore,2010-2014
sizemte01,Ted Sizemore,1969-1980
skafffr01,Frank Skaff,1935-1943
skaggda01,Dave Skaggs,1977-1980
skaggty01,Tyler Skaggs,2012-2019
skalsjo01,Joe Skalski,1989-1989
skaugda01,Dave Skaugstad,1957-1957
skeelda01,Dave Skeels,1910-1910
skenepa01,Paul Skenes,2024-2025
sketcbu01,Harry Sketchley,1942-1942
skidmro01,Roe Skidmore,1970-1970
skiffbi01,Bill Skiff,1921-1926
skinnal01,Alex Skinner,1884-1884
skinnbo01,Bob Skinner,1954-1966
skinnca01,Camp Skinner,1922-1923
skinnjo01,Joel Skinner,1983-1991
skipwky01,Kyle Skipworth,2013-2013
skizalo01,Lou Skizas,1956-1959
skogler01,Eric Skoglund,2017-2019
skokcr01,Craig Skok,1973-1979
skolema01,Matt Skole,2018-2019
skopejo01,John Skopec,1901-1903
skowrbi01,Bill Skowron,1954-1967
skrmema01,Matt Skrmetta,2000-2000
skubata01,Tarik Skubal,2020-2025
skubebo01,Bob Skube,1982-1983
sladear01,Art Sladen,1884-1884
sladego01,Gordon Slade,1930-1935
slaglji01,Jimmy Slagle,1899-1908
slagljo01,John Slagle,1891-1891
slaglro01,Roger Slagle,1979-1979
slaglwa01,Walt Slagle,1910-1910
slamaan01,Anthony Slama,2010-2011
slanida01,Dan Slania,2017-2017
slapncy01,Cy Slapnicka,1911-1918
slappjo01,John Slappey,1920-1920
slateau01,Austin Slater,2017-2025
slatedo01,Doug Slaten,2006-2012
slateju01,Justin Slaten,2024-2025
slatoji01,Jim Slaton,1971-1986
slattja01,Jack Slattery,1901-1909
slattmi01,Mike Slattery,1884-1891
slattph01,Phil Slattery,1915-1915
slaugba01,Barney Slaughter,1910-1910
slaugdo01,Don Slaught,1982-1997
slaugen01,Enos Slaughter,1938-1959
slaugst01,Sterling Slaughter,1964-1964
slaybbi01,Bill Slayback,1972-1974
slaybsc01,Scottie Slayback,1926-1926
slaytst01,Steve Slayton,1928-1928
sleatlo01,Lou Sleater,1950-1958
sledgte01,Terrmel Sledge,2004-2007
slegeaa01,Aaron Slegers,2017-2021
sloanbr01,Bruce Sloan,1944-1944
sloanto01,Tod Sloan,1913-1919
sloatle01,Dwain Sloat,1948-1949
slocubr01,Brian Slocum,2006-2008
slocuhe01,Heathcliff Slocumb,1991-2000
slocuro01,Ron Slocum,1969-1971
sloweke01,Kevin Slowey,2007-2014
slusajo01,Joe Slusarski,1991-2001
smajscr01,Craig Smajstrla,1988-1988
smallaa01,Aaron Small,1994-2006
smallch01,Charlie Small,1930-1930
smallet01,Ethan Small,2022-2023
smallha01,Hank Small,1978-1978
smallji01,Jim Small,1955-1958
smalllo01,Lewis Smallwood,1923-1923
smallma01,Mark Small,1996-1996
smallro01,Roy Smalley,1948-1958
smallro02,Roy Smalley,1975-1987
smallwa01,Walt Smallwood,1917-1919
smallwi01,Will Smalley,1890-1891
smartle01,Lefty Smart,1932-1932
smaulow01,Owen Smaulding,1927-1928
smazajo01,Joe Smaza,1946-1946
smeltde01,Devin Smeltzer,2019-2023
smilebi01,Bill Smiley,1874-1882
smilejo01,John Smiley,1986-1997
smith01,Smith,1884-1884
smith11,Smith,1920-1920
smith12,Smith,1921-1921
smith13,Smith,1923-1923
smith14,Smith,1924-1924
smith15,Smith,1925-1925
smith16,Smith,1926-1926
smith17,Smith,1926-1926
smith18,Smith,1927-1927
smith19,Smith,1927-1927
smith20,Smith,1935-1935
smith21,Smith,1936-1936
smith22,Smith,1938-1938
smith23,Smith,1938-1938
smith24,Smith,1943-1943
smithaj01,AJ Smith-Shawver,2023-2025
smithal01,Aleck Smith,1897-1906
smithal02,Al Smith,1926-1926
smithal03,Al Smith,1934-1945
smithal04,Al Smith,1946-1964
smithar01,Art Smith,1932-1932
smithbe01,Bernie Smith,1970-1971
smithbi01,Bill Smith,1873-1873
smithbi02,Bill Smith,1884-1884
smithbi03,Billy Smith,1886-1886
smithbi04,Bill Smith,1958-1962
smithbi05,Billy Smith,1975-1981
smithbi06,Billy Smith,1981-1981
smithbl01,Blake Smith,2016-2016
smithbo01,Bob Smith,1913-1915
smithbo02,Bob Smith,1923-1937
smithbo03,Bob Smith,1955-1959
smithbo04,Bobby Smith,1957-1965
smithbo05,Bob Smith,1958-1959
smithbo06,Bob Smith,1998-2002
smithbo07,Bob Smith,1930-1944
smithbr01,Bryn Smith,1981-1993
smithbr02,Brick Smith,1987-1988
smithbr03,Brian Smith,2000-2000
smithbu01,Bull Smith,1904-1906
smithbu02,Bud Smith,2001-2002
smithbu03,Burch Smith,2013-2024
smithc11,C. Smith,1924-1924
smithca01,Carr Smith,1923-1924
smithca02,Carson Smith,2014-2018
smithca03,Caleb Smith,2017-2022
smithca04,Carl Smith,1938-1938
smithca05,Canaan Smith-Njigba,2022-2023
smithca06,Cade Smith,2024-2025
smithca07,Cam Smith,2025-2025
smithch01,Charlie Smith,1871-1871
smithch02,Charlie Smith,1902-1914
smithch03,Chick Smith,1913-1913
smithch04,Charley Smith,1960-1969
smithch05,Chris Smith,1981-1983
smithch07,Chuck Smith,2000-2001
smithch08,Chris Smith,2008-2017
smithch09,Chad Smith,2014-2015
smithch10,Chris Smith,2017-2017
smithch11,Charlie Smith,1925-1929
smithch12,Chad Smith,2022-2023
smithcl01,Clay Smith,1938-1940
smithcl02,Clarence Smith,1921-1933
smithcl03,Cleo Smith,1923-1928
smithcl04,Clyde Smith,1938-1938
smithda01,Dave Smith,1938-1939
smithda02,Dave Smith,1980-1992
smithda03,Dave Smith,1984-1985
smithda04,Dar Smith,1990-1990
smithda05,Dan Smith,1992-1994
smithda07,Dan Smith,1999-2003
smithdi01,Dick Smith,1951-1955
smithdi02,Dick Smith,1963-1965
smithdi03,Dick Smith,1969-1969
smithdo01,Doug Smith,1912-1912
smithdo02,Dominic Smith,2017-2024
smithdo03,Dode Smith,1942-1942
smithdr01,Drew Smith,2018-2024
smithdw01,Dwight Smith,1989-1996
smithdw02,Dwight Smith Jr.,2017-2020
smithea01,Earl Smith,1916-1922
smithea02,Earl Smith,1919-1930
smithea03,Earl Smith,1955-1955
smithed01,Edgar Smith,1883-1890
smithed02,Edgar Smith,1883-1883
smithed03,Ed Smith,1906-1906
smithed04,Eddie Smith,1936-1947
smithed05,Ed Smith,1884-1884
smithel01,Elmer Smith,1886-1901
smithel02,Elmer Smith,1914-1925
smither01,Ernie Smith,1930-1930
smither02,Ernie Smith,1938-1942
smitheu01,Eugene Smith,1940-1948
smithfo01,Ford Smith,1941-1948
smithfr01,Frank Smith,1884-1884
smithfr02,Fred Smith,1890-1890
smithfr03,Frank Smith,1904-1915
smithfr04,Fred Smith,1907-1907
smithfr05,Fred Smith,1913-1917
smithfr06,Frank Smith,1950-1956
smithge01,Germany Smith,1884-1898
smithge02,George Smith,1916-1923
smithge03,George Smith,1926-1930
smithge04,George Smith,1963-1966
smithge05,Gene Smith,1941-1946
smithgr01,Greg Smith,1989-1991
smithgr02,Greg Smith,2008-2010
smithgu01,Guy Smith,1939-1939
smithha01,Harry Smith,1877-1889
smithha02,Harvey Smith,1896-1896
smithha03,Harry Smith,1901-1910
smithha04,Happy Smith,1910-1910
smithha05,Harry Smith,1912-1912
smithha06,Harry Smith,1914-1918
smithha07,Hal Smith,1932-1935
smithha08,Hal Smith,1955-1964
smithha09,Hal Smith,1956-1965
smithhe01,George Smith,1897-1903
smithhe02,Herbert Smith,1920-1924
smithhe03,Herb Smith,1929-1932
smithhe04,Henry Smith,1942-1945
smithhi99,Hilton Smith,1932-1948
smithja01,Jake Smith,1911-1911
smithja02,Jack Smith,1912-1912
smithja03,Jack Smith,1915-1929
smithja04,Jack Smith,1962-1964
smithja05,Jason Smith,2001-2009
smithja06,Jake Smith,2016-2016
smithja07,Jake Smith,1924-1924
smithji01,Jimmy Smith,1914-1922
smithji02,Jim Smith,1982-1982
smithji03,Jim Smith,1925-1930
smithji04,Jim Smith,1943-1943
smithjo01,John Smith,1873-1875
smithjo02,John Smith,1882-1882
smithjo03,Joe Smith,1913-1913
smithjo04,John Smith,1931-1931
smithjo05,Joe Smith,2007-2022
smithjo06,Jordan Smith,2010-2011
smithjo07,Josh A. Smith,2015-2020
smithjo08,Josh D. Smith,2019-2020
smithjo10,Johnny Smith,1940-1948
smithjo11,Josh Smith,2022-2025
smithju01,Jud Smith,1893-1901
smithke01,Keith Smith,1977-1980
smithke02,Ken Smith,1981-1983
smithke03,Keith Smith,1984-1985
smithke04,Kevan Smith,2016-2021
smithke05,Kevin Smith,2021-2024
smithkl01,Klondike Smith,1912-1912
smithle01,Leo Smith,1890-1890
smithle02,Lee Smith,1980-1997
smithlo01,Lonnie Smith,1978-1994
smithma01,Mayo Smith,1945-1945
smithma02,Mark Smith,1983-1983
smithma03,Mark Smith,1994-2003
smithma04,Matt Smith,2006-2007
smithma05,Mallex Smith,2016-2020
smithma06,Mance Smith,1944-1944
smithmi01,Mike Smith,1926-1926
smithmi02,Milt Smith,1955-1955
smithmi03,Mike Smithson,1982-1989
smithmi04,Mike Smith,1984-1989
smithmi05,Mike Smith,1989-1990
smithmi06,Mike Smith,2002-2006
smithmi07,Milton Smith,1925-1927
smithmu01,Murphy Smith,2018-2018
smithna01,Nate Smith,1962-1962
smithol01,Ollie Smith,1894-1894
smithol02,Ollie Smith,1945-1945
smithoz01,Ozzie Smith,1978-1996
smithpa01,Paul Smith,1916-1916
smithpa02,Paddy Smith,1920-1920
smithpa03,Paul Smith,1953-1958
smithpa04,Pavin Smith,2020-2025
smithpe01,Pete Smith,1962-1963
smithpe02,Pete Smith,1987-1998
smithph01,Phenomenal Smith,1884-1891
smithpo01,Pop Smith,1880-1891
smithpo02,Pop-boy Smith,1913-1917
smithqu01,Quincy Smith,1943-1945
smithr07,R. Smith,1945-1945
smithra01,Ray Smith,1981-1983
smithra02,Raymond Smith,1945-1945
smithre01,Rex Smith,1886-1886
smithre02,Red Smith,1911-1919
smithre03,Red Smith,1917-1918
smithre04,Red Smith,1925-1925
smithre05,Red Smith,1927-1927
smithre06,Reggie Smith,1966-1982
smithri01,Riley Smith,2020-2021
smithro01,Roy Smith,1984-1991
smithro02,Roger Smithberg,1993-1994
smithro03,Roy Smith,2001-2002
smithrs01,R.S. Smith,1937-1937
smithru01,Rufus Smith,1927-1927
smithse01,Seth Smith,2007-2017
smithsh01,Sherry Smith,1911-1927
smithsh02,Shane Smith,2025-2025
smithsk01,Skyrocket Smith,1888-1888
smithst01,Stub Smith,1898-1898
smithst02,Stephen Smitherman,2003-2003
smithsy01,Syd Smith,1908-1915
smithta01,Taylor Smith,1948-1948
smithth01,Theolic Smith,1936-1943
smithto01,D. Smith,1875-1875
smithto02,Tom Smith,1894-1898
smithto03,Tony Smith,1907-1911
smithto04,Tommy Smith,1973-1977
smithtr01,Travis Smith,1998-2006
smithty01,Tyler Smith,2017-2017
smithvi01,Vinnie Smith,1941-1946
smithwa01,Wally Smith,1911-1914
smithwi01,Wib Smith,1909-1909
smithwi02,Willie Smith,1963-1971
smithwi03,Willie Smith,1994-1994
smithwi04,Will Smith,2012-2024
smithwi05,Will Smith,2019-2025
smithwi06,Willie Smith,1938-1938
smithwi07,Willie Smith,1948-1948
smithwy01,Wyman Smith,1923-1924
smithza01,Zane Smith,1984-1996
smoakju01,Justin Smoak,2010-2020
smokejo01,Josh Smoker,2016-2018
smolija01,Jake Smolinski,2014-2018
smollle01,Clyde Smoll,1940-1940
smoltjo01,John Smoltz,1988-2009
smootho01,Homer Smoot,1902-1906
smoyehe01,Henry Smoyer,1912-1912
smykafr01,Frank Smykal,1916-1916
smylydr01,Drew Smyly,2012-2024
smyrecl01,Clancy Smyres,1944-1944
smythha01,Harry Smythe,1929-1934
smythre01,Red Smyth,1915-1918
smythst01,Steve Smyth,2002-2002
snarery01,Ryan Snare,2004-2004
sneaded01,Eddie Snead,1940-1942
sneades01,Esix Snead,2002-2004
sneadki01,Kirby Snead,2021-2024
sneadsy01,Sylvester Snead,1938-1946
sneedcy01,Cy Sneed,2019-2020
sneedjo01,John Sneed,1884-1891
snellbl01,Blake Snell,2016-2025
snellch01,Charlie Snell,1912-1912
snellch02,Chris Snelling,2002-2008
snellia01,Ian Snell,2004-2010
snellna01,Nate Snell,1984-1987
snellwa01,Wally Snell,1913-1913
sneltdj01,D.J. Snelten,2018-2018
snideco01,Collin Snider,2022-2025
snidedu01,Duke Snider,1947-1964
snidetr01,Travis Snider,2008-2015
snideva01,Van Snider,1988-1989
snipero01,Roxy Snipes,1923-1923
snodgch01,Chappie Snodgrass,1901-1901
snodgfr01,Fred Snodgrass,1908-1916
snodgsc01,Scott Snodgress,2014-2014
snookfr01,Frank Snook,1973-1973
snopech01,Chris Snopek,1995-1998
snoveco01,Colonel Snover,1919-1919
snowch01,Charlie Snow,1874-1874
snowdda01,Dave Snowden,1933-1933
snowdmo01,Moses Snowden,1945-1945
snowfe01,Felton Snow,1931-1947
snydebe01,Bernie Snyder,1935-1935
snydebi01,Bill Snyder,1919-1920
snydebr01,Brian Snyder,1985-1989
snydebr02,Brad Snyder,2010-2014
snydebr03,Brandon Snyder,2010-2018
snydech01,Charles Snyder,1890-1890
snydech02,Chris Snyder,2004-2013
snydech03,Chubby Snyder,1914-1914
snydeco01,Cooney Snyder,1898-1898
snydeco02,Cory Snyder,1986-1994
snydeea01,Earl Snyder,2002-2004
snydefr01,Frank Snyder,1912-1927
snydege01,George Snyder,1882-1882
snydege02,Gene Snyder,1959-1959
snydeja01,Jack Snyder,1917-1917
snydeje01,Jerry Snyder,1952-1958
snydeji01,Jim Snyder,1872-1872
snydeji02,Jim Snyder,1961-1964
snydejo01,Josh Snyder,1872-1872
snydejo02,John Snyder,1998-2000
snydeky01,Kyle Snyder,2003-2008
snydeni01,Nicklaus Snyder,2021-2022
snydepo01,Pop Snyder,1873-1891
snydere01,Emanuel Snyder,1876-1884
snyderu01,Russ Snyder,1959-1970
sobkosc01,Scott Sobkowiak,2001-2001
sobotch01,Chad Sobotka,2018-2020
sockach01,Louis Sockalexis,1897-1899
socolmi01,Miguel Socolovich,2012-2018
soddbi01,Bill Sodd,1937-1937
soderer01,Eric Soderholm,1971-1980
soderst01,Steve Soderstrom,1996-1996
soderty01,Tyler Soderstrom,2023-2025
sodowcl01,Clint Sodowsky,1995-1999
soffra01,Ray Soff,1986-1987
sofieri01,Rick Sofield,1979-1981
sogarer01,Eric Sogard,2010-2021
sogarni01,Nick Sogard,2024-2024
sojolu01,Luis Sojo,1990-2003
solaito01,Tony Solaita,1968-1979
solakni01,Nick Solak,2019-2023
solando01,Donovan Solano,2012-2025
solanjh01,Jhonatan Solano,2012-2015
solanju01,Julio Solano,1983-1989
solarya01,Yangervis Solarte,2014-2019
solde01,Soldero,1932-1932
soleral01,Alay Soler,2006-2006
solerjo01,Jorge Soler,2014-2025
solisal01,Alí Solís,2012-2014
solisma01,Marcelino Solis,1958-1958
solismi01,Miguel Solís,1928-1940
solissa01,Sammy Solís,2015-2018
solomed01,Eddie Solomon,1973-1982
solomja01,Jared Solomon,2022-2022
solommo01,Mose Solomon,1923-1923
solompe01,Peter Solomon,2021-2023
soltemo01,Moose Solters,1934-1943
somered01,Ed Somerville,1875-1876
somerjo01,John Somerlott,1910-1911
sommean01,Andy Sommerville,1894-1894
sommebi01,Bill Sommers,1950-1950
sommejo01,Joe Sommer,1880-1890
sommepe01,Andy Sommers,1887-1890
sommeru01,Rudy Sommers,1912-1927
somsela01,Layne Somsen,2016-2016
songedo01,Don Songer,1924-1927
sonnaan01,Andy Sonnanstine,2007-2011
sorenla01,Lary Sorensen,1977-1988
sorenza01,Zach Sorensen,2003-2005
soriaal01,Alfonso Soriano,1999-2014
soriage01,George Soriano,2023-2025
soriajo01,Joakim Soria,2007-2021
soriajo02,José Soriano,2023-2025
soriara01,Rafael Soriano,2002-2015
sorokmi01,Michael Soroka,2018-2025
sorrebi01,Billy Sorrell,1965-1970
sorrech01,Chick Sorrells,1922-1922
sorrepa01,Paul Sorrento,1989-1999
sorrevi01,Vic Sorrell,1928-1937
sosaed01,Edmundo Sosa,2018-2025
sosael01,Elías Sosa,1972-1983
sosahe01,Henry Sosa,2011-2011
sosajo01,José Sosa,1975-1976
sosajo02,Jorge Sosa,2002-2010
sosaju01,Juan Sosa,1999-2001
sosale01,Lenyn Sosa,2022-2025
sosasa01,Sammy Sosa,1989-2007
sosavi01,Victoriano Sosa,1948-1948
sothede01,Denny Sothern,1926-1931
sothoal01,Allen Sothoron,1914-1926
sotoel01,Elliot Soto,2020-2020
sotoge01,Geovany Soto,2005-2017
sotogi01,Giovanni Soto,2015-2015
sotogr01,Gregory Soto,2019-2025
sotoju01,Juan Soto,2018-2025
sotoli01,Livan Soto,2022-2024
sotoma01,Mario Soto,1977-1988
sotone01,Neftali Soto,2013-2014
souchst01,Bud Souchock,1946-1955
souelhe01,Herb Souell,1940-1948
sousabe01,Bennett Sousa,2022-2025
southbi01,Billy Southworth,1913-1929
southbi02,Bill Southworth,1964-1964
southcl01,Clyde Southwick,1911-1911
souzama01,Mark Souza,1980-1980
souzast01,Steven Souza Jr.,2014-2022
sowdebi01,Bill Sowders,1888-1890
sowdejo01,John Sowders,1887-1890
sowdele01,Len Sowders,1886-1886
sowelcl01,Clyde Sowell,1948-1948
sowerje01,Jeremy Sowers,2006-2009
spadebo01,Bob Spade,1907-1910
spahnwa01,Warren Spahn,1942-1965
spaldal01,Al Spalding,1871-1878
spalddi01,Dick Spalding,1927-1928
spande01,Denard Span,2008-2018
spangal01,Al Spangler,1959-1971
spangco01,Cory Spangenberg,2014-2022
spann01,Spann,1932-1932
spansbi01,Bill Spanswick,1964-1964
sparkgl01,Glenn Sparkman,2017-2020
sparkje01,Jeff Sparks,1999-2000
sparkjo01,Joe Sparks,1937-1940
sparkst01,Steve Sparks,1995-2004
sparkst02,Steve Sparks,2000-2000
sparktu01,Tully Sparks,1897-1910
sparmjo01,Joe Sparma,1964-1970
speakbo01,Bob Speake,1955-1959
speaktr01,Tris Speaker,1907-1928
spearch01,Charlie Spearman,1923-1929
spearcl01,Clyde Spearman,1935-1946
spearco01,Codie Spearman,1926-1926
spearfr01,Fred Spearman,1936-1936
spearhe01,Henry Spearman,1936-1945
spearna01,Nate Spears,2011-2012
spearwi01,Willie Spearman,1924-1927
speasal01,Alex Speas,2023-2024
speckcl01,Cliff Speck,1986-1986
speecby01,By Speece,1924-1930
speedho01,Horace Speed,1975-1979
speerfl01,Floyd Speer,1943-1944
speerki01,Kid Speer,1909-1909
spehrti01,Tim Spehr,1991-1999
speiech01,Chris Speier,1971-1989
speiega01,Gabe Speier,2019-2025
speieju01,Justin Speier,1998-2009
speiery01,Ryan Speier,2005-2009
speigle01,Levale Speigner,2007-2008
spenc01,Spencer,1872-1872
spencbe01,Ben Spencer,1913-1913
spencbo01,Bob Spence,1969-1971
spencch01,Chet Spencer,1906-1906
spencda01,Daryl Spencer,1952-1963
spencge01,George Spencer,1950-1960
spencgl01,Glenn Spencer,1928-1933
spencha01,Hack Spencer,1912-1912
spencji01,Jim Spencer,1968-1982
spencjo01,Josh Spence,2011-2012
spencjo02,Johnny Spencer,1922-1922
spencjo03,Joe Spencer,1941-1948
spencmi01,Mitch Spence,2024-2025
spencro01,Roy Spencer,1925-1938
spencse01,Sean Spencer,1999-2000
spencsh01,Shane Spencer,1998-2004
spencst01,Stan Spence,1940-1949
spencst02,Stan Spencer,1998-2000
spencto01,Tom Spencer,1978-1978
spenctu01,Tubby Spencer,1905-1918
spencve01,Vern Spencer,1920-1920
spencwi01,Willie Spencer,1939-1940
spencza01,Zack Spencer,1931-1933
sperapa01,Paul Speraw,1920-1920
sperbed01,Ed Sperber,1924-1925
sperrro01,Rob Sperring,1974-1977
sperrst01,Stan Sperry,1936-1938
spicebo01,Bob Spicer,1955-1956
spierbi01,Bill Spiers,1989-2001
spierca01,Carson Spiers,2023-2025
spiesha01,Harry Spies,1895-1895
spiezed01,Ed Spiezio,1964-1972
spiezsc01,Scott Spiezio,1996-2007
spikech01,Charlie Spikes,1972-1980
spilbry01,Ryan Spilborghs,2005-2011
spillda01,Dan Spillner,1974-1985
spilmha01,Harry Spilman,1978-1989
spindha01,Hal Spindel,1939-1946
spinksc01,Scipio Spinks,1969-1973
spitzsh01,Shea Spitzbarth,2021-2021
spiveju01,Junior Spivey,2001-2005
splitpa01,Paul Splittorff,1970-1984
spognan01,Andy Spognardi,1932-1932
spohral01,Al Spohrer,1928-1935
spoljpa01,Paul Spoljaric,1994-2000
spongca01,Carl Spongberg,1908-1908
spoonka01,Karl Spooner,1954-1955
spoonti01,Tim Spooneybarger,2001-2003
spottji01,Jim Spotts,1930-1930
spradje01,Jerry Spradlin,1993-2000
spragch01,Charlie Sprague,1887-1890
spraged01,Ed Sprague,1968-1976
spraged02,Ed Sprague,1991-2001
spragho01,Homer Spragins,1947-1947
spratha01,Harry Spratt,1911-1912
sprigge01,George Spriggs,1965-1970
sprinbr01,Brad Springer,1925-1926
sprinde01,Dennis Springer,1995-2002
sprined01,Ed Springer,1889-1889
springe01,George Springer,2014-2025
sprinja01,Jack Spring,1955-1965
sprinje01,Jeffrey Springs,2018-2025
sprinjo01,Joe Sprinz,1930-1933
sprinru01,Russ Springer,1992-2010
sprinst01,Steve Springer,1990-1992
sproubo01,Bob Sprout,1961-1961
sprouch01,Charlie Sproull,1945-1945
sprowbo01,Bobby Sprowl,1978-1981
spruijo01,Joe Spruill,1927-1927
spruize01,Zeke Spruill,2013-2014
spurgfr01,Freddy Spurgeon,1924-1927
spurgja01,Jay Spurgeon,2000-2000
spurlch01,Chris Spurling,2003-2007
spurned01,Ed Spurney,1891-1891
squirmi01,Mike Squires,1975-1985
stablge01,George Stablein,1980-1980
stacked01,Eddie Stack,1910-1914
staehma01,Marv Staehle,1964-1971
staffbi01,Bill Stafford,1960-1967
staffbo01,Stafford,1890-1890
staffge01,James Stafford,1890-1899
staffhe01,Heinie Stafford,1916-1916
staffjo01,John Stafford,1893-1893
staggst01,Steve Staggs,1977-1978
stahlch01,Chick Stahl,1897-1906
stahlja01,Jake Stahl,1903-1913
stahlla01,Larry Stahl,1964-1973
stahosc01,Scott Stahoviak,1993-1998
staigro01,Roy Staiger,1975-1979
staintu01,Tuck Stainback,1934-1946
stairma01,Matt Stairs,1992-2011
stalega01,Gale Staley,1925-1925
stalege01,Gerry Staley,1947-1961
staleha01,Harry Staley,1888-1895
stallge01,George Stallings,1890-1898
stallge02,George Staller,1943-1943
stallja01,Jacob Stallings,2016-2025
stalltr01,Tracy Stallard,1960-1966
stallvi01,Virgil Stallcup,1947-1953
stameer01,Eric Stamets,2019-2019
stammcr01,Craig Stammen,2009-2022
stamphu01,Hulon Stamps,1924-1928
stanaos01,Oscar Stanage,1906-1925
stancch01,Charley Stanceu,1941-1946
standja01,Jason Standridge,2001-2007
standje01,Jerry Standaert,1925-1929
standpe01,Pete Standridge,1911-1915
staneal01,Al Stanek,1963-1963
stanery01,Ryne Stanek,2017-2025
stanfja01,Jason Stanford,2003-2007
stanfke01,Kevin Stanfield,1979-1979
stangda01,Daniel Stange,2010-2013
stangle01,Lee Stange,1961-1970
stanhdo01,Don Stanhouse,1972-1982
stanipe01,Pete Stanicek,1987-1988
staniro01,Rob Stanifer,1997-2000
stanist01,Steve Stanicek,1987-1989
stankan01,Andy Stankiewicz,1992-1998
stanked01,Eddie Stanky,1943-1953
stankjo01,Joe Stanka,1959-1959
stankto01,Tom Stankard,1904-1904
stanl03,Paul Stanley,1940-1940
stanlbo01,Bob Stanley,1977-1989
stanlbu01,Buck Stanley,1911-1911
stanlco01,Cody Stanley,2015-2015
stanlfr01,Fred Stanley,1969-1982
stanlji01,Jim Stanley,1914-1914
stanljo01,Joe Stanley,1884-1884
stanljo02,Joe Stanley,1897-1909
stanlmi01,Mickey Stanley,1964-1978
stanlmi02,Mike Stanley,1986-2000
stanlne01,Neck Stanley,1928-1948
stanscr01,Craig Stansberry,2007-2009
stansja01,Jack Stansbury,1918-1918
stantbu01,Buck Stanton,1931-1931
stantle01,Leroy Stanton,1970-1978
stantmi01,Mike Stanton,1975-1985
stantmi02,Mike Stanton,1989-2007
stantmi03,Giancarlo Stanton,2010-2024
stantto01,Tom Stanton,1900-1904
staplda01,Dave Stapleton,1980-1986
staplda02,Dave Stapleton,1987-1988
stapljo01,Joe Stabell,1885-1885
stargwi01,Willie Stargell,1962-1982
stark02,Starks,1937-1937
starkco01,Con Starkel,1906-1906
starkde01,Denny Stark,1999-2009
starkdo01,Dolly Stark,1909-1912
starkji01,Jim Starks,1927-1946
starkma01,Matt Stark,1987-1990
starkot01,Otis Starks,1921-1935
starlbu01,Bubba Starling,2019-2020
starnge01,George Starnagle,1902-1902
starrbi01,William Starr,1935-1936
starrch01,Charlie Starr,1905-1909
starrdi01,Dick Starr,1947-1951
starrhe01,Herm Starrette,1963-1965
starrra01,Ray Starr,1932-1945
startjo01,Joe Start,1871-1886
stashco01,Cody Stashak,2019-2022
stassbr01,Brock Stassi,2017-2017
stassma01,Max Stassi,2013-2022
statoda01,Dave Staton,1993-1994
statojo01,Joe Staton,1972-1973
statzji01,Arnold Statz,1919-1928
staubru01,Rusty Staub,1963-1985
staufed01,Ed Stauffer,1923-1925
staufti01,Tim Stauffer,2005-2015
staumjo01,Josh Staumont,2019-2024
stavini01,Nick Stavinoha,2008-2010
stearbi01,Bill Stearns,1871-1875
stearec01,Dan Stearns,1880-1889
stearjo01,John Stearns,1974-1984
steartu99,Turkey Stearnes,1923-1940
stechch01,William Stecher,1890-1890
stechge01,Gene Stechschulte,2000-2002
steckdr01,Drew Steckenrider,2017-2022
stedrjo01,John Stedronsky,1879-1879
steelbi01,Bill Steele,1910-1914
steelbo01,Bob Steele,1916-1919
steeled01,Ed Steele,1942-1948
steelel01,Elmer Steele,1907-1911
steelfa01,Farmer Steelman,1899-1902
steelji01,James Steels,1987-1989
steelju01,Justin Steele,2021-2025
steenbi01,Bill Steen,1912-1915
steenke01,Kennie Steenstra,1998-1998
steenmi01,Milt Steengrafe,1924-1926
steerge01,Gene Steere,1894-1894
steersp01,Spencer Steer,2022-2025
steevmo01,Morrie Steevens,1962-1965
stefami01,Michael Stefanic,2022-2024
stefejo01,John Stefero,1983-1987
stegmda01,Dave Stegman,1978-1984
steinbe01,Ben Steiner,1945-1947
steinbi01,Bill Steinecke,1931-1931
steinbi02,Bill Stein,1972-1985
steinbl01,Blake Stein,1998-2002
steined01,Ed Stein,1890-1898
steinge01,Gene Steinbrenner,1912-1912
steinha01,Harry Steinfeldt,1898-1911
steinha02,Hank Steinbacher,1937-1939
steinir01,Irv Stein,1932-1932
steinju01,Justin Stein,1938-1938
steinra01,Ray Steineder,1923-1924
steinra02,Randy Stein,1978-1982
steinre01,Red Steiner,1945-1945
steinte01,Terry Steinbach,1986-1999
steirri01,Rick Steirer,1982-1984
stellbi01,Bill Stellberger,1885-1885
stellbi02,Bill Stellbauer,1916-1916
stelmri01,Rick Stelmaszek,1971-1974
stembje01,Jeff Stember,1980-1980
stemfr01,Fred Stem,1908-1909
stemlst01,Steve Stemle,2005-2006
stemmbi01,Bill Stemmyer,1885-1888
stengca01,Casey Stengel,1912-1925
stenhda01,Dave Stenhouse,1962-1964
stenhmi01,Mike Stenhouse,1982-1986
stennre01,Rennie Stennett,1971-1981
stensde01,Dernell Stenson,2003-2003
stenzja01,Jake Stenzel,1890-1899
stephal01,Albert Stephens,1948-1948
stephbe01,Ben Stephens,1892-1894
stephbo01,Bob Stephenson,1955-1955
stephbr01,Bryan Stephens,1947-1948
stephbu01,Buzz Stephen,1968-1968
stephcl01,Clarence Stephens,1886-1891
stephdu01,Reuben Stephenson,1892-1892
stephea01,Earl Stephenson,1971-1978
stephfr01,John Stephens,1921-1921
stephga01,Garrett Stephenson,1996-2003
stephge01,Gene Stephens,1952-1964
stephja01,Jackson Stephens,2017-2024
stephja02,Jake Stephens,1923-1937
stephje01,Jerry Stephenson,1963-1970
stephji01,Jim Stephens,1907-1912
stephjo01,Joe Stephenson,1943-1947
stephjo02,John Stephenson,1964-1973
stephjo03,John Stephens,2002-2002
stephph01,Phil Stephenson,1989-1992
stephra01,Ray Stephens,1990-1992
stephri01,Riggs Stephenson,1921-1934
stephro01,Robert Stephenson,2016-2023
stephtr01,Trevor Stephan,2021-2023
stephty01,Tyler Stephenson,2020-2024
stephve01,Vern Stephens,1941-1955
stephwa01,Walter Stephenson,1935-1937
sterljo01,John Sterling,1890-1890
sterlra01,Randy Sterling,1974-1974
sternad01,Adam Stern,2005-2010
sternju01,Justin Sterner,2024-2025
sterrdu01,Charles Sterrett,1912-1913
stettmi01,Mitch Stetter,2007-2011
stevean01,Andrew Stevenson,2017-2023
stevebo01,Bobby Stevens,1931-1931
steveca01,Cal Stevenson,2022-2024
stevech01,Chuck Stevens,1941-1948
steveda01,Dave Stevens,1994-2000
steveed01,Ed Stevens,1945-1950
stevefr01,Frank Stevens,1923-1929
steveje01,Jeff Stevens,2009-2011
steveji01,Jim Stevens,1914-1914
stevele01,Lee Stevens,1990-2002
steven01,N. Stevens,1927-1929
stever_01,R C Stevens,1958-1961
stevero01,Robert Stevens,1875-1875
steveto01,Todd Steverson,1995-1996
stevewi01,Willie Stevenson,1940-1943
stewa03,Stewart,1920-1940
stewaac01,Ace Stewart,1895-1895
stewaan01,Andy Stewart,1997-1997
stewaar01,Archie Stewart,1923-1923
stewabi01,Bill Stewart,1955-1955
stewabr01,Brock Stewart,2016-2024
stewabu01,Bud Stewart,1941-1954
stewabu02,Bunky Stewart,1952-1956
stewach01,Chris Stewart,2006-2018
stewach02,Christin Stewart,2018-2020
stewada01,Dave Stewart,1978-1995
stewadj01,DJ Stewart,2018-2024
stewafr01,Frank Stewart,1927-1927
stewafr02,Frank Stewart,1936-1936
stewagl01,Glen Stewart,1940-1944
stewaia01,Ian Stewart,2007-2014
stewaji01,Jimmy Stewart,1963-1973
stewajo01,Joe Stewart,1904-1904
stewajo02,Josh Stewart,2003-2004
stewako01,Kohl Stewart,2018-2021
stewale01,Lefty Stewart,1921-1935
stewale02,Leon Stewart,1936-1940
stewama01,Mark Stewart,1913-1913
stewama02,Mack Stewart,1944-1945
stewama03,Manuel Stewart,1946-1946
stewane01,Neb Stewart,1940-1940
stewaos01,Ossie Stewart,1943-1943
stewari01,Riley Stewart,1946-1948
stewasa01,Sammy Stewart,1978-1987
stewasc01,Scott Stewart,2001-2004
stewash01,Shannon Stewart,1995-2008
stewast01,Stuffy Stewart,1916-1929
stewatu01,Tuffy Stewart,1913-1914
stewaza01,Zach Stewart,2011-2012
stidhph01,Phil Stidham,1994-1994
stiebda01,Dave Stieb,1979-1998
stielfr01,Fred Stiely,1929-1931
stievjo01,Jonathan Stiever,2020-2021
stigmdi01,Dick Stigman,1960-1966
stile02,Stiles,1937-1937
stilero01,Rollie Stiles,1930-1933
stillku01,Kurt Stillwell,1986-1996
stillro01,Ron Stillwell,1961-1962
stillro02,Royle Stillman,1975-1977
stimacr01,Craig Stimac,1980-1981
stimmar01,Archie Stimmel,1900-1902
stimsca01,Carl Stimson,1923-1923
stineha01,William Stein,1890-1890
stinele01,Lee Stine,1934-1938
stinnke01,Kelly Stinnett,1994-2007
stins02,Stinson,1932-1932
stinsbo01,Bob Stinson,1969-1980
stinsjo01,Josh Stinson,2011-2014
stirega01,Gat Stires,1871-1871
stirnsn01,Snuffy Stirnweiss,1943-1952
stitema01,Matt Stites,2014-2015
stiveja01,Jack Stivetts,1889-1899
stjohlo01,Locke St. John,2019-2022
stobbch01,Chuck Stobbs,1947-1961
stockke01,Kevin Stocker,1993-2000
stockle01,Len Stockwell,1879-1890
stockme01,Mel Stocker,2007-2007
stockmi01,Milt Stock,1913-1926
stockot01,Otis Stocksdale,1893-1896
stockph01,Phil Stockman,2006-2008
stockro01,Robert Stock,2018-2025
stockte01,Ted Stockard,1927-1931
stockwe01,Wes Stock,1959-1967
stodd01,Stoddard,1875-1875
stoddbo01,Bob Stoddard,1981-1987
stoddti01,Tim Stoddard,1975-1989
stokeal01,Al Stokes,1925-1926
stokear01,Art Stokes,1925-1925
stokebr01,Brian Stokes,2006-2010
stoketr01,Troy Stokes Jr.,2021-2021
stonear01,Arnie Stone,1923-1924
stonebi01,Bill Stoneman,1967-1974
stonede01,Dean Stone,1953-1963
stonedi01,Dick Stone,1945-1945
stonedw01,Dwight Stone,1913-1914
stoneed01,Ed Stone,1934-1946
stonega01,Gavin Stone,2023-2024
stonege01,George Stone,1903-1910
stonege02,George Stone,1967-1975
stonege03,Gene Stone,1969-1969
stoneje01,Jeff Stone,1983-1990
stonejo01,John Stone,1928-1938
stonejo02,John Stoneham,1933-1933
stoneli01,Lil Stoner,1922-1931
stoneri01,Ricky Stone,2001-2007
stonero01,Rocky Stone,1943-1943
stonero02,Ron Stone,1966-1972
stonest01,Steve Stone,1971-1981
stoneti01,Tige Stone,1923-1923
stoneto01,Tobi Stoner,2009-2010
stoopji01,Jim Stoops,1998-1998
storedr01,Drew Storen,2010-2017
storemi01,Mickey Storey,2012-2013
storiho01,Howie Storie,1931-1932
storkal01,Alan Storke,1906-1909
stortli01,Lin Storti,1930-1933
storytr01,Trevor Story,2016-2025
stottbr01,Bryson Stott,2022-2025
stottme01,Mel Stottlemyre,1964-1974
stottme02,Mel Stottlemyre,1990-1990
stottto01,Todd Stottlemyre,1988-2002
stoucto01,Tom Stouch,1898-1898
stoudle01,Levi Stoudt,2023-2023
stoutal01,Allyn Stout,1931-1943
stouter01,Eric Stout,2018-2022
stova02,Stovall,1924-1924
stovada01,DaRond Stovall,1998-1998
stovage01,George Stovall,1904-1915
stovaje01,Jesse Stovall,1903-1904
stoveha01,Harry Stovey,1880-1893
stovira01,Ray Stoviak,1938-1938
stowech01,Chris Stowers,1999-1999
stoweha01,Hal Stowe,1960-1960
stoweky01,Kyle Stowers,2022-2025
stpiema01,Max St. Pierre,2010-2010
strahdi01,Dick Strahs,1954-1954
strahma01,Matt Strahm,2016-2025
strahmi01,Mike Strahler,1970-1973
straida01,Dan Straily,2012-2019
straijo01,Joe Strain,1979-1981
strakle01,Les Straker,1987-1988
strambo01,Bob Strampe,1972-1972
stranal01,Alan Strange,1934-1942
strando01,Doug Strange,1989-1998
stranla01,Larry Strands,1915-1915
stranpa01,Paul Strand,1913-1924
stranpa02,Pat Strange,2002-2003
stransa01,Sammy Strang,1896-1908
strasst01,Stephen Strasburg,2010-2022
stratas01,Asa Stratton,1881-1881
stratch01,Chris Stratton,2016-2025
strated01,Ed Stratton,1873-1873
stratfe01,Felton Stratton,1923-1933
strathu01,Hunter Stratton,2023-2024
stratmo01,Monty Stratton,1934-1938
stratsc01,Scott Stratton,1888-1895
straujo01,Joe Straub,1880-1883
straujo02,Joe Strauss,1884-1886
straury01,Ryan Strausborger,2015-2015
strawda01,Darryl Strawberry,1983-1999
strawmy01,Myles Straw,2018-2025
streega01,Gabby Street,1904-1931
streehu01,Huston Street,2005-2017
streesa01,Sam Streeter,1921-1936
streios01,Oscar Streit,1899-1902
streled01,Ed Strelecki,1928-1931
stremph01,Phil Stremmel,1909-1910
streuwa01,Walt Streuli,1954-1956
stricbi01,Bill Strickland,1937-1937
striccu01,Cub Stricker,1882-1893
stricel01,Elmer Stricklett,1904-1907
stricge01,George Strickland,1950-1960
striche01,Henry Strickland,1924-1924
strichu01,Hunter Strickland,2014-2024
stricji01,Jim Strickland,1971-1975
stricjo01,Charles Strick,1882-1882
stricsc02,Scott Strickland,1999-2010
stridsp01,Spencer Strider,2021-2025
striege01,George Strief,1879-1885
strikja01,Jake Striker,1959-1960
strikjo01,John Strike,1886-1886
strinlo01,Lou Stringer,1941-1950
strinni01,Nick Strincevich,1940-1948
stripjo01,Joe Stripp,1928-1938
stripro01,Ross Stripling,2016-2024
stritma01,Mark Strittmatter,1998-1998
strobal01,Allie Strobel,1905-1906
strohjo01,John Strohmayer,1970-1974
strombr01,Brent Strom,1972-1977
stromfl01,Floyd Stromme,1939-1939
stromma01,Marcus Stroman,2014-2025
stronja01,Jamal Strong,2003-2005
stronji01,Jim Stroner,1929-1929
stronjo01,Joe Strong,2000-2001
stronjo02,Joe Strong,1922-1937
stronte01,Ted Strong,1937-1948
stroppe01,Pedro Strop,2009-2021
stroued01,Ed Stroud,1966-1971
strousa01,Ralph Stroud,1910-1916
stroust01,Steve Stroughter,1982-1982
strunam01,Amos Strunk,1908-1924
strusst01,Clarence Struss,1934-1934
struval01,Al Strueve,1884-1884
strykdu01,Sterling Stryker,1924-1926
strzepe01,Peter Strzelecki,2022-2024
stthola01,Larry St. Thomas,1943-1947
sttuemi01,Michael Stutes,2011-2013
stuarbi01,Bill Stuart,1895-1899
stuardi01,Dick Stuart,1958-1969
stuarjo01,Johnny Stuart,1922-1925
stuarlu01,Luke Stuart,1921-1921
stuarma01,Marlin Stuart,1949-1954
stubbdr01,Drew Stubbs,2009-2017
stubbfr01,Franklin Stubbs,1984-1995
stubbga01,Garrett Stubbs,2019-2024
stubimo01,Moose Stubing,1967-1967
studlse01,Sy Studley,1872-1872
stuelge01,George Stueland,1921-1925
stuffpa01,Paul Stuffel,1950-1953
stullev01,Everett Stull,1997-2002
stulter01,Eric Stults,2006-2015
stultge01,George Stultz,1894-1894
stumpbi01,Bill Stumpf,1912-1913
stumpda01,Daniel Stumpf,2016-2019
stumpge01,George Stumpf,1931-1936
stumpji01,Jim Stump,1957-1959
stupejo01,John Stuper,1982-1985
sturdgu01,Guy Sturdy,1927-1928
sturdto01,Tom Sturdivant,1955-1964
sturdty01,Tyler Sturdevant,2016-2016
sturgbo01,Bobby Sturgeon,1940-1948
sturgde01,Dean Sturgis,1914-1914
sturmjo01,Johnny Sturm,1941-1941
sturtta01,Tanyon Sturtze,1995-2008
stutzge01,George Stutz,1926-1926
stylele01,Lena Styles,1919-1931
stynech01,Chris Stynes,1995-2004
stynene01,Neil Stynes,1890-1890
suareal01,Albert Suárez,2016-2025
suarean01,Andrew Suárez,2018-2023
suareeu01,Eugenio Suárez,2014-2025
suarejo01,José Suarez,2019-2025
suarejo02,José Suárez,1921-1921
suareke01,Ken Suarez,1966-1973
suarelu01,Luis Suárez,1944-1944
suarera01,Ranger Suárez,2018-2024
suarero01,Robert Suarez,2022-2025
suchdi01,Dick Such,1970-1970
suchech01,Charley Suche,1938-1938
sucheji01,Jim Suchecki,1950-1952
suckto01,Tony Suck,1883-1884
sucreje01,Jesús Sucre,2013-2019
sudakbi01,Bill Sudakis,1968-1975
suderpe01,Pete Suder,1941-1955
sudhowi01,Willie Sudhoff,1897-1906
suerowa01,Wander Suero,2018-2024
suerowi01,William Suero,1992-1993
suganto01,Tomoyuki Sugano,2025-2025
sugdejo01,Joe Sugden,1893-1912
suggsge01,George Suggs,1908-1915
suhrgu01,Gus Suhr,1930-1940
sukefcl01,Clyde Sukeforth,1926-1945
suklaed01,Ed Sukla,1964-1966
sulargu01,Guy Sularz,1980-1983
suliker01,Ernie Sulik,1936-1936
sulli01,Sullivan,1875-1875
sulli08,Sullivan,1937-1937
sullian01,Andy Sullivan,1904-1904
sullibi01,Bill Sullivan,1878-1878
sullibi02,Bill Sullivan,1890-1890
sullibi03,Billy Sullivan,1899-1916
sullibi04,Billy Sullivan,1931-1947
sullibr01,Brett Sullivan,2023-2024
sullich01,Chub Sullivan,1877-1880
sullich02,Charlie Sullivan,1928-1931
sullico01,Cory Sullivan,2005-2010
sullida01,Dan Sullivan,1882-1886
sullide01,Denny Sullivan,1879-1880
sullide02,Denny Sullivan,1905-1909
sullifl01,Fleury Sullivan,1884-1884
sullifr01,Frank Sullivan,1953-1963
sulliha01,Harry Sullivan,1909-1909
sulliha02,Haywood Sullivan,1955-1963
sullija01,Jackie Sullivan,1944-1944
sulliji01,Jim Sullivan,1891-1898
sulliji02,Jim Sullivan,1921-1923
sullijo01,Joe Sullivan,1893-1896
sullijo02,John Sullivan,1905-1908
sullijo03,John Sullivan,1919-1919
sullijo04,John Sullivan,1920-1921
sullijo05,Joe Sullivan,1935-1941
sullijo06,John Sullivan,1942-1949
sullijo07,John Sullivan,1963-1968
sullile01,Lefty Sullivan,1939-1939
sullima01,Marty Sullivan,1887-1891
sullima02,Marc Sullivan,1982-1987
sullimi01,Mike Sullivan,1888-1888
sullimi02,Mike Sullivan,1889-1899
sullipa01,Pat Sullivan,1884-1884
sulliru01,Russ Sullivan,1951-1953
sullisc01,Scott Sullivan,1995-2004
sullisl01,Sleeper Sullivan,1881-1884
sullisu01,Suter Sullivan,1898-1899
sullite01,Ted Sullivan,1884-1884
sullito01,Tom Sullivan,1884-1889
sullito02,Tom Sullivan,1922-1922
sullito03,Tom Sullivan,1925-1925
sulliwi01,William Sullivan,1884-1884
sulsebe01,Beau Sulser,2022-2022
sulseco01,Cole Sulser,2019-2025
summaho01,Homer Summa,1920-1930
summech01,Champ Summers,1974-1984
summeed01,Ed Summers,1908-1912
summeki01,Kid Summers,1893-1893
summelo01,Lonnie Summers,1938-1938
summeta01,Tack Summers,1923-1928
sumneca01,Carl Sumner,1928-1928
sumrawi01,William Sumrall,1938-1940
sundaar01,Art Sunday,1890-1890
sundabi01,Billy Sunday,1883-1890
sundbji01,Jim Sundberg,1974-1989
sundigo01,Gordie Sundin,1956-1956
sundrst01,Steve Sundra,1936-1946
sunkepe01,Pete Sunkett,1943-1945
sunketo01,Tom Sunkel,1937-1944
suppaje01,Jeff Suppan,1995-2012
surhori01,Rich Surhoff,1985-1985
surkaer01,Eric Surkamp,2011-2016
surkoma01,Max Surkont,1949-1957
susacan01,Andrew Susac,2014-2020
suscege01,George Susce,1929-1944
suscege02,George Susce,1955-1959
susdost01,Steve Susdorf,2013-2013
suskope01,Pete Susko,1934-1934
sutclbu01,Butch Sutcliffe,1938-1938
sutclri01,Rick Sutcliffe,1976-1994
sutclsy01,Elmer Sutcliffe,1884-1892
suterbr01,Brent Suter,2016-2025
suterha01,Harry Suter,1909-1909
sutheda01,Darrell Sutherland,1964-1968
suthedi01,Dizzy Sutherland,1949-1949
suthega01,Gary Sutherland,1966-1978
suthele01,Leo Sutherland,1980-1981
suthesu01,Suds Sutherland,1921-1921
sutkogl01,Glenn Sutko,1990-1991
suttebr01,Bruce Sutter,1976-1988
sutthja01,Jack Sutthoff,1898-1905
suttlmu99,Mule Suttles,1924-1944
suttodo01,Don Sutton,1966-1988
suttodr01,Drew Sutton,2009-2012
suttoez01,Ezra Sutton,1871-1888
suttojo01,John Sutton,1977-1978
suttola01,Larry Sutton,1997-2004
suttole01,Leroy Sutton,1940-1945
suwinja01,Jack Suwinski,2022-2025
suzukic01,Ichiro Suzuki,2001-2019
suzukku01,Kurt Suzuki,2007-2022
suzukma01,Mac Suzuki,1996-2002
suzukse01,Seiya Suzuki,2022-2025
svansma01,Matt Svanson,2025-2025
sveumda01,Dale Sveum,1986-1999
swababi01,Bill Swarback,1887-1887
swaciha01,Harry Swacina,1907-1915
swaggbi01,Bill Swaggerty,1983-1986
swaggtr01,Travis Swaggerty,2022-2022
swaimcy01,Cy Swaim,1897-1898
swan02,Swan,1933-1933
swanan01,Andy Swan,1884-1884
swancno01,Nolan Swancy,1924-1924
swancr01,Craig Swan,1973-1984
swandma01,Marty Swandell,1872-1873
swandpi01,Pinky Swander,1903-1904
swandu01,Harry Swan,1914-1914
swannpe01,Pedro Swann,2000-2003
swanru01,Russ Swan,1989-1994
swansbi01,Bill Swanson,1914-1914
swansda01,Dansby Swanson,2016-2025
swanser01,Erik Swanson,2019-2024
swansev01,Evar Swanson,1929-1934
swanska01,Karl Swanson,1928-1929
swansre01,Red Swanson,1955-1957
swansst01,Stan Swanson,1971-1971
swarmma01,Matt Swarmer,2022-2022
swartbu01,Bud Swartz,1947-1947
swartda01,Dave Swartzbaugh,1995-1997
swarted01,Ed Swartwood,1881-1892
swartmo01,Monty Swartz,1920-1920
swartpa01,Park Swartzel,1889-1889
swarzan01,Anthony Swarzak,2009-2021
sweasch01,Charlie Sweasy,1871-1878
sweatge01,George Sweatt,1922-1927
sweenbi01,Bill Sweeney,1882-1884
sweenbi02,Bill Sweeney,1907-1914
sweenbi03,Bill Sweeney,1928-1931
sweenbr01,Brian Sweeney,2003-2010
sweenbu01,Buck Sweeney,1914-1914
sweench01,Charlie Sweeney,1882-1887
sweenda01,Dan Sweeney,1895-1895
sweenda02,Darnell Sweeney,2015-2018
sweenha01,Harry Sweeney,1944-1944
sweenje01,Jerry Sweeney,1884-1884
sweenje02,Ed Sweeney,1908-1919
sweenma01,Mark Sweeney,1995-2008
sweenmi01,Mike Sweeney,1995-2010
sweenpe01,Pete Sweeney,1888-1890
sweenro01,Rooney Sweeney,1883-1885
sweenry01,Ryan Sweeney,2006-2014
sweentr01,Trey Sweeney,2024-2025
sweetde01,Devin Sweet,2023-2023
sweetle01,Les Sweetland,1927-1931
sweetri01,Rick Sweet,1978-1983
sweigha01,Sweigert,1890-1890
swentau01,Augie Swentor,1922-1922
swetost01,Steve Swetonic,1929-1935
swettpo01,Pop Swett,1890-1890
swiftbi01,Bill Swift,1932-1943
swiftbi02,Bill Swift,1985-1998
swiftbo01,Bob Swift,1940-1953
swigaoa01,Oad Swigart,1939-1940
swiglad01,Ad Swigler,1917-1917
swihabl01,Blake Swihart,2015-2019
swindch01,Charlie Swindells,1904-1904
swindgr01,Greg Swindell,1986-2002
swindjo01,Josh Swindell,1911-1913
swindrj01,R.J. Swindle,2008-2009
swingpa01,Paul Swingle,1993-1993
swishni01,Nick Swisher,2004-2015
swishst01,Steve Swisher,1974-1982
switzjo01,Jon Switzer,2003-2009
swoboro01,Ron Swoboda,1965-1973
swormle01,Len Swormstedt,1901-1906
sydnodo01,Doug Sydnor,1943-1944
sykesbo01,Bob Sykes,1977-1981
sykesdo01,Doc Sykes,1923-1924
sykesme01,Melvin Sykes,1926-1926
sylvelo01,Lou Sylvester,1884-1887
syndeno01,Noah Syndergaard,2015-2023
szaputh01,Thomas Szapucki,2021-2022
szczuma01,Matt Szczur,2014-2018
szekejo01,Joe Szekely,1953-1953
szotkke01,Ken Szotkiewicz,1970-1970
szumija01,Jason Szuminski,2004-2004
