player_id,name,years
wachami01,Michael Wacha,2013-2025
wachtpa01,Paul Wachtel,1917-1917
wackech01,Jimmy Wacker,1909-1909
wadats01,Tsuyoshi Wada,2014-2015
waddebr01,Brandon Waddell,2020-2021
waddefr01,Frank Waddey,1931-1931
waddeja01,Jason Waddell,2009-2009
wadderu01,Rube Waddell,1897-1910
waddeto01,Tom Waddell,1984-1987
waddyew01,Ewing Waddy,1932-1933
wadebe01,Ben Wade,1948-1955
wadeco01,Cory Wade,2008-2012
wadega01,Gale Wade,1955-1956
wadeha01,Ham Wade,1907-1907
wadeja01,Jake Wade,1936-1946
wadeko01,Konner Wade,2021-2021
wadela01,LaMonte Wade Jr.,2019-2025
waderi01,Rip Wade,1923-1923
wadete01,Terrell Wade,1995-1998
wadety01,Tyler Wade,2017-2025
wadswja01,Jack Wadsworth,1890-1895
waechdo01,Doug Waechter,2003-2009
wagamer01,Eric Wagaman,2024-2025
wagenwo01,Woody Wagenhorst,1888-1888
wagnebi01,Bill Wagner,1914-1918
wagnebi02,Billy Wagner,1995-2010
wagnebu01,Butts Wagner,1898-1898
wagnebu02,Bull Wagner,1913-1914
wagnech01,Charlie Wagner,1938-1946
wagnega01,Gary Wagner,1965-1970
wagneha01,Hal Wagner,1937-1949
wagnehe01,Heinie Wagner,1902-1918
wagnehe02,Héctor Wagner,1990-1991
wagneho01,Honus Wagner,1897-1917
wagnejo01,Joe Wagner,1915-1915
wagnele01,Leon Wagner,1958-1969
wagnema01,Mark Wagner,1976-1984
wagnema02,Matt Wagner,1996-1996
wagnene01,Neil Wagner,2011-2014
wagnepa01,Paul Wagner,1992-1999
wagnery01,Ryan Wagner,2003-2007
wagnety01,Tyler Wagner,2015-2016
wagnewi01,Will Wagner,2024-2025
wagueja01,Jacob Waguespack,2019-2024
wahlbo01,Bobby Wahl,2017-2020
wahlke01,Kermit Wahl,1944-1951
wainhda01,Dave Wainhouse,1991-2000
wainwad01,Adam Wainwright,2005-2023
waitear01,Arnold Waites,1935-1937
waiteco01,Cole Waites,2022-2023
waitked01,Eddie Waitkus,1941-1955
waitsri01,Rick Waits,1973-1985
waittch01,Charlie Waitt,1875-1883
wakamdo01,Don Wakamatsu,1991-1991
wakefbi01,Bill Wakefield,1964-1964
wakefdi01,Dick Wakefield,1941-1952
wakefho01,Howard Wakefield,1905-1907
wakefti01,Tim Wakefield,1992-2011
wakelch01,Chris Wakeland,2001-2001
walbema01,Matt Walbeck,1993-2003
walberu01,Rube Walberg,1923-1937
walczed01,Ed Walczak,1945-1945
waldbdo01,Doc Waldbauer,1917-1917
waldefr01,Fred Walden,1912-1912
waldege01,George Walden,1948-1948
waldejo01,Jordan Walden,2010-2015
waldema01,Marcus Walden,2018-2020
waldike01,Ken Waldichuk,2022-2023
waldimi01,Mitch Walding,2018-2019
waldool01,Ollie Waldon,1944-1944
waldrhu01,Hurston Waldrep,2024-2024
waldrir01,Irv Waldron,1901-1901
waldrky01,Kyle Waldrop,2011-2012
waldrky02,Kyle Waldrop,2015-2016
waldrma01,Matt Waldron,2023-2024
walewji01,Jim Walewander,1987-1993
walkbo01,Bob Walk,1980-1993
walke05,Walker,1937-1937
walke06,Walker,1947-1947
walkead01,Admiral Walker,1923-1927
walkeal01,Albert Walker,1940-1940
walkebi01,Bill Walker,1927-1936
walkeca01,Casey Walker,1937-1937
walkech01,Chico Walker,1980-1993
walkech02,Christian Walker,2014-2025
walkecu01,Curt Walker,1919-1930
walkedi01,Dixie Walker,1909-1912
walkedi02,Dixie Walker,1931-1949
walkedu01,Duane Walker,1982-1988
walkeed01,Ed Walker,1902-1903
walkeed02,Edsall Walker,1936-1945
walkeer01,Ernie Walker,1913-1915
walkefl01,Fleet Walker,1884-1884
walkefr01,Frank Walker,1917-1925
walkege01,George Walker,1888-1888
walkege02,Gee Walker,1931-1945
walkege03,George Walker,1937-1943
walkegr01,Greg Walker,1982-1990
walkeha01,Harry Walker,1940-1955
walkeho01,Hoss Walker,1929-1948
walkehu01,Hub Walker,1931-1945
walkeja01,Jamie Walker,1997-2009
walkeje01,Jerry Walker,1957-1964
walkeje02,Jeremy Walker,2019-2019
walkejo01,Johnny Walker,1919-1921
walkejo02,Jordan Walker,2023-2025
walkejo03,Josh Walker,2023-2024
walkeke02,Kevin Walker,2000-2005
walkela01,Larry Walker,1989-2005
walkelu01,Luke Walker,1965-1974
walkema01,Marty Walker,1928-1928
walkemi01,Mike Walker,1988-1996
walkemi02,Mike Walker,1992-1992
walkemy01,Mysterious Walker,1910-1915
walkene01,Neil Walker,2009-2020
walkeos01,Oscar Walker,1875-1885
walkepe01,Pete Walker,1995-2006
walkero01,Roy Walker,1912-1922
walkert01,R.T. Walker,1943-1948
walkeru01,Rube Walker,1948-1958
walkery01,Ryan Walker,2023-2025
walkesh01,Shorty Walker,1932-1932
walkesp01,Speed Walker,1923-1923
walkest01,Steele Walker,2022-2022
walketa01,Taijuan Walker,2013-2025
walketi01,Tillie Walker,1911-1923
walketo01,Tom Walker,1902-1905
walketo02,Tom Walker,1972-1977
walketo03,Tony Walker,1986-1986
walketo04,Todd Walker,1996-2007
walketo05,Tony Walker,1944-1945
walketo06,Tom Walker,1945-1945
walkety01,Tyler Walker,2002-2010
walkewa01,Walt Walker,1884-1884
walkewe01,Welday Walker,1884-1884
walkewi01,William Walker,1937-1937
walkuji01,Jim Walkup,1927-1927
walkuji02,Jim Walkup,1934-1939
wallabo01,Bobby Wallace,1894-1918
wallabo02,Bo Wallace,1948-1948
wallabr01,Brett Wallace,2010-2016
wallach01,Chad Wallach,2017-2023
wallada01,Dave Wallace,1973-1978
wallade01,Derek Wallace,1996-1999
walladi01,Dick Wallace,1920-1921
wallado01,Doc Wallace,1919-1919
wallado02,Don Wallace,1967-1967
wallahu01,Huck Wallace,1912-1912
wallaja01,Jack Wallace,1915-1915
wallaja02,Jack Wallaesa,1940-1948
wallaja03,Jack Wallace,1926-1931
wallaje01,Jeff Wallace,1997-2001
wallaji01,Jim Wallace,1905-1905
wallale01,Lefty Wallace,1942-1946
wallami01,Mike Wallace,1973-1977
wallati01,Tim Wallach,1980-1996
walldo01,Donne Wall,1995-2002
walled01,Eddie Wall,1926-1926
walleno01,Norm Wallen,1945-1945
wallere01,Red Waller,1909-1909
wallety01,Ty Waller,1980-1987
wallfo01,Forrest Wall,2023-2024
wallho01,Howard Wall,1873-1873
wallide01,Denny Walling,1975-1992
wallijo01,Joe Wallis,1975-1979
walljo01,Joe Wall,1901-1902
walljo02,Josh Wall,2012-2014
wallmu01,Murray Wall,1950-1959
wallnma01,Matt Wallner,2022-2025
walls02,Walls,1944-1944
wallsle01,Lee Walls,1952-1964
wallst01,Stan Wall,1975-1977
wallsta01,Taylor Walls,2021-2025
walrole01,Les Walrond,2003-2008
walshau01,Austin Walsh,1914-1914
walshau02,Augie Walsh,1927-1928
walshco01,Connie Walsh,1907-1907
walshco02,Colin Walsh,2016-2016
walshda01,Dave Walsh,1990-1990
walshde01,Dee Walsh,1913-1915
walshed01,Ed Walsh,1904-1917
walshed02,Ed Walsh,1928-1932
walshja01,Jared Walsh,2019-2024
walshja02,Jake Walsh,2022-2022
walshji01,Jimmy Walsh,1910-1915
walshji02,Jimmy Walsh,1912-1917
walshji03,Jim Walsh,1921-1921
walshjo01,Joe Walsh,1891-1891
walshjo02,John Walsh,1903-1903
walshjo03,Joe Walsh,1910-1911
walshjo04,Joe Walsh,1938-1938
walshju01,Junior Walsh,1946-1951
walshto01,Tom Walsh,1906-1906
walshwa01,Walt Walsh,1920-1920
walstbl01,Blake Walston,2024-2024
waltean01,Andrew Walters,2024-2024
waltebe01,Bernie Walter,1930-1930
waltebr01,Brandon Walter,2023-2023
waltebu01,Bucky Walters,1931-1950
waltech01,Charlie Walters,1969-1969
waltecl01,Clarence Walters,1923-1923
walteda01,Dan Walters,1992-1993
waltefr01,Fred Walters,1945-1945
waltege01,Gene Walter,1985-1988
walteke01,Ken Walters,1960-1963
waltemi01,Mike Walters,1983-1984
waltena01,Nash Walters,2022-2022
waltepj01,P.J. Walters,2009-2013
waltero01,Roxy Walters,1915-1925
walteza01,Zach Walters,2013-2016
waltobr01,Bruce Walton,1991-1994
waltoda01,Danny Walton,1968-1980
waltodo01,Donovan Walton,2019-2024
waltofu01,Fuzzy Walton,1938-1938
waltoje01,Jerome Walton,1989-1998
waltore01,Reggie Walton,1980-1982
wambsbi01,Bill Wambsganss,1914-1926
wanerll01,Lloyd Waner,1927-1945
wanerpa01,Paul Waner,1926-1945
wangch01,Chien-Ming Wang,2005-2016
wangwe01,Wei-Chung Wang,2014-2019
wanneja01,Jack Wanner,1909-1909
wannipe01,Paul Wanninger,1925-1927
wantzan01,Andrew Wantz,2021-2024
wantzdi01,Dick Wantz,1965-1965
wapnist01,Steve Wapnick,1990-1991
ward01,Ward,1883-1883
wardaa01,Aaron Ward,1917-1928
wardbr01,Bryan Ward,1998-2000
wardch01,Chuck Ward,1917-1922
wardch02,Chris Ward,1972-1974
wardco01,Colin Ward,1985-1985
wardco02,Colby Ward,1990-1990
wardda01,Daryle Ward,1998-2008
warddi01,Dick Ward,1934-1935
warddu01,Duane Ward,1986-1995
wardejo01,Jon Warden,1968-1968
wardga01,Gary Ward,1979-1990
wardha01,Hap Ward,1912-1912
wardja01,Jay Ward,1963-1970
wardji01,Jim Ward,1876-1876
wardjo01,John Ward,1878-1894
wardjo02,John Ward,1884-1884
wardjo03,John Ward,1885-1885
wardjo04,Joe Ward,1906-1910
wardke01,Kevin Ward,1991-1992
wardlcu01,Curt Wardle,1984-1985
wardpe01,Pete Ward,1962-1970
wardpi01,Piggy Ward,1889-1894
wardpi02,Pinky Ward,1924-1932
wardpr01,Preston Ward,1948-1959
wardru01,Rube Ward,1902-1902
wardta01,Taylor Ward,2018-2025
wardth01,Thaddeus Ward,2023-2023
wardtu01,Turner Ward,1990-2001
wardwi01,Willie Ward,1935-1935
warear01,Archie Ware,1941-1948
wareje01,Jeff Ware,1995-1996
warejo01,Joe Ware,1932-1935
warejo02,John Ware,1941-1941
waresbu01,Clyde Wares,1913-1914
warewi01,Willie Ware,1924-1926
warfifr01,Frank Warfield,1920-1932
warhoja01,Jack Warhop,1908-1915
warmasa01,Sam Warmack,1929-1932
warmocy01,Cy Warmoth,1916-1923
warneed01,Ed Warner,1912-1912
warnefr01,Fred Warner,1875-1884
warneho01,Hooks Warner,1916-1921
warneja01,Jack Warner,1925-1933
warneja02,Jack Warner,1962-1965
warneja03,Jackie Warner,1966-1966
warnejo01,Jack Warner,1895-1908
warnelo01,Lon Warneke,1930-1945
warnoha01,Hal Warnock,1935-1935
warre02,Warren,1921-1921
warread01,Adam Warren,2012-2019
warrear01,Art Warren,2019-2022
warreau01,Austin Warren,2021-2024
warrebe01,Bennie Warren,1939-1947
warrebi01,Bill Warren,1914-1915
warreci01,Ciscero Warren,1946-1947
warreje01,Jesse Warren,1940-1948
warremi01,Mike Warren,1983-1985
warreto01,Tommy Warren,1944-1944
warrewi01,Will Warren,2024-2025
warstra01,Rabbit Warstler,1930-1940
warthda01,Dan Warthen,1975-1978
warwibi01,Bill Warwick,1921-1926
warwica01,Carl Warwick,1961-1966
wasdeji01,Jimmy Wasdell,1937-1947
wasdijo01,John Wasdin,1995-2007
wasemli01,Link Wasem,1937-1937
washbge01,George Washburn,1941-1941
washbgr01,Greg Washburn,1969-1969
washbja01,Jarrod Washburn,1998-2009
washbli01,Libe Washburn,1902-1903
washbra01,Ray Washburn,1961-1970
washebu01,Buck Washer,1905-1905
washi02,Washington,1938-1938
washicl01,Claudell Washington,1974-1990
washida01,David Washington,2017-2017
washied01,Edgar Washington,1920-1920
washifa01,Fay Washington,1940-1945
washige01,George Washington,1935-1936
washihe01,Herb Washington,1974-1975
washija01,Jasper Washington,1922-1933
washijo01,Johnny Washington,1936-1948
washila01,LaRue Washington,1978-1979
washina01,Namon Washington,1920-1933
washipe01,Pete Washington,1924-1935
washiri01,Rico Washington,2008-2008
washiro01,Ron Washington,1977-1989
washiu_01,U L Washington,1977-1987
wasinma01,Mark Wasinger,1986-1988
waslega01,Gary Waslewski,1967-1972
wasseeh01,Ehren Wassermann,2007-2008
water03,Waters,1920-1920
waterch01,Chris Waters,2008-2009
waterdr01,Drew Waters,2022-2025
waterfr01,Fred Waterman,1871-1875
waterfr02,Fred Waters,1955-1956
waterst01,Steve Waterbury,1976-1976
waterte01,Ted Waters,1925-1928
wathadu01,Dusty Wathan,2002-2002
wathajo01,John Wathan,1976-1985
watkibi01,Bill Watkins,1884-1884
watkibo01,Bob Watkins,1969-1969
watkida01,Dave Watkins,1969-1969
watkied01,Ed Watkins,1902-1902
watkige01,George Watkins,1930-1936
watkige02,George Watkins,1946-1946
watkilo01,Logan Watkins,2013-2014
watkimu01,Murray Watkins,1941-1948
watkipa01,Pat Watkins,1997-1999
watkisc01,Scott Watkins,1995-1995
watkisp01,Spenser Watkins,2021-2023
watkist01,Steve Watkins,2004-2004
watkito01,Tommy Watkins,2007-2007
watline01,Neal Watlington,1953-1953
watsoal01,Allen Watson,1993-2000
watsoam01,Amos Watson,1945-1947
watsoar01,Art Watson,1914-1915
watsobi01,Bill Watson,1925-1925
watsobo01,Bob Watson,1966-1984
watsobr01,Brandon Watson,2005-2007
watsodo01,Doc Watson,1913-1915
watsojo01,Johnny Watson,1930-1930
watsojo02,Johnie Watson,1922-1926
watsoma02,Matt Watson,2003-2010
watsoma03,Mark Watson,2000-2003
watsomi01,Milt Watson,1916-1919
watsomo01,Walter Watson,1887-1887
watsomu01,Mule Watson,1918-1924
watsoto01,Tony Watson,2011-2021
wattal01,Allie Watt,1920-1920
watted01,Eddie Watt,1966-1975
wattfr01,Frank Watt,1931-1931
wattsch01,Charlie Watts,1924-1927
wattshe01,Herman Watts,1941-1942
watwojo01,Johnny Watwood,1929-1939
waughji01,Jim Waugh,1952-1953
waybo01,Bob Way,1927-1927
wayenfr01,Frank Wayenberg,1924-1924
waynega01,Gary Wayne,1989-1994
wayneju01,Justin Wayne,2002-2004
weafeke01,Ken Weafer,1936-1936
weathda01,David Weathers,1991-2009
weathro01,Roy Weatherly,1936-1950
weathry01,Ryan Weathers,2020-2024
weavear01,Art Weaver,1902-1908
weavebu01,Buck Weaver,1912-1920
weavedi01,Dick Weaver,1944-1944
weaveer01,Eric Weaver,1998-2000
weavefa01,Farmer Weaver,1888-1894
weavefl01,Floyd Weaver,1962-1971
weaveha01,Harry Weaver,1915-1919
weaveje01,Jeff Weaver,1999-2010
weaveje02,Jered Weaver,2006-2017
weaveji01,Jim Weaver,1928-1939
weaveji02,Jim Weaver,1967-1968
weaveji03,Jim Weaver,1985-1989
weavelu01,Luke Weaver,2016-2025
weavemo01,Monte Weaver,1931-1939
weaveor01,Orlie Weaver,1910-1911
weavero01,Roger Weaver,1980-1980
weavesa01,Sam Weaver,1875-1886
webbbi01,Bill Webb,1917-1917
webbbi02,Bill Webb,1943-1943
webbbr01,Brandon Webb,2003-2009
webbda01,Daniel Webb,2013-2016
webbea01,Earl Webb,1925-1933
webbele01,Les Webber,1942-1948
webbene01,Neil Weber,1998-1998
webbha01,Hank Webb,1972-1977
webbja01,Jacob Webb,2019-2025
webbjo01,John Webb,2004-2005
webble01,Cleon Webb,1910-1910
webblo01,Logan Webb,2019-2025
webbre01,Red Webb,1948-1949
webbry01,Ryan Webb,2009-2016
webbsk01,Skeeter Webb,1932-1948
webbty01,Tyler Webb,2017-2021
weberbe01,Ben Weber,2000-2005
weberch01,Charlie Weber,1898-1898
weberha01,Harry Weber,1884-1884
weberjo01,Joe Weber,1884-1884
weberry01,Ryan Weber,2015-2023
weberth01,Thad Weber,2012-2013
webstal01,Allen Webster,2013-2019
webstda01,Daniel Webster,1937-1937
webstle01,Lenny Webster,1989-2000
webstmi01,Mitch Webster,1983-1995
webstra01,Ray Webster,1959-1960
webstra02,Ramon Webster,1967-1971
webstwi01,William Webster,1920-1933
weckbpe01,Pete Weckbecker,1889-1890
wedgeer01,Eric Wedge,1991-1994
weedebe01,Bert Weeden,1911-1911
weekljo01,John Weekly,1962-1964
weeksje01,Jemile Weeks,2011-2016
weeksri01,Rickie Weeks,2003-2017
weemsjo01,Jordan Weems,2020-2024
wegenmi01,Mike Wegener,1969-1970
wegmabi01,Bill Wegman,1985-1995
wehdebi01,Biggs Wehde,1930-1931
wehmehe01,Herm Wehmeier,1945-1958
wehnejo01,John Wehner,1991-2001
wehrmda01,Dave Wehrmeister,1976-1985
weigepa01,Patrick Weigel,2020-2021
weigera01,Ralph Weigel,1946-1949
weihepo01,Podge Weihe,1883-1884
weikdi01,Dick Weik,1948-1954
weilabo01,Bob Weiland,1928-1940
weilaed01,Ed Weiland,1940-1942
weilaky01,Kyle Weiland,2011-2012
weilmca01,Carl Weilman,1912-1920
weimeja01,Jake Weimer,1903-1909
weinele01,Lefty Weinert,1919-1931
weingel01,Elmer Weingartner,1945-1945
weinhro01,Robbie Weinhardt,2010-2011
weintph01,Phil Weintraub,1933-1945
weirro01,Bill Weir,1936-1939
weisal01,Al Weis,1962-1971
weisbu01,Butch Weis,1922-1925
weisebu01,Bud Weiser,1915-1916
weissga01,Gary Weiss,1980-1981
weissgr01,Greg Weissert,2022-2025
weissjo01,Joe Weiss,1915-1915
weisswa01,Walt Weiss,1987-2000
weissza01,Zack Weiss,2018-2023
welajjo01,Johnny Welaj,1939-1943
welchbo01,Bob Welch,1978-1994
welchcu01,Curt Welch,1884-1893
welchdo01,Don Welchel,1982-1983
welchfr01,Frank Welch,1919-1927
welchha01,Harry Welchonce,1911-1911
welchhe01,Herb Welch,1925-1925
welchjo01,Johnny Welch,1926-1936
welchmi01,Mickey Welch,1880-1892
welchmi02,Milt Welch,1945-1945
welchmi03,Mike Welch,1998-1998
welchte01,Ted Welch,1914-1914
welchtu01,Tub Welch,1890-1895
welchwi01,Winfield Welch,1941-1941
weldami01,Mike Welday,1907-1909
welfol01,Ollie Welf,1916-1916
welkeco01,Colton Welker,2021-2021
welkedu01,Duke Welker,2013-2013
welleto01,Todd Wellemeyer,2003-2010
wellmbo01,Bob Wellman,1948-1950
wellmbr01,Brad Wellman,1982-1989
wellsal01,Alex Wells,2021-2022
wellsau01,Austin Wells,2023-2025
wellsbo01,Bob Wells,1994-2002
wellsca01,Casper Wells,2010-2013
wellsda01,David Wells,1987-2007
wellsed01,Ed Wells,1923-1934
wellsgr01,Greg Wells,1981-1982
wellsja01,Jake Wells,1888-1890
wellsja02,Jared Wells,2008-2008
wellsjo01,John Wells,1944-1944
wellski01,Kip Wells,1999-2012
wellsle01,Leo Wells,1942-1946
wellsra01,Randy Wells,2008-2012
wellste01,Terry Wells,1990-1990
wellsty01,Tyler Wells,2021-2024
wellsve01,Vernon Wells,1999-2013
wellswi01,Willie Wells,1944-1948
wellswi99,Willie Wells,1924-1948
welmaro01,Roy Welmaker,1932-1945
welshch01,Chris Welsh,1981-1986
welshji01,Jimmy Welsh,1925-1930
weltedi01,Dick Welteroth,1948-1950
welzeto01,Tony Welzer,1926-1927
wendejb01,J.B. Wendelken,2016-2022
wendele01,Lew Wendell,1915-1926
wendetu01,Turk Wendell,1993-2004
wendljo01,Joey Wendle,2016-2024
wendzda01,Davis Wendzel,2024-2024
wengedo01,Don Wengert,1995-2001
wenslbu01,Charles Wensloff,1943-1948
wentzja01,Jack Wentz,1891-1891
wentzjo01,Joey Wentz,2022-2025
wentzst01,Stan Wentzel,1945-1945
wenzfr01,Fred Wenz,1968-1970
weraju01,Julie Wera,1927-1929
werbebi01,Billy Werber,1930-1942
werdepe01,Perry Werden,1884-1897
werhajo01,Johnny Werhas,1964-1967
werlebi01,Bill Werle,1949-1954
werlege01,George Werley,1956-1956
wernean01,Andrew Werner,2012-2012
wernedo01,Don Werner,1975-1982
werrijo01,Joe Werrick,1884-1888
wertdo01,Don Wert,1963-1971
werthde01,Dennis Werth,1979-1982
werthja01,Jayson Werth,2002-2017
wertsjo01,Johnny Werts,1926-1929
wertzbi01,Bill Wertz,1993-1994
wertzde01,Dwight Wertz,1914-1914
wertzvi01,Vic Wertz,1947-1963
weslech01,Charles Wesley,1921-1939
wesleed01,Edgar Wesley,1920-1927
wesneha01,Hayden Wesneski,2022-2025
wessiji01,Jim Wessinger,1979-1979
wessoba01,Barry Wesson,2002-2003
west04,West,1930-1930
westbi01,Billy West,1874-1876
westbja01,Jake Westbrook,2000-2013
westbja02,Jamie Westbrook,2024-2024
westbjo01,Jordan Westburg,2023-2025
westbu01,Buck West,1884-1890
westda01,David West,1988-1998
westdi01,Dick West,1938-1943
westehu01,Huyler Westervelt,1894-1894
westeos01,Oscar Westerberg,1907-1907
westfr01,Frank West,1894-1894
westhi01,Hi West,1905-1911
westji01,Jim West,1930-1948
westle01,Weldon West,1944-1945
westlji01,Jim Westlake,1955-1955
westlwa01,Wally Westlake,1947-1956
westma01,Max West,1928-1929
westma02,Max West,1938-1948
westma03,Matt West,2014-2015
westoal01,Al Weston,1929-1929
westol01,Ollie West,1942-1945
westomi01,Mickey Weston,1989-1993
westrwe01,Wes Westrum,1947-1957
westsa01,Sam West,1927-1942
westse01,Sean West,2009-2010
wetheje01,Jeff Wetherby,1989-1989
wettejo01,John Wetteland,1989-2000
wetzebu01,Buzz Wetzel,1927-1927
wetzedu01,Dutch Wetzel,1920-1921
wetzesh01,George Wetzell,1885-1885
weverst01,Stefan Wever,1982-1982
weyhigu01,Gus Weyhing,1887-1901
weyhijo01,John Weyhing,1888-1889
whalebi01,Bill Whaley,1923-1923
whalero01,Rob Whalen,2016-2018
whalibe01,Bert Whaling,1913-1915
whatlda01,David Whatley,1937-1944
wheatch01,Charlie Wheatley,1912-1912
wheatle01,Lee Wheat,1954-1955
wheatma01,Mack Wheat,1915-1921
wheatwo01,Woody Wheaton,1943-1944
wheatza01,Zack Wheat,1909-1927
wheelbo01,Bobby Wheelock,1887-1891
wheelda01,Dan Wheeler,1999-2012
wheeldi01,Dick Wheeler,1918-1918
wheeldo01,Don Wheeler,1949-1949
wheeled01,Ed Wheeler,1902-1902
wheeled02,Ed Wheeler,1945-1945
wheelga01,Gary Wheelock,1976-1980
wheelge01,George Wheeler,1896-1899
wheelge02,George Wheeler,1910-1910
wheelha01,Harry Wheeler,1878-1884
wheelja01,Jason Wheeler,2017-2017
wheeljo01,Joe Wheeler,1923-1925
wheelri01,Rip Wheeler,1921-1924
wheelry01,Ryan Wheeler,2012-2014
wheelsa01,Sam Wheeler,1948-1948
wheelza01,Zack Wheeler,2013-2025
wheelze01,Zelous Wheeler,2014-2014
whelaji01,Jimmy Whelan,1913-1913
whelake01,Kevin Whelan,2011-2014
whelato01,Tom Whelan,1920-1920
whillja01,Jack Whillock,1971-1971
whisela01,Larry Whisenton,1977-1982
whisema01,Matt Whisenant,1997-2000
whisepe01,Pete Whisenant,1952-1961
whislwe01,Wes Whisler,2009-2009
whistle01,Lew Whistler,1890-1893
whitalo01,Lou Whitaker,1977-1995
whitapa01,Pat Whitaker,1888-1889
whitast01,Steve Whitaker,1966-1970
whitbbi01,Bill Whitby,1964-1964
whitcbo01,Bob Whitcher,1945-1945
whitcsh01,Shay Whitcomb,2024-2024
whiteaa01,Aaron Whitefield,2020-2022
whiteab01,Abe White,1937-1937
whiteal01,Alex White,2011-2012
whitear01,Arthur White,1934-1934
whiteba01,Barney White,1945-1945
whitebi01,Bill White,1879-1879
whitebi02,Bill White,1883-1888
whitebi03,Bill White,1956-1969
whitebi04,Bill White,2007-2008
whitebr01,Brendan White,2023-2023
whitebu01,Burgess Whitehead,1933-1946
whitebu02,Butler White,1920-1920
whitech01,Charlie Whitehouse,1914-1919
whitech02,Charlie White,1954-1955
whitech03,Chaney White,1923-1936
whitecl01,Clarence White,1928-1940
whitede01,Deacon White,1871-1890
whitede02,Deke White,1895-1895
whitede03,Devon White,1985-2001
whitede04,Derrick White,1993-1998
whitedo01,Doc White,1901-1913
whitedo02,Don White,1948-1949
whiteea01,Earl Whitehill,1923-1939
whiteed01,Ed White,1955-1955
whiteed02,Ed Whited,1989-1989
whiteed03,Eddie White,1944-1944
whiteel01,Elmer White,1871-1871
whiteel02,Elder White,1962-1962
whiteel03,Eli Whiteside,2005-2014
whiteel04,Eli White,2020-2025
whiteer01,Ernie White,1940-1948
whiteeu01,Eugene White,1935-1935
whiteev01,Evan White,2020-2021
whitefr01,Frank White,1973-1990
whitefu01,Fuzz White,1940-1947
whitega01,Gabe White,1994-2005
whitege01,George Whiteman,1907-1918
whitege02,George White,1938-1938
whitegi01,Gil Whitehouse,1912-1915
whitegu01,Guerdon Whiteley,1884-1885
whiteha01,Hal White,1941-1954
whiteja01,Jack White,1904-1904
whiteja02,Jack White,1927-1928
whiteja03,James White,1922-1922
whiteje01,Jerry White,1974-1986
whitejo01,Jo-Jo White,1932-1944
whitejo02,John Whitehead,1935-1942
whitejo03,Josh Whitesell,2008-2009
whiteki01,Kirby White,1909-1911
whitela01,Larry White,1983-1984
whitela02,Ladd White,1947-1948
whitele01,Len Whitehouse,1981-1985
whitema01,Mark Whiten,1990-2000
whitema02,Matt Whiteside,1992-2005
whitema03,Matt White,2003-2005
whitemi01,Milt Whitehead,1884-1884
whitemi02,Mike White,1963-1965
whitemi03,Mitch White,2020-2024
whitemy01,Myron White,1978-1978
whiteow01,Owen White,2023-2024
whiteri01,Rick White,1994-2007
whitero01,Roy White,1965-1979
whitero02,Rondell White,1993-2007
whitero03,Robert White,1923-1923
whitesa01,Sam White,1919-1919
whitesa02,Sammy White,1951-1962
whitese01,Sean Whiteside,1995-1995
whitese02,Sean White,2007-2010
whitesh01,Shannon Withem,1998-1998
whitest01,Steve White,1912-1912
whitest02,Steve White,1925-1925
whitety01,Tyler White,2016-2019
whitewa01,Warren White,1871-1884
whitewa02,Wally Whitehurst,1989-1996
whitewi01,Will White,1877-1886
whitffr01,Fred Whitfield,1962-1970
whitfte01,Terry Whitfield,1974-1986
whitied01,Ed Whiting,1882-1884
whitije01,Jesse Whiting,1902-1907
whitl02,Whitlock,1926-1926
whitlch01,Chase Whitley,2014-2018
whitlfo01,Forrest Whitley,2024-2024
whitlga01,Garrett Whitlock,2021-2025
whitlko01,Kodi Whitley,2020-2022
whitmda01,Dan Whitmer,1980-1981
whitmda02,Darrell Whitmore,1993-1995
whitmdi01,Dick Whitman,1946-1951
whitmfr01,Frank Whitman,1946-1948
whitnar01,Art Whitney,1880-1891
whitnca01,Carl Whitney,1942-1942
whitnfr01,Frank Whitney,1876-1876
whitnji01,Jim Whitney,1881-1890
whitnpi01,Pinky Whitney,1928-1939
whitrbi01,Bill Wittrock,1890-1896
whitsed01,Ed Whitson,1977-1991
whitter01,Ernie Whitt,1976-1991
whittpo01,George Whitted,1912-1922
whittwa01,Walt Whittaker,1916-1916
whitwdi01,Dick Whitworth,1922-1924
wickake01,Kevin Wickander,1989-1996
wickebo01,Bob Wicker,1901-1906
wickeda01,Dave Wickersham,1960-1969
wickefl01,Floyd Wicker,1968-1971
wickeke01,Kemp Wicker,1936-1941
wicklal01,Al Wickland,1913-1919
wickmbo01,Bob Wickman,1992-2007
wickro01,Rowan Wick,2018-2022
wicksel01,Elmer Wicks,1924-1924
wicksjo01,Jordan Wicks,2023-2025
wickwfr01,Frank Wickware,1920-1921
widenta01,Taylor Widener,2020-2022
widgech01,Chris Widger,1995-2006
widmaal01,Al Widmar,1947-1952
widnewi01,Wild Bill Widner,1887-1891
wieante01,Ted Wieand,1958-1960
wieckbr01,Brad Wieck,2018-2021
wiedech01,Charlie Wiedemeyer,1934-1934
wiedeto01,Tom Wiedenbauer,1979-1979
wiedmst01,George Weidman,1880-1888
wieghto01,Tom Wieghaus,1981-1984
wielajo01,Joe Wieland,2012-2016
wiemejo01,Joey Wiemer,2023-2024
wieneja01,Jack Wieneke,1921-1921
wieslbo01,Bob Wiesler,1951-1958
wietema01,Matt Wieters,2009-2020
wietewh01,Whitey Wietelmann,1939-1947
wiggial01,Alan Wiggins,1981-1987
wiggijo01,Joe Wiggins,1930-1934
wiggiru01,Rube Wiggins,1938-1938
wiggisc01,Scott Wiggins,2002-2002
wiggity01,Ty Wigginton,2002-2013
wiggsji01,Jimmy Wiggs,1903-1906
wightbi01,Bill Wight,1946-1958
wiginfr01,Fred Wigington,1923-1923
wihtosa01,Sandy Wihtol,1979-1982
wilbede01,Del Wilber,1946-1954
wilbocl01,Claude Wilborn,1940-1940
wilbote01,Ted Wilborn,1979-1980
wilcomi01,Milt Wilcox,1970-1986
wilesco01,Collin Wiles,2022-2022
wilesra01,Randy Wiles,1977-1977
wiley01,Joseph Wiley,1884-1884
wileydo01,Doc Wiley,1923-1923
wileyfr01,Fred Wiley,1923-1927
wileyjo01,Joe Wiley,1947-1947
wileyma01,Mark Wiley,1975-1978
wilforo01,Rob Wilfong,1977-1987
wilheha01,Harry Wilhelm,1899-1899
wilheho01,Hoyt Wilhelm,1952-1972
wilheji01,Jim Wilhelm,1978-1979
wilheka01,Irvin Wilhelm,1903-1921
wilhesp01,Spider Wilhelm,1953-1953
wilheto01,Tom Wilhelmsen,2011-2017
wilhojo01,Joe Wilhoit,1916-1919
wiliede01,Denney Wilie,1911-1915
wilkad01,Adam Wilk,2011-2017
wilkeaa01,Aaron Wilkerson,2017-2019
wilkebr01,Brad Wilkerson,2001-2008
wilkecu01,Curt Wilkerson,1983-1993
wilkeha01,Harry Wilke,1927-1927
wilkeji01,Jimmy Wilkes,1945-1948
wilkest01,Stevie Wilkerson,2018-2021
wilkian01,Andy Wilkins,2014-2016
wilkibi01,Bill Wilkinson,1985-1988
wilkibo01,Bobby Wilkins,1944-1945
wilkide01,Dean Wilkins,1989-1991
wilkied01,Ed Wilkinson,1911-1911
wilkier01,Eric Wilkins,1979-1979
wilkile01,Aldon Wilkie,1941-1946
wilkima01,Marc Wilkins,1996-2001
wilkiri01,Rick Wilkins,1991-2001
wilkiro01,Roy Wilkinson,1918-1922
wilkste01,Ted Wilks,1944-1953
willaje01,Jerry Willard,1984-1994
willbo01,Bob Will,1957-1963
willeca01,Carl Willey,1958-1965
willeed01,Ed Willett,1906-1915
willepe01,Pete Willett,1923-1928
willhni01,Nick Willhite,1963-1967
willi12,Williams,1927-1927
williac01,Ace Williams,1940-1946
williad01,Adam Williams,1924-1924
willial01,Al Williamson,1928-1928
willial02,Al Williams,1937-1938
willial03,Albert Williams,1980-1984
willial04,Alika Williams,2023-2024
william01,Amos Willingham,2023-2024
willian01,Antone Williamson,1997-1997
willian02,Andy Williams,1934-1934
williar01,Art Williams,1902-1902
williau01,Austen Williams,2018-2019
willibe01,Bernie Williams,1970-1974
willibe02,Bernie Williams,1991-2006
willibe03,Ben Williamson,2025-2025
willibi01,Billy Williams,1959-1976
willibi02,Billy Williams,1969-1969
willibi03,Bill Williams,1928-1928
willibi04,Bill Williams,1939-1945
willibi05,Bill Williams,1941-1941
willibi06,Biggie Williams,1943-1943
willibo01,Bob Williams,1911-1913
willibo02,Bobby Williams,1920-1934
willibo03,Bob Williams,1932-1932
willibr01,Brian Williams,1991-2000
willibr02,Brandon Williamson,2023-2024
willibu01,Bucky Williams,1933-1933
willic02,C. Williams,1938-1938
willica01,Carl Willis,1984-1995
willich01,Charlie Williams,1971-1978
willich02,Charley Williams,1921-1931
willich03,Chester Williams,1930-1942
willicl01,Clarence Williams,1939-1939
willicl02,Clyde Williams,1946-1947
willico01,Cotton Williams,1943-1948
willicu01,Curley Williams,1948-1948
willicy01,Cy Williams,1912-1930
willida01,Dale Williams,1876-1876
willida02,Dave Williams,1902-1902
willida03,Davey Williams,1949-1955
willida04,Dale Willis,1963-1963
willida05,Dallas Williams,1981-1983
willida06,Dana Williams,1989-1989
willida07,David Williams,2001-2007
willide01,Denny Williams,1921-1928
willide02,Dewey Williams,1944-1948
willide03,Devin Williams,2019-2025
willidi01,Dib Williams,1930-1935
willidi02,Dick Williams,1951-1964
willido01,Don Williams,1958-1962
willido02,Don Williams,1963-1963
willido03,Dontrelle Willis,2003-2011
willido04,Dock Williams,1927-1927
williea01,Earl Williams,1928-1928
williea02,Earl Williams,1970-1977
willied01,Eddie Williams,1986-1998
williel01,Elbert Williams,1929-1935
williel02,Elijah Williams,1943-1945
willifr01,Frank Williams,1984-1989
willifr02,Fred Williams,1921-1924
willifr03,Frank Williams,1942-1946
williga01,Gavin Williams,2023-2025
willige01,George Williams,1961-1964
willige02,Gerald Williams,1992-2005
willige03,George Williams,1995-2000
willige04,Gerard Williams,1922-1924
willige05,George Williams,1941-1941
willigl01,Glenn Williams,2005-2005
willigu01,August Williams,1890-1890
willigu02,Gus Williams,1911-1915
williha01,Harry Williams,1913-1914
williha02,Harry Williams,1931-1946
willihe01,Henry Williams,1923-1937
williho01,Howie Williamson,1928-1928
willihu01,Hugh Willingham,1930-1933
willija01,Jackson Williams,2014-2015
willije01,Jerome Williams,2003-2016
willije02,Jeff Williams,1999-2002
willije03,Jesse Williams,1947-1948
willije04,Jesse Williams,1944-1947
williji01,Jimmy Williams,1899-1909
williji02,Jim Willis,1953-1954
williji03,Jimy Williams,1966-1967
williji04,Jim Williams,1969-1970
williji05,Jim Willis,1928-1939
williji06,Jim Williams,1931-1944
willijo01,Joe Willis,1911-1913
willijo02,Johnnie Williams,1914-1914
willijo03,Josh Willingham,2004-2014
willijo04,John Williams,1926-1930
willijo05,Joe Williams,1939-1939
willijo06,Johnny Williams,1943-1948
willijo07,John Williams,1948-1948
willijo99,Joe Williams,1923-1932
williju01,Julius Willigrod,1882-1882
williju02,Justin Williams,2018-2021
willike01,Ken Williams,1915-1929
willike02,Ken Williams,1986-1991
willike03,Keith Williams,1996-1996
williko01,Koney Williams,1948-1948
willil05,L. Williams,1928-1928
willile01,Lefty Williams,1913-1920
willile02,Lefty Willis,1925-1927
willile03,Leon Williams,1926-1926
willile04,Les Willis,1947-1947
willile05,Lefty Williams,1924-1924
willile06,Lefty Williams,1929-1935
willile07,Lemuel Williams,1939-1939
willile08,Leroy Williams,1947-1948
willili01,Willie Williams,1940-1941
willili02,Lincoln Williams,1942-1942
willilo01,Lonnie Williams,1937-1937
willilu01,Luke Williams,2021-2024
willima01,Marsh Williams,1916-1916
willima02,Mark Williams,1977-1977
willima03,Matt Williams,1983-1985
willima04,Matt Williams,1987-2003
willima05,Mark Williamson,1987-1994
willima09,Matt Williams,2000-2000
willima10,Mason Williams,2015-2021
willima11,Mac Williamson,2015-2019
willima12,Marvin Williams,1943-1945
willime01,Melzar Williams,1937-1938
willimi01,Mike Willis,1977-1981
willimi02,Mitch Williams,1986-1997
willimi03,Mike Williams,1992-2003
willimo01,Morris Williams,1920-1921
willimu01,Mutt Williams,1913-1914
willine01,Ed Williamson,1878-1890
willini01,Nick Williams,2017-2021
willini02,Nish Williams,1930-1939
williot01,Otto Williams,1902-1906
willipa01,Fred Williams,1945-1945
williph01,Phil Williams,1932-1932
willipo01,Pop Williams,1898-1903
willipo02,Poindexter Williams,1921-1933
willira01,Randy Williams,2004-2011
willire01,Reggie Williams,1985-1988
willire02,Reggie Williams,1992-1999
willire03,Reggie Willits,2006-2011
williri01,Alva Williams,1911-1918
williri02,Rinaldo Williams,1914-1914
williri03,Rick Williams,1978-1979
williro01,Ron Willis,1966-1970
williro02,Roy Williams,1930-1935
williro03,Roy Williams,1933-1943
willisa01,Samuel Williams,1947-1948
willisc01,Scott Williamson,1999-2007
willish01,Shad Williams,1996-1997
willisi01,Sidney Williams,1945-1946
willist01,Steamboat Williams,1914-1916
willist02,Stan Williams,1958-1972
willist03,String Bean Williams,1923-1925
willita01,Taylor Williams,2017-2021
willite01,Ted Williams,1939-1960
willito01,Tom Williams,1892-1893
willito02,Todd Williams,1995-2007
willito03,Tom Williams,1920-1924
willitr01,Trevor Williams,2016-2025
willivi01,Vic Willis,1898-1910
williw03,W. Williams,1933-1933
williwa01,Wash Williams,1884-1885
williwa02,Walt Williams,1964-1975
williwi02,Wilmore Williams,1943-1943
williwo01,Woody Williams,1938-1945
williwo02,Woody Williams,1993-2007
williwo03,Woody Williams,1937-1940
willocl01,Claude Willoughby,1925-1931
willoji01,Jim Willoughby,1971-1978
wills01,Wills,1884-1884
willsbu01,Bump Wills,1977-1982
willsda01,Dave Wills,1899-1899
willsfr01,Frank Wills,1983-1991
willski01,Frank Willson,1918-1927
willsma01,Maury Wills,1959-1972
willste01,Ted Wills,1959-1965
wilmepa01,Paul Wilmet,1989-1989
wilmoal01,Al Wilmore,1947-1948
wilmowa01,Walt Wilmot,1888-1898
wilshte01,Terry Wilshusen,1973-1973
wilshwh01,Vernon Wilshere,1934-1936
wilso12,Wilson,1943-1943
wilsoal01,Alex Wilson,2013-2019
wilsoal02,Alec Wilson,1939-1939
wilsoan01,Andrew Wilson,1923-1923
wilsoar01,Art Wilson,1908-1921
wilsoar02,Artie Wilson,1944-1951
wilsoar03,Archie Wilson,1951-1952
wilsobe01,Bennie Wilson,1923-1925
wilsobi01,Bill Wilson,1890-1898
wilsobi02,Bill Wilson,1950-1955
wilsobi03,Bill Wilson,1969-1973
wilsobo01,Bob Wilson,1947-1958
wilsobo02,Bobby Wilson,2008-2019
wilsobr01,Brian Wilson,2006-2014
wilsobr02,Bryse Wilson,2018-2025
wilsoch01,Owen Wilson,1908-1916
wilsoch02,Charlie Wilson,1931-1935
wilsoch03,Charley Wilson,1920-1926
wilsoch04,Chuck Wilson,1948-1948
wilsocj01,C.J. Wilson,2005-2015
wilsoco01,Cody Wilson,2021-2021
wilsocr01,Craig Wilson,1989-1993
wilsocr02,Craig Wilson,1998-2000
wilsocr03,Craig Wilson,2001-2007
wilsoda01,Dan Wilson,1992-2005
wilsoda02,Dan Wilson,1936-1947
wilsode01,Desi Wilson,1996-1996
wilsodo01,Don Wilson,1966-1974
wilsodu01,Duane Wilson,1958-1958
wilsoea01,Earl Wilson,1959-1970
wilsoed01,Eddie Wilson,1936-1937
wilsoel01,Elmer Wilson,1925-1926
wilsoem01,Emmett Wilson,1937-1943
wilsoen01,Enrique Wilson,1997-2005
wilsoer01,Erkie Wilson,1940-1940
wilsofe01,Felton Wilson,1932-1937
wilsofi01,Fin Wilson,1914-1915
wilsofr01,Frank Wilson,1924-1928
wilsofr02,Fred Wilson,1939-1945
wilsoga01,Gary Wilson,1902-1902
wilsoga02,Gary Wilson,1979-1979
wilsoga03,Gary Wilson,1995-1995
wilsoge01,George Wilson,1952-1956
wilsogl01,Glenn Wilson,1982-1993
wilsogr01,Grady Wilson,1948-1948
wilsoha01,Hack Wilson,1923-1934
wilsohe01,Harry Wilson,1898-1898
wilsohi01,Howard Wilson,1899-1904
wilsohu01,Hubert Wilson,1928-1929
wilsoic01,Icehouse Wilson,1934-1934
wilsoj11,J. Wilson,1921-1921
wilsoja01,Jack Wilson,1934-1942
wilsoja02,Jack Wilson,2001-2012
wilsoja03,James Wilson,1947-1947
wilsoja04,Jacob Wilson,2021-2021
wilsoja05,Jacob Wilson,2024-2025
wilsoji01,Jimmie Wilson,1923-1940
wilsoji02,Jim Wilson,1945-1958
wilsoji03,Jim Wilson,1985-1989
wilsoji04,Jimmy Wilson,1940-1941
wilsojo01,John Wilson,1913-1913
wilsojo02,John Wilson,1927-1928
wilsojo03,Josh Wilson,2005-2015
wilsoju10,Justin Wilson,2012-2025
wilsoju99,Jud Wilson,1923-1945
wilsokr01,Kris Wilson,2000-2006
wilsole01,Les Wilson,1911-1911
wilsole02,Lefty Wilson,1936-1940
wilsoma01,Max Wilson,1940-1946
wilsoma02,Marcus Wilson,2022-2022
wilsomi01,Mike Wilson,1921-1921
wilsomi02,Mike Wilson,2011-2011
wilsomo01,Mookie Wilson,1980-1991
wilsomu01,Mutt Wilson,1920-1920
wilsone01,Neil Wilson,1960-1960
wilsoni01,Nigel Wilson,1993-1996
wilsopa01,Parke Wilson,1893-1899
wilsopa02,Paul Wilson,1996-2005
wilsope01,Pete Wilson,1908-1909
wilsope02,Percy Wilson,1923-1924
wilsopr01,Preston Wilson,1998-2007
wilsore01,Red Wilson,1951-1960
wilsoro01,Roy Wilson,1928-1928
wilsosq01,George Wilson,1911-1914
wilsost01,Steve Wilson,1988-1993
wilsost02,Steven Wilson,2022-2025
wilsota01,Tack Wilson,1983-1987
wilsote01,Tex Wilson,1924-1924
wilsoto01,Tom Wilson,1914-1914
wilsoto02,Tom Wilson,2001-2004
wilsoto03,Tommy Wilson,1948-1948
wilsotr01,Trevor Wilson,1988-1998
wilsotu01,Tug Wilson,1884-1884
wilsoty01,Tyler Wilson,2015-2017
wilsova01,Vance Wilson,1999-2006
wilsowa01,Walter Wilson,1945-1945
wilsowe01,Weston Wilson,2023-2024
wilsowi01,Willy Wilson,1906-1906
wilsowi02,Willie Wilson,1976-1994
wilsoze01,Zeke Wilson,1895-1899
wiltsha01,Hal Wiltse,1926-1931
wiltsho01,Hooks Wiltse,1904-1915
wiltssn01,Lewis Wiltse,1901-1903
wimmeal01,Alex Wimmers,2016-2017
winanal01,Allan Winans,2023-2024
winceed01,Ed Winceniak,1956-1957
winchfr01,Fred Winchell,1909-1909
winchsc01,Scott Winchester,1997-2001
winckjo01,Josh Winckowski,2022-2025
windejo01,Josh Winder,2022-2024
windhgo01,Gordie Windhorn,1959-1962
windlbi01,Bill Windle,1928-1929
windsja01,Jason Windsor,2006-2006
wineaed01,Ed Wineapple,1929-1929
winebo01,Bobby Wine,1960-1972
winegra01,Ralph Winegarner,1930-1949
winero01,Robbie Wine,1986-1987
winfida01,Dave Winfield,1973-1995
winfoji01,Jim Winford,1932-1938
wingaer01,Ernie Wingard,1924-1927
wingetr01,Trey Wingenter,2018-2024
wingfda01,David Wingfield,1920-1923
wingfte01,Ted Wingfield,1923-1927
wingoal01,Al Wingo,1919-1928
wingodo01,Doc Wingo,1944-1944
wingoed01,Ed Wingo,1920-1920
wingoiv01,Ivey Wingo,1911-1929
winhala01,Lave Winham,1902-1903
winkege01,George Winkelman,1886-1886
winkeje01,Jesse Winker,2017-2025
winkejo01,Joe Winkelsas,1999-2006
winklda01,Dan Winkler,2015-2021
winklge01,George Winkleman,1883-1883
winnco01,Cole Winn,2024-2024
winnge01,George Winn,1919-1923
winnihe01,Herm Winningham,1984-1992
winnji01,Jim Winn,1983-1988
winnke01,Keaton Winn,2023-2024
winnma01,Masyn Winn,2023-2025
winnra01,Randy Winn,1998-2010
winseto01,Tom Winsett,1930-1938
winstbo01,Bobby Winston,1920-1921
winstda01,Darrin Winston,1997-1998
winstha01,Hank Winston,1933-1936
winstja01,James Winston,1931-1932
wintecl01,Clarence Winters,1924-1924
wintege01,George Winter,1901-1908
winteje01,Jesse Winters,1919-1923
wintema01,Matt Winters,1989-1989
winteni01,Nip Winters,1923-1932
wirthal01,Alan Wirth,1978-1980
wirtske01,Kettle Wirts,1921-1924
wisdopa01,Patrick Wisdom,2018-2024
wisear01,Archie Wise,1932-1932
wisebi01,Bill Wise,1882-1886
wiseca01,Casey Wise,1957-1960
wisede01,Dewayne Wise,2000-2013
wisehu01,Hughie Wise,1930-1930
wiselbr01,Brett Wisely,2023-2024
wisema01,Matt Wise,2000-2008
wiseni01,Nick Wise,1888-1888
wiseri01,Rick Wise,1964-1982
wisero01,Roy Wise,1944-1944
wisesa01,Sam Wise,1881-1893
wislema01,Matt Wisler,2015-2022
wisneja01,Jack Wisner,1919-1926
wisneph01,Phil Wisner,1895-1895
wissmda01,Dave Wissman,1964-1964
wistete01,Tex Wisterzil,1914-1915
wistewh01,Whitey Wistert,1934-1934
witasja01,Jay Witasick,1996-2007
witekmi01,Mickey Witek,1940-1949
withech01,Charles Witherow,1875-1875
withele01,Les Witherspoon,1948-1948
withero01,Roy Witherup,1906-1909
withrch01,Chris Withrow,2013-2016
withrco01,Corky Withrow,1963-1963
withrfr01,Frank Withrow,1920-1922
witmero01,Ron Witmeyer,1991-1991
wittbo01,Bobby Witt,1986-2001
wittbo02,Bobby Witt Jr.,2022-2025
witteje01,Jerry Witte,1946-1947
wittge01,Red Witt,1957-1962
wittgni01,Nick Wittgren,2016-2023
wittijo01,Johnnie Wittig,1938-1949
wittke01,Kevin Witt,1998-2006
wittmi01,Mike Witt,1981-1993
wittwh01,Whitey Witt,1916-1926
wockejo01,John Wockenfuss,1974-1985
woehran01,Andy Woehr,1923-1924
woerljo01,Oscar Woehrlin,1895-1895
wohlema01,Mark Wohlers,1991-2002
wohlfji01,Jim Wohlford,1972-1986
wojcias01,Asher Wojciechowski,2015-2021
wojcijo01,John Wojcik,1962-1964
wojcist01,Steve Wojciechowski,1995-1997
wojeype01,Pete Wojey,1954-1957
wojnaed01,Ed Wojna,1985-1989
wolcobo01,Bob Wolcott,1995-1999
wolfeba01,Barney Wolfe,1903-1906
wolfebi01,Bill Wolff,1902-1902
wolfebr01,Brian Wolfe,2007-2009
wolfech01,Chuck Wolfe,1923-1923
wolfeed01,Ed Wolfe,1952-1952
wolfeha01,Harry Wolfe,1917-1917
wolfela01,Larry Wolfe,1977-1980
wolfepo01,Polly Wolfe,1912-1914
wolfer01,Ernie Wolf,1912-1912
wolffro01,Roger Wolff,1941-1947
wolfgme01,Mellie Wolfgang,1914-1918
wolfja01,Jackson Wolf,2023-2023
wolfji01,Chicken Wolf,1882-1892
wolfle01,Walter Wolf,1921-1921
wolfra01,Ray Wolf,1927-1927
wolfra02,Randy Wolf,1999-2015
wolfro01,Ross Wolf,2007-2013
wolfwa01,Wally Wolf,1969-1970
wolstab01,Abe Wolstenholme,1883-1883
wolteha01,Harry Wolter,1907-1917
woltery01,Rynie Wolters,1871-1873
wolteto01,Tony Wolters,2016-2022
wolveha01,Harry Wolverton,1898-1912
womacdo01,Dooley Womack,1966-1970
womacge01,George Womack,1924-1924
womacja01,James Womack,1928-1933
womacsi01,Sid Womack,1926-1926
womacto01,Tony Womack,1993-2006
wongco01,Connor Wong,2021-2025
wongja01,Jake Wong,2023-2023
wongke01,Kean Wong,2019-2021
wongko01,Kolten Wong,2013-2023
woobr01,Bryan Woo,2023-2025
wood01,Wood,1874-1874
woodabr01,Brad Woodall,1994-1999
woodada01,Darrell Woodard,1978-1978
woodal02,Alex Wood,2013-2024
woodala01,Larry Woodall,1920-1929
woodami01,Mike Woodard,1985-1988
woodast01,Steve Woodard,1997-2003
woodbge01,Gene Woodburn,1911-1912
woodbl01,Blake Wood,2010-2018
woodbo01,Bob Wood,1898-1905
woodbr01,Brandon Wood,2007-2011
woodcfr01,Fred Woodcock,1892-1892
wooddo01,Doc Wood,1923-1923
woodege01,George Woodend,1944-1944
woodeha01,Hal Woodeshick,1956-1967
woodfja01,Jake Woodford,2020-2024
woodfr01,Fred Wood,1884-1885
woodge01,George Wood,1880-1892
woodha01,Harry Wood,1903-1903
woodhre01,Red Woodhead,1873-1879
woodhu01,Hunter Wood,2017-2021
woodja01,Jake Wood,1961-1967
woodja02,Jason Wood,1998-2008
woodja03,James Wood,2024-2025
woodji01,Jimmy Wood,1871-1873
woodjo01,John Wood,1896-1896
woodjo02,Smoky Joe Wood,1908-1922
woodjo03,Joe Wood,1943-1943
woodjo04,Joe Wood,1944-1944
woodke01,Ken Wood,1948-1953
woodke02,Kerry Wood,1998-2012
woodlge01,Gene Woodling,1943-1962
woodmda01,Dan Woodman,1914-1915
woodmi01,Mike Wood,2003-2007
woodpe01,Pete Wood,1885-1889
woodrbr01,Brandon Woodruff,2017-2023
woodro01,Roy Wood,1913-1915
woodrpe01,Pete Woodruff,1899-1899
woodrsa01,Sam Woodruff,1904-1910
woodsal01,Al Woods,1977-1986
woodscl01,Clarence Woods,1914-1914
woodsdi01,Dick Woodson,1969-1974
woodsga01,Gary Woods,1976-1985
woodsja01,Jake Woods,2005-2008
woodsji01,Jim Woods,1957-1961
woodsjo01,John Woods,1924-1924
woodske01,Kerry Woodson,1992-1992
woodsp01,Spades Wood,1930-1931
woodspa01,Parnell Woods,1937-1945
woodspi01,Pinky Woods,1943-1945
woodsro01,Ron Woods,1969-1974
woodssa01,Sam Woods,1946-1948
woodssi01,Simeon Woods Richardson,2022-2025
woodsto01,Tommy Woods,1945-1945
woodstr01,Tracy Woodson,1987-1993
woodswa01,Walt Woods,1898-1900
woodswi01,Willie Woods,1921-1926
woodswi02,William Woods,2022-2022
woodte01,Ted Wood,1991-1993
woodti01,Tim Wood,2009-2011
woodtr01,Travis Wood,2010-2017
woodwbo01,Rob Woodward,1985-1988
woodwch01,Chris Woodward,1999-2011
woodwfr01,Frank Woodward,1918-1923
woodwi01,Wilbur Wood,1961-1978
woodwwo01,Woody Woodward,1963-1971
woodyma01,Mark Woodyard,2005-2005
wooldfl01,Floyd Wooldridge,1955-1955
woolfle01,Lewis Woolfolk,1923-1923
woolred01,Eddie Woolridge,1926-1926
wooteju01,Junior Wooten,1947-1948
wootero01,Rob Wooten,2013-2015
wootesh01,Shawn Wooten,2000-2005
wordefr01,Fred Worden,1914-1914
wordsfa01,Favel Wordsworth,1873-1873
workmbr01,Brandon Workman,2013-2021
workmch01,Chuck Workman,1938-1946
workmga01,Gage Workman,2025-2025
workmha01,Hank Workman,1950-1950
workmho01,Hoge Workman,1924-1924
worksra01,Ralph Works,1909-1913
worleva01,Vance Worley,2010-2017
worrema01,Mark Worrell,2008-2011
worreti01,Tim Worrell,1993-2006
worreto01,Todd Worrell,1985-1997
worthal01,Al Worthington,1953-1969
worthcr01,Craig Worthington,1988-1996
worthda01,Danny Worth,2010-2016
worthhe01,Herb Worth,1872-1872
worthre01,Red Worthington,1931-1934
worthri01,Rich Wortham,1978-1983
wortmch01,Chuck Wortman,1916-1918
wothema01,Matt Wotherspoon,2019-2019
wotusro01,Ron Wotus,1983-1984
wouldch01,Charlie Wouldridge,1928-1928
woulfji01,Jimmy Woulfe,1884-1884
wrigh05,Wright,1921-1921
wrigh06,Wright,1937-1937
wrighab01,Ab Wright,1935-1944
wrighal01,Al Wright,1933-1933
wrighbi01,Hiram Wright,1887-1887
wrighbo01,Bob Wright,1915-1915
wrighbr01,Bruce Wright,1943-1946
wrighbr02,Bricktop Wright,1943-1943
wrighch01,Chase Wright,2007-2007
wrighcl01,Clyde Wright,1966-1975
wrighcy01,Ceylon Wright,1916-1916
wrighda01,Dave Wright,1895-1897
wrighda02,Dan Wright,2001-2004
wrighda03,David Wright,2004-2018
wrighda04,Daniel Wright,2016-2017
wrighdi01,Dick Wright,1915-1915
wrighed01,Ed Wright,1945-1952
wrighge01,George Wright,1871-1882
wrighge02,Gene Wright,1901-1904
wrighge03,George Wright,1982-1986
wrighgl01,Glenn Wright,1924-1935
wrighha01,Harry Wright,1871-1877
wrighhe01,Henry Wright,1930-1935
wrighja01,Jamey Wright,1996-2014
wrighja02,Jaret Wright,1997-2007
wrighji01,Jim Wright,1927-1928
wrighji02,Jim Wright,1978-1979
wrighji03,Jim Wright,1981-1982
wrighjo01,Joe Wright,1895-1896
wrighjo02,Johnny Wright,1937-1947
wrighke01,Ken Wright,1970-1974
wrighky01,Kyle Wright,2018-2023
wrighlu01,Lucky Wright,1909-1909
wrighme01,Mel Wright,1954-1961
wrighmi01,Mike Wright Jr.,2015-2021
wrighmo01,Morgan Wright,1926-1926
wrighpa01,Pat Wright,1890-1890
wrighra01,Rasty Wright,1890-1890
wrighra02,Rasty Wright,1917-1923
wrighre01,Red Wright,1948-1948
wrighri01,Ricky Wright,1982-1986
wrighro01,Roy Wright,1956-1956
wrighro02,Ron Wright,2002-2002
wrighru01,Russ Wrightstone,1920-1928
wrighsa01,Sam Wright,1875-1881
wrighst01,Steven Wright,2013-2019
wrighta01,Taffy Wright,1938-1949
wrighto01,Tom Wright,1948-1956
wrighwe01,Wesley Wright,2008-2015
wrighwi01,Wild Bill Wright,1932-1945
wrighzo01,Zollie Wright,1932-1941
wriglze01,Zeke Wrigley,1896-1899
wroblju01,Justin Wrobleski,2024-2025
wronari01,Rick Wrona,1988-1994
wuertmi01,Michael Wuertz,2004-2011
wuestya01,Yats Wuestling,1929-1930
wunscke01,Kelly Wunsch,2000-2005
wurmfr01,Frank Wurm,1944-1944
wyattjo01,Joe Wyatt,1924-1924
wyattjo02,John Wyatt,1961-1969
wyattra01,Ralph Wyatt,1941-1946
wyattwh01,Whit Wyatt,1929-1945
wyattwi01,Willie Wyatt,1929-1929
wyckowe01,Weldon Wyckoff,1913-1918
wyliere01,Ren Wylie,1882-1882
wyliest01,Steve Wylie,1944-1947
wymanfr01,Willis Wyman,1884-1884
wynegbu01,Butch Wynegar,1976-1988
wynnea01,Early Wynn,1939-1963
wynnebi01,Will Wynne,1894-1894
wynnebi02,Billy Wynne,1967-1971
wynnema01,Marvell Wynne,1983-1990
wynnera01,Randy Wynne,2023-2023
wynnji01,Jim Wynn,1963-1977
wynnsau01,Austin Wynns,2018-2025
wynnwi01,Willie Wynn,1944-1948
wyrosjo01,Johnny Wyrostek,1942-1954
wyseha01,Hank Wyse,1942-1951
wysonbi01,Biff Wysong,1930-1932
